:020000040000fa
:020000041fc01b
:04ffc000ffffffff41
:020000040000fa
:020000041fc01b
:04ffc4003894f9ff75
:020000040000fa
:020000041fc01b
:04ffc80039fc745f2d
:020000040000fa
:020000041fc01b
:04ffcc00dbf7ffff61
:020000040000fa
:020000041fc01b
:04ffdc00ffffffff25
:020000040000fa
:020000041fc01b
:04fff000ffff00000f
:020000040000fa
:020000041fc01b
:100000000300001000000000f0f3060000000000f4
:100010000600f00f0000000000601a40c0045a7f84
:100020000500401300000000049d1a3cd8455a27e3
:10003000080040030000000008801d3cf8ffbd27b9
:1000400000801c3cf07f9c27026009402058200162
:1000500007000a248449497d02608940c0000000ed
:1000600000e0dc41ffff4a25faff401500000000d8
:1000700002608b40c0000000049d083c544b0825e2
:1000800009f8000100000000049d083cb49f082509
:1000900009f8000100000000c0bf083c74050825f5
:1000a00009f8000100000000049d083ca40d08258b
:1000b00009f800010000000081bf093c00000a3c73
:1000c000a0024a25e0072aad0000093c00002925ce
:1000d000010020110000000000488040ffff0a24ba
:1000e00000588a404000083c00600a4025500a0140
:1000f00000608a40009d093c00002925c0000000e6
:10010000017889400000093c0100292500000a24eb
:1001100044492a7d01608a408000093c006889408a
:10012000008008408005097d404c090000600840bf
:100130005800013c2440010100010a3c25404801cf
:1001400000240a3c254048012540280100608840e1
:1001500000010a3c00f8ca44c0000000049d083cad
:100160005c4b082509f80001000000000060084011
:10017000bfff013cffff21342440010100608840a3
:10018000000084300000a530049d083ce4210825cf
:0801900008000001000000005e
:020000040000fa
:020000041fc01b
:10038000049d1a3ce4465a27080040030000000080
:020000040000fa
:020000041fc01b
:1004b0000080094000000a2400000b2400000d24e5
:1004c00000000e240080013c2440210101800940ed
:1004d0002500001100000000000000003800013c71
:1004e00024402101c24408000f0000110000000058
:1004f000010008250700013c2460210102640c0072
:1005000001008c252550800101000b2404580b01ab
:1005100004500a01c001013c244021018245080029
:100520000600082504500a01001c283182420800f8
:100530000d000011000000000100082580032f318c
:10054000c2790f000100ef252568e00101000e24ab
:1005500004700e0104680d0100e0283142430800d8
:100560000600082504680d010800e00300000000f3
:1005700000000000008008400700092424482801ea
:1005800002002939050020110000000000000000d1
:100590000800e00300000000000000002518e00350
:1005a000c3ff11040000000000600840feff0924a2
:1005b000244828010400293500608940c00000005b
:1005c00000d0804000e08040c0000000009d043c5e
:1005d0000000842401008014009d043c04004011ac
:1005e00021288a0021208b00feff8514fcff88bc97
:1005f0000080043c00008424010080140080043c3e
:100600000400a01121288d0021208e00feff8514fa
:10061000fcff89bc0f0000000080013c48002aacb0
:100620000080013c54002dac0080013c4c002bac00
:100630000080013c58002eac0080013c50002cace6
:100640000080013c5c002fac00608840c0000000ce
:1006500000800940070029350700293903002935a2
:1006600000808940c000000025f860000800e00319
:08067000000000000000000082
:020000040000fa
:020000041d00dd
:10000000049d1a3c20935a2708004003000000007a
:020000040000fa
:020000041d00dd
:10010000049d1a3c48925a27080040030000000052
:020000040000fa
:020000041d00dd
:10018000049d1a3c5c8c5a270800400300000000c4
:020000040000fa
:020000041d00dd
:10020000f5c8400b000000001dbe400b00000000c0
:1002100091be400b0000000005bf400b0000000035
:1002200079bf400b00000000edbf400b0000000054
:1002300061c0400b00000000d5c0400b0000000072
:1002400049c1400b00000000bdc1400b0000000090
:1002500031c2400b00000000a5c2400b00000000ae
:1002600019c3400b000000008dc3400b00000000cc
:1002700001c4400b0000000075c4400b00000000ea
:10028000e9c4400b000000005dc5400b0000000009
:10029000d1c5400b0000000045c6400b0000000027
:1002a0000000023c00004224070040100000023c15
:1002b0000000422405004050049d023c3f000070b5
:1002c0000800e00300000000049d023c042f4224cb
:1002d00003004014000000000800e00300000000dc
:0802e00009f8400000000000d5
:020000040000fa
:020000041fc01b
:10067800000000d01f00c0001f00c400000000d20e
:100688001f00c8001f00cc00000000f01700c000c9
:100698001700c400000000f21700c8001700cc00c3
:1006a800000000c01f0080001f008400000000c27e
:1006b8001f0088001f008c00000000e01700800069
:1006c80017008400000000e21700880017008c0063
:020000040000fa
:020000041fc01b
:1004800000f89b40c0000000049d1b3c042f7b270c
:10049000020060130000000000c09b4000f81b40f9
:0c04a000c00000001f000042000000002f
:020000040000fa
:020000041d00dd
:1002e80048a90780a00000000000000024a707809c
:1002f8003401000000000000e0aa00805000000067
:100308000100000024e6039d5038049d2ca1039da4
:100318005435049de820049d044a049d382e049d0c
:1003280084f1019da0cd019d3c25029d7822029d6e
:10033800388b029dc81c049d201d049de831019d39
:1003480000000000cc84029dfc49049d0c4a049dd9
:100358003827039d58a80780f0000000000000001f
:10036800c4a507806001000000000000504300a001
:100378000a000000000000005cac07804400000098
:10038800000000006c000080020000000000000077
:1003980060aa07806c000000000000007000008068
:1003a8000c00000000000000bcb10080100000003c
:1003b8000100000074b300808152000000000000ba
:1003c8000000000074b300808152000000000000ab
:1003d8008000008008000000000000003c4700a0ea
:1003e80010000000000000008800008001000000ec
:1003f800000000008c0000800800000000000000e1
:10040800ccb100801000000001000000f805018058
:10041800815200000000000000000000f805018083
:1004280081520000000000009800008008000000d1
:10043800000000004c4700a0100000000000000071
:10044800a00000800100000000000000a40000805f
:100458000800000000000000dcb10080100000006f
:10046800010000007c58018081520000000000005b
:10047800000000007c58018081520000000000004c
:10048800b000008008000000000000005c4700a0e9
:100498001000000000000000b8000080010000000b
:1004a80000000000bc000080080000000000000000
:1004b800ecb10080100000000100000000ab0180da
:1004c80081520000000000000000000000ab018025
:1004d8008152000000000000c800008008000000f1
:1004e800000000006c4700a01000000000000000a1
:1004f800d00000800100000000000000d40000804f
:100508000800000000000000fcb10080100000009e
:100518000100000084fd01808152000000000000fd
:100528000000000084fd01808152000000000000ee
:10053800e000008008000000000000007c4700a0e8
:100548001000000000000000e8000080010000002a
:1005580000000000ec00008008000000000000001f
:100568000cb200801000000001000000085002805a
:1005780081520000000000000000000008500280c6
:100588008152000000000000f80000800800000010
:10059800000000008c4700a01000000000000000d0
:1005a800000100800100000000000000040100803c
:1005b80008000000000000001cb2008010000000cd
:1005c800010000008ca2028081520000000000009f
:1005d800000000008ca20280815200000000000090
:1005e8001001008008000000000000009c4700a0e7
:1005f8001000000000000000180100800100000049
:10060800000000001c01008008000000000000003d
:100618002cb20080100000000100000010f50280dc
:1006280081520000000000000000000010f5028068
:10063800815200000000000028010080080000002e
:1006480000000000ac4700a01000000000000000ff
:10065800300100800100000000000000340100802b
:1006680008000000000000003cb2008010000000fc
:100678000100000094470380815200000000000040
:100688000000000094470380815200000000000031
:10069800400100800800000000000000bc4700a0e6
:1006a8001000000000000000480100800100000068
:1006b800000000004c01008008000000000000005d
:1006c8004cb200801000000001000000189a03805e
:1006d800815200000000000000000000189a03800a
:1006e800815200000000000058010080080000004e
:1006f80000000000cc4700a010000000000000002f
:10070800600100800100000000000000640100801a
:1007180008000000000000005cb20080100000002b
:10072800010000009cec03808152000000000000e2
:10073800000000009cec03808152000000000000d3
:10074800700100800800000000000000dc4700a0e5
:100758001000000000000000780100800100000087
:10076800000000007c01008008000000000000007c
:100778006cb200801000000001000000203f0480df
:10078800815200000000000000000000203f0480ab
:10079800815200000000000088010080080000006d
:1007a80000000000ec4700a010000000000000005e
:1007b800900100800100000000000000940100800a
:1007c80008000000000000007cb20080100000005b
:1007d80001000000a4910480815200000000000084
:1007e80000000000a4910480815200000000000075
:1007f800a00100800800000000000000fc4700a0e5
:100808001000000000000000a801008001000000a6
:1008180000000000ac01008008000000000000009b
:100828008cb20080100000000100000028e4048061
:1008380081520000000000000000000028e404804d
:100848008152000000000000b8010080080000008c
:10085800000000000c4800a010000000000000008c
:10086800c00100800100000000000000c4010080f9
:1008780008000000000000009cb20080100000008a
:1008880001000000ac360580815200000000000025
:1008980000000000ac360580815200000000000016
:1008a800d001008008000000000000001c4800a0e3
:1008b8001000000000000000d801008001000000c6
:1008c80000000000dc0100800800000000000000bb
:1008d800acb20080100000000100000030890580e3
:1008e80081520000000000000000000030890580ef
:1008f8008152000000000000e801008008000000ac
:10090800000000002c4800a01000000000000000bb
:10091800f00100800100000000000000f4010080e8
:100928000800000000000000bcb2008010000000b9
:1009380001000000b4db05808152000000000000c7
:1009480000000000b4db05808152000000000000b8
:100958000002008008000000000000003c4800a0e1
:1009680010000000000000000802008001000000e4
:10097800000000000c0200800800000000000000d9
:10098800ccb200801000000001000000382e068064
:10099800815200000000000000000000382e068090
:1009a80081520000000000001802008008000000ca
:1009b800000000004c4800a01000000000000000eb
:1009c80020020080010000000000000024020080d6
:1009d8000800000000000000dcb2008010000000e9
:1009e80001000000bc800680815200000000000069
:1009f80000000000bc80068081520000000000005a
:100a08003002008008000000000000005c4800a0e0
:100a18001000000000000000380200800100000003
:100a2800000000003c0200800800000000000000f8
:100a3800ecb20080100000000100000040d30680e6
:100a480081520000000000000000000040d3068032
:100a580081520000000000004802008008000000e9
:100a6800000000006c4800a010000000000000001a
:100a780050020080010000000000000054020080c5
:100a8800040000000000000080860080c01c0000f8
:100a9800010000000000000000000000000000004d
:100aa800000000000000000000000000000000003e
:100ab800000000000000000000000000000000002e
:100ac800000000000000000000000000000000001e
:100ad800000000000000000000000000000000000e
:100ae80000000000000000000000000000000000fe
:100af80000000000000000000000000000000000ee
:100b080000000000000000000000000000000000dd
:100b180000000000000000000000000000000000cd
:100b28000000000000000000e447049d00000000f1
:100b380000000000000000000000000000000000ad
:100b4800000000000000000000000000000000009d
:100b5800000000000000000000000000000000008d
:100b6800000000000000000000000000000000007d
:100b7800000000000000000000000000000000006d
:100b8800000000000000000000000000000000005d
:100b9800000000000000000000000000000000004d
:100ba800000000000000000000000000000000003d
:100bb800000000000000000000000000000000002d
:100bc800000000000000000000000000000000001d
:100bd800000000000000000000000000000000000d
:100be80000000000000000000000000000000000fd
:100bf800000000000000000000000000a8a3008022
:100c080000000000000000000000000000000000dc
:100c180000000000000000000000000000000000cc
:100c280000000000000000000000000000000000bc
:100c380000000000000000000000000000000000ac
:100c4800000000000000000000000000000000009c
:100c5800000000000000000000000000000000008c
:100c6800000000000000000000000000000000007c
:100c7800000000000000000000000000000000006c
:100c8800000000000000000000000000000000005c
:100c98000000000000000000c447049d00000000a0
:100ca800000000000000000000000000000000003c
:100cb800000000000000000000000000000000002c
:100cc800000000000000000000000000000000001c
:100cd800000000000000000000000000000000000c
:100ce80000000000000000000000000000000000fc
:100cf80000000000000000000000000000000000ec
:100d080000000000000000000000000000000000db
:100d180000000000000000000000000000000000cb
:100d280000000000000000000000000000000000bb
:100d380000000000000000000000000000000000ab
:100d4800000000000000000000000000000000009b
:100d5800000000000000000000000000000000008b
:100d680000000000000000000000000000a4008057
:100d7800000000000000000000000000000000006b
:100d8800000000000000000000000000000000005b
:100d9800000000000000000000000000000000004b
:100da800000000000000000000000000000000003b
:100db800000000000000000000000000000000002b
:100dc800000000000000000000000000000000001b
:100dd800000000000000000000000000000000000b
:100de80000000000000000000000000000000000fb
:100df80000000000000000000000000000000000eb
:100e08000000000000000000b447049d000000003e
:100e180000000000000000000000000000000000ca
:100e280000000000000000000000000000000000ba
:100e380000000000000000000000000000000000aa
:100e4800000000000000000000000000000000009a
:100e5800000000000000000000000000000000008a
:100e6800000000000000000000000000000000007a
:100e7800000000000000000000000000000000006a
:100e8800000000000000000000000000000000005a
:100e9800000000000000000000000000000000004a
:100ea800000000000000000000000000000000003a
:100eb800000000000000000000000000000000002a
:100ec800000000000000000000000000000000001a
:100ed80000000000000000000000000058a400808e
:100ee80000000000000000000000000000000000fa
:100ef80000000000000000000000000000000000ea
:100f080000000000000000000000000000000000d9
:100f180000000000000000000000000000000000c9
:100f280000000000000000000000000000000000b9
:100f380000000000000000000000000000000000a9
:100f48000000000000000000000000000000000099
:100f58000000000000000000000000000000000089
:100f68000000000000000000000000000000000079
:100f78000000000000000000a447049d00000000dd
:100f88000000000000000000000000000000000059
:100f98000000000000000000000000000000000049
:100fa8000000000000000000000000000000000039
:100fb8000000000000000000000000000000000029
:100fc8000000000000000000000000000000000019
:100fd8000000000000000000000000000000000009
:100fe80000000000000000000000000000000000f9
:100ff80000000000000000000000000000000000e9
:1010080000000000000000000000000000000000d8
:1010180000000000000000000000000000000000c8
:1010280000000000000000000000000000000000b8
:1010380000000000000000000000000000000000a8
:10104800000000000000000000000000b0a40080c4
:101058000000000000000000000000000000000088
:101068000000000000000000000000000000000078
:101078000000000000000000000000000000000068
:101088000000000000000000000000000000000058
:101098000000000000000000000000000000000048
:1010a8000000000000000000000000000000000038
:1010b8000000000000000000000000000000000028
:1010c8000000000000000000000000000000000018
:1010d8000000000000000000000000000000000008
:1010e80000000000000000009447049d000000007c
:1010f80000000000000000000000000000000000e8
:1011080000000000000000000000000000000000d7
:1011180000000000000000000000000000000000c7
:1011280000000000000000000000000000000000b7
:1011380000000000000000000000000000000000a7
:101148000000000000000000000000000000000097
:101158000000000000000000000000000000000087
:101168000000000000000000000000000000000077
:101178000000000000000000000000000000000067
:101188000000000000000000000000000000000057
:101198000000000000000000000000000000000047
:1011a8000000000000000000000000000000000037
:1011b80000000000000000000000000008a50080fa
:1011c8000000000000000000000000000000000017
:1011d8000000000000000000000000000000000007
:1011e80000000000000000000000000000000000f7
:1011f80000000000000000000000000000000000e7
:1012080000000000000000000000000000000000d6
:1012180000000000000000000000000000000000c6
:1012280000000000000000000000000000000000b6
:1012380000000000000000000000000000000000a6
:101248000000000000000000000000000000000096
:1012580000000000000000008447049d000000001a
:101268000000000000000000000000000000000076
:101278000000000000000000000000000000000066
:101288000000000000000000000000000000000056
:101298000000000000000000000000000000000046
:1012a8000000000000000000000000000000000036
:1012b8000000000000000000000000000000000026
:1012c8000000000000000000000000000000000016
:1012d8000000000000000000000000000000000006
:1012e80000000000000000000000000000000000f6
:1012f80000000000000000000000000000000000e6
:1013080000000000000000000000000000000000d5
:1013180000000000000000000000000000000000c5
:1013280000000000000000000000000060a5008030
:1013380000000000000000000000000000000000a5
:101348000000000000000000000000000000000095
:101358000000000000000000000000000000000085
:101368000000000000000000000000000000000075
:101378000000000000000000000000000000000065
:101388000000000000000000000000000000000055
:101398000000000000000000000000000000000045
:1013a8000000000000000000000000000000000035
:1013b8000000000000000000000000000000000025
:1013c80000000000000000007447049d00000000b9
:1013d8000000000000000000000000000000000005
:1013e80000000000000000000000000000000000f5
:1013f80000000000000000000000000000000000e5
:1014080000000000000000000000000000000000d4
:1014180000000000000000000000000000000000c4
:1014280000000000000000000000000000000000b4
:1014380000000000000000000000000000000000a4
:101448000000000000000000000000000000000094
:101458000000000000000000000000000000000084
:101468000000000000000000000000000000000074
:101478000000000000000000000000000000000064
:101488000000000000000000000000000000000054
:10149800000000000000000000000000b8a5008067
:1014a8000000000000000000000000000000000034
:1014b8000000000000000000000000000000000024
:1014c8000000000000000000000000000000000014
:1014d8000000000000000000000000000000000004
:1014e80000000000000000000000000000000000f4
:1014f80000000000000000000000000000000000e4
:1015080000000000000000000000000000000000d3
:1015180000000000000000000000000000000000c3
:1015280000000000000000000000000000000000b3
:1015380000000000000000006447049d0000000057
:101548000000000000000000000000000000000093
:101558000000000000000000000000000000000083
:101568000000000000000000000000000000000073
:101578000000000000000000000000000000000063
:101588000000000000000000000000000000000053
:101598000000000000000000000000000000000043
:1015a8000000000000000000000000000000000033
:1015b8000000000000000000000000000000000023
:1015c8000000000000000000000000000000000013
:1015d8000000000000000000000000000000000003
:1015e80000000000000000000000000000000000f3
:1015f80000000000000000000000000000000000e3
:1016080000000000000000000000000010a600809c
:1016180000000000000000000000000000000000c2
:1016280000000000000000000000000000000000b2
:1016380000000000000000000000000000000000a2
:101648000000000000000000000000000000000092
:101658000000000000000000000000000000000082
:101668000000000000000000000000000000000072
:101678000000000000000000000000000000000062
:101688000000000000000000000000000000000052
:101698000000000000000000000000000000000042
:1016a80000000000000000005447049d00000000f6
:1016b8000000000000000000000000000000000022
:1016c8000000000000000000000000000000000012
:1016d8000000000000000000000000000000000002
:1016e80000000000000000000000000000000000f2
:1016f80000000000000000000000000000000000e2
:1017080000000000000000000000000000000000d1
:1017180000000000000000000000000000000000c1
:1017280000000000000000000000000000000000b1
:1017380000000000000000000000000000000000a1
:101748000000000000000000000000000000000091
:101758000000000000000000000000000000000081
:101768000000000000000000000000000000000071
:1017780000000000000000000000000068a60080d3
:101788000000000000000000000000000000000051
:101798000000000000000000000000000000000041
:1017a8000000000000000000000000000000000031
:1017b8000000000000000000000000000000000021
:1017c8000000000000000000000000000000000011
:1017d8000000000000000000000000000000000001
:1017e80000000000000000000000000000000000f1
:1017f80000000000000000000000000000000000e1
:1018080000000000000000000000000000000000d0
:1018180000000000000000004447049d0000000094
:1018280000000000000000000000000000000000b0
:1018380000000000000000000000000000000000a0
:101848000000000000000000000000000000000090
:101858000000000000000000000000000000000080
:101868000000000000000000000000000000000070
:101878000000000000000000000000000000000060
:101888000000000000000000000000000000000050
:101898000000000000000000000000000000000040
:1018a8000000000000000000000000000000000030
:1018b8000000000000000000000000000000000020
:1018c8000000000000000000000000000000000010
:1018d8000000000000000000000000000000000000
:1018e800000000000000000000000000c0a600800a
:1018f80000000000000000000000000000000000e0
:1019080000000000000000000000000000000000cf
:1019180000000000000000000000000000000000bf
:1019280000000000000000000000000000000000af
:10193800000000000000000000000000000000009f
:10194800000000000000000000000000000000008f
:10195800000000000000000000000000000000007f
:10196800000000000000000000000000000000006f
:10197800000000000000000000000000000000005f
:1019880000000000000000003447049d0000000033
:10199800000000000000000000000000000000003f
:1019a800000000000000000000000000000000002f
:1019b800000000000000000000000000000000001f
:1019c800000000000000000000000000000000000f
:1019d80000000000000000000000000000000000ff
:1019e80000000000000000000000000000000000ef
:1019f80000000000000000000000000000000000df
:101a080000000000000000000000000000000000ce
:101a180000000000000000000000000000000000be
:101a280000000000000000000000000000000000ae
:101a3800000000000000000000000000000000009e
:101a4800000000000000000000000000000000008e
:101a580000000000000000000000000018a700803f
:101a6800000000000000000000000000000000006e
:101a7800000000000000000000000000000000005e
:101a8800000000000000000000000000000000004e
:101a9800000000000000000000000000000000003e
:101aa800000000000000000000000000000000002e
:101ab800000000000000000000000000000000001e
:101ac800000000000000000000000000000000000e
:101ad80000000000000000000000000000000000fe
:101ae80000000000000000000000000000000000ee
:101af80000000000000000005448049d00000000a1
:101b080000000000000000000000000000000000cd
:101b180000000000000000000000000000000000bd
:101b280000000000000000000000000000000000ad
:101b3800000000000000000000000000000000009d
:101b4800000000000000000000000000000000008d
:101b5800000000000000000000000000000000007d
:101b6800000000000000000000000000000000006d
:101b7800000000000000000000000000000000005d
:101b8800000000000000000000000000000000004d
:101b9800000000000000000000000000000000003d
:101ba800000000000000000000000000000000002d
:101bb800000000000000000000000000000000001d
:101bc80000000000000000000000000070a7008076
:101bd80000000000000000000000000000000000fd
:101be80000000000000000000000000000000000ed
:101bf80000000000000000000000000000000000dd
:101c080000000000000000000000000000000000cc
:101c180000000000000000000000000000000000bc
:101c280000000000000000000000000000000000ac
:101c3800000000000000000000000000000000009c
:101c4800000000000000000000000000000000008c
:101c5800000000000000000000000000000000007c
:101c680000000000000000004448049d000000003f
:101c7800000000000000000000000000000000005c
:101c8800000000000000000000000000000000004c
:101c9800000000000000000000000000000000003c
:101ca800000000000000000000000000000000002c
:101cb800000000000000000000000000000000001c
:101cc800000000000000000000000000000000000c
:101cd80000000000000000000000000000000000fc
:101ce80000000000000000000000000000000000ec
:101cf80000000000000000000000000000000000dc
:101d080000000000000000000000000000000000cb
:101d180000000000000000000000000000000000bb
:101d280000000000000000000000000000000000ab
:101d3800000000000000000000000000c8a70080ac
:101d4800000000000000000000000000000000008b
:101d5800000000000000000000000000000000007b
:101d6800000000000000000000000000000000006b
:101d7800000000000000000000000000000000005b
:101d8800000000000000000000000000000000004b
:101d9800000000000000000000000000000000003b
:101da800000000000000000000000000000000002b
:101db800000000000000000000000000000000001b
:101dc800000000000000000000000000000000000b
:101dd80000000000000000003448049d00000000de
:101de80000000000000000000000000000000000eb
:101df80000000000000000000000000000000000db
:101e080000000000000000000000000000000000ca
:101e180000000000000000000000000000000000ba
:101e280000000000000000000000000000000000aa
:101e3800000000000000000000000000000000009a
:101e4800000000000000000000000000000000008a
:101e5800000000000000000000000000000000007a
:101e6800000000000000000000000000000000006a
:101e7800000000000000000000000000000000005a
:101e8800000000000000000000000000000000004a
:101e9800000000000000000000000000000000003a
:101ea80000000000000000000000000020a80080e2
:101eb800000000000000000000000000000000001a
:101ec800000000000000000000000000000000000a
:101ed80000000000000000000000000000000000fa
:101ee80000000000000000000000000000000000ea
:101ef80000000000000000000000000000000000da
:101f080000000000000000000000000000000000c9
:101f180000000000000000000000000000000000b9
:101f280000000000000000000000000000000000a9
:101f38000000000000000000000000000000000099
:101f480000000000000000002448049d000000007c
:101f58000000000000000000000000000000000079
:101f68000000000000000000000000000000000069
:101f78000000000000000000000000000000000059
:101f88000000000000000000000000000000000049
:101f98000000000000000000000000000000000039
:101fa8000000000000000000000000000000000029
:101fb8000000000000000000000000000000000019
:101fc8000000000000000000000000000000000009
:101fd80000000000000000000000000000000000f9
:101fe80000000000000000000000000000000000e9
:101ff80000000000000000000000000000000000d9
:1020080000000000000000000000000000000000c8
:1020180000000000000000000000000078a8008018
:1020280000000000000000000000000000000000a8
:102038000000000000000000000000000000000098
:102048000000000000000000000000000000000088
:102058000000000000000000000000000000000078
:102068000000000000000000000000000000000068
:102078000000000000000000000000000000000058
:102088000000000000000000000000000000000048
:102098000000000000000000000000000000000038
:1020a8000000000000000000000000000000000028
:1020b80000000000000000001448049d000000001b
:1020c8000000000000000000000000000000000008
:1020d80000000000000000000000000000000000f8
:1020e80000000000000000000000000000000000e8
:1020f80000000000000000000000000000000000d8
:1021080000000000000000000000000000000000c7
:1021180000000000000000000000000000000000b7
:1021280000000000000000000000000000000000a7
:102138000000000000000000000000000000000097
:102148000000000000000000000000000000000087
:102158000000000000000000000000000000000077
:102168000000000000000000000000000000000067
:102178000000000000000000000000000000000057
:10218800000000000000000000000000d0a800804f
:102198000000000000000000000000000000000037
:1021a8000000000000000000000000000000000027
:1021b8000000000000000000000000000000000017
:1021c8000000000000000000000000000000000007
:1021d80000000000000000000000000000000000f7
:1021e80000000000000000000000000000000000e7
:1021f80000000000000000000000000000000000d7
:1022080000000000000000000000000000000000c6
:1022180000000000000000000000000000000000b6
:1022280000000000000000000448049d00000000b9
:102238000000000000000000000000000000000096
:102248000000000000000000000000000000000086
:102258000000000000000000000000000000000076
:102268000000000000000000000000000000000066
:102278000000000000000000000000000000000056
:102288000000000000000000000000000000000046
:102298000000000000000000000000000000000036
:1022a8000000000000000000000000000000000026
:1022b8000000000000000000000000000000000016
:1022c8000000000000000000000000000000000006
:1022d80000000000000000000000000000000000f6
:1022e80000000000000000000000000000000000e6
:1022f80000000000000000000000000028a9008085
:1023080000000000000000000000000000000000c5
:1023180000000000000000000000000000000000b5
:1023280000000000000000000000000000000000a5
:102338000000000000000000000000000000000095
:102348000000000000000000000000000000000085
:102358000000000000000000000000000000000075
:102368000000000000000000000000000000000065
:102378000000000000000000000000000000000055
:102388000000000000000000000000000000000045
:102398000000000000000000f447049d0000000059
:1023a8000000000000000000000000000000000025
:1023b8000000000000000000000000000000000015
:1023c8000000000000000000000000000000000005
:1023d80000000000000000000000000000000000f5
:1023e80000000000000000000000000000000000e5
:1023f80000000000000000000000000000000000d5
:1024080000000000000000000000000000000000c4
:1024180000000000000000000000000000000000b4
:1024280000000000000000000000000000000000a4
:102438000000000000000000000000000000000094
:102448000000000000000000000000000000000084
:102458000000000000000000000000000000000074
:1024680000000000000000000000000080a90080bb
:102478000000000000000000000000000000000054
:102488000000000000000000000000000000000044
:102498000000000000000000000000000000000034
:1024a8000000000000000000000000000000000024
:1024b8000000000000000000000000000000000014
:1024c8000000000000000000000000000000000004
:1024d80000000000000000000000000000000000f4
:1024e80000000000000000000000000000000000e4
:1024f80000000000000000000000000000000000d4
:102508000000000000000000d447049d0000000007
:1025180000000000000000000000000000000000b3
:1025280000000000000000000000000000000000a3
:102538000000000000000000000000000000000093
:102548000000000000000000000000000000000083
:102558000000000000000000000000000000000073
:102568000000000000000000000000000000000063
:102578000000000000000000000000000000000053
:102588000000000000000000000000000000000043
:102598000000000000000000000000000000000033
:1025a8000000000000000000000000000000000023
:1025b8000000000000000000000000000000000013
:1025c8000000000000000000000000000000000003
:1025d800000000000000000000000000d8a90080f2
:1025e80000000000000000000000000000000000e3
:1025f80000000000000000000000000000000000d3
:1026080000000000000000000000000000000000c2
:1026180000000000000000000000000000000000b2
:1026280000000000000000000000000000000000a2
:102638000000000000000000000000000000000092
:102648000000000000000000000000000000000082
:102658000000000000000000000000000000000072
:102668000000000000000000000000000000000062
:1026780000000000000000002447049d0000000046
:102688000000000000000000000000000000000042
:102698000000000000000000000000000000000032
:1026a8000000000000000000000000000000000022
:1026b8000000000000000000000000000000000012
:1026c8000000000000000000000000000000000002
:1026d80000000000000000000000000000000000f2
:1026e80000000000000000000000000000000000e2
:1026f80000000000000000000000000000000000d2
:1027080000000000000000000000000000000000c1
:1027180000000000000000000000000000000000b1
:1027280000000000000000000000000000000000a1
:102738000000000000000000000000000000000091
:1027480000000000000000000000000030aa008027
:1027580000000000580200801c000000000000007b
:1027680030ab0080400500000100000024ad078068
:102778000000000000000000000000000000000051
:102788000000000000000000000000000000000041
:102798000000000000000000000000000000000031
:1027a80000000000000000000000000020ad0780cd
:1027b8000000000000000000000000000000000011
:1027c8000000000000000000000000000000000001
:1027d80000000000000000000000000000000000f1
:1027e8000000000000000000000000001cad078091
:1027f80000000000000000000000000000000000d1
:1028080000000000000000000000000000000000c0
:1028180000000000000000000000000000000000b0
:1028280000000000000000000000000018ad078054
:102838000000000000000000000000000000000090
:102848000000000000000000000000000000000080
:102858000000000000000000000000000000000070
:1028680000000000000000000000000014ad078018
:102878000000000000000000000000000000000050
:102888000000000000000000000000000000000040
:102898000000000000000000000000000000000030
:1028a80000000000000000000000000010ad0780dc
:1028b8000000000000000000000000000000000010
:1028c8000000000000000000000000000000000000
:1028d80000000000000000000000000000000000f0
:1028e8000000000000000000000000000cad0780a0
:1028f80000000000000000000000000000000000d0
:1029080000000000000000000000000000000000bf
:1029180000000000000000000000000000000000af
:1029280000000000000000000000000008ad078063
:10293800000000000000000000000000000000008f
:10294800000000000000000000000000000000007f
:10295800000000000000000000000000000000006f
:1029680000000000000000000000000004ad078027
:10297800000000000000000000000000000000004f
:10298800000000000000000000000000000000003f
:10299800000000000000000000000000000000002f
:1029a80000000000000000000000000000ad0780eb
:1029b800000000000000000000000000000000000f
:1029c80000000000000000000000000000000000ff
:1029d80000000000000000000000000000000000ef
:1029e800000000000000000000000000fcac0780b0
:1029f80000000000000000000000000000000000cf
:102a080000000000000000000000000000000000be
:102a180000000000000000000000000000000000ae
:102a2800000000000000000000000000f8ac078073
:102a3800000000000000000000000000000000008e
:102a4800000000000000000000000000000000007e
:102a5800000000000000000000000000000000006e
:102a6800000000000000000000000000f4ac078037
:102a7800000000000000000000000000000000004e
:102a8800000000000000000000000000000000003e
:102a9800000000000000000000000000000000002e
:102aa800000000000000000000000000f0ac0780fb
:102ab800000000000000000000000000000000000e
:102ac80000000000000000000000000000000000fe
:102ad80000000000000000000000000000000000ee
:102ae800000000000000000000000000ecac0780bf
:102af80000000000000000000000000000000000ce
:102b080000000000000000000000000000000000bd
:102b180000000000000000000000000000000000ad
:102b2800000000000000000000000000e8ac078082
:102b3800000000000000000000000000000000008d
:102b4800000000000000000000000000000000007d
:102b5800000000000000000000000000000000006d
:102b6800000000000000000000000000e4ac078046
:102b7800000000000000000000000000000000004d
:102b8800000000000000000000000000000000003d
:102b9800000000000000000000000000000000002d
:102ba800000000000000000000000000e0ac07800a
:102bb800000000000000000000000000000000000d
:102bc80000000000000000000000000000000000fd
:102bd80000000000000000000000000000000000ed
:102be800000000000000000000000000dcac0780ce
:102bf80000000000000000000000000000000000cd
:102c080000000000000000000000000000000000bc
:102c180000000000000000000000000000000000ac
:102c2800000000000000000000000000d8ac078091
:102c3800000000000000000000000000000000008c
:102c4800000000000000000000000000000000007c
:102c5800000000000000000000000000000000006c
:102c6800000000000000000000000000800200805a
:102c7800ffffff000000000000000000000000004f
:102c8800000000000000000000000000000000003c
:102c9800000000000000000000000000000000002c
:102ca800000000000000000000000000a0ac078049
:102cb8003800000000000000a8a3008038070000ca
:102cc80001000000140000000000000000000000e7
:102cd80000000000000000000000000000000000ec
:102ce80000000000000000000000000000000000dc
:102cf80000000000000000000000000000000000cc
:102d080000000000000000000000000000000000bb
:102d1800000000000000000030ab0080130000003d
:102d2800000000000000000000000000000000009b
:102d3800000000000000000000000000000000008b
:102d4800000000000000000000000000000000007b
:102d5800000000000000000000000000000000006b
:102d6800000000000000000000000000000000005b
:102d780070ab00801200000000000000000000009e
:102d8800000000000000000000000000000000003b
:102d9800000000000000000000000000000000002b
:102da800000000000000000000000000000000001b
:102db800000000000000000000000000000000000b
:102dc8000000000000000000b0ab0080110000000f
:102dd80000000000000000000000000000000000eb
:102de80000000000000000000000000000000000db
:102df80000000000000000000000000000000000cb
:102e080000000000000000000000000000000000ba
:102e180000000000000000000000000000000000aa
:102e2800f0ab00801000000000000000000000006f
:102e3800000000000000000000000000000000008a
:102e4800000000000000000000000000000000007a
:102e5800000000000000000000000000000000006a
:102e6800000000000000000000000000000000005a
:102e7800000000000000000030ac00800f000000df
:102e8800000000000000000000000000000000003a
:102e9800000000000000000000000000000000002a
:102ea800000000000000000000000000000000001a
:102eb800000000000000000000000000000000000a
:102ec80000000000000000000000000000000000fa
:102ed80070ac00800e000000000000000000000040
:102ee80000000000000000000000000000000000da
:102ef80000000000000000000000000000000000ca
:102f080000000000000000000000000000000000b9
:102f180000000000000000000000000000000000a9
:102f28000000000000000000b0ac00800d000000b0
:102f38000000000000000000000000000000000089
:102f48000000000000000000000000000000000079
:102f58000000000000000000000000000000000069
:102f68000000000000000000000000000000000059
:102f78000000000000000000000000000000000049
:102f8800f0ac00800c000000000000000000000011
:102f98000000000000000000000000000000000029
:102fa8000000000000000000000000000000000019
:102fb8000000000000000000000000000000000009
:102fc80000000000000000000000000000000000f9
:102fd800000000000000000030ad00800b00000081
:102fe80000000000000000000000000000000000d9
:102ff80000000000000000000000000000000000c9
:1030080000000000000000000000000000000000b8
:1030180000000000000000000000000000000000a8
:103028000000000000000000000000000000000098
:1030380070ad00800a0000000000000000000000e1
:103048000000000000000000000000000000000078
:103058000000000000000000000000000000000068
:103068000000000000000000000000000000000058
:103078000000000000000000000000000000000048
:103088000000000000000000b0ad00800900000052
:103098000000000000000000000000000000000028
:1030a8000000000000000000000000000000000018
:1030b8000000000000000000000000000000000008
:1030c80000000000000000000000000000000000f8
:1030d80000000000000000000000000000000000e8
:1030e800f0ad0080080000000000000000000000b3
:1030f80000000000000000000000000000000000c8
:1031080000000000000000000000000000000000b7
:1031180000000000000000000000000000000000a7
:103128000000000000000000000000000000000097
:10313800000000000000000030ae00800700000022
:103148000000000000000000000000000000000077
:103158000000000000000000000000000000000067
:103168000000000000000000000000000000000057
:103178000000000000000000000000000000000047
:103188000000000000000000000000000000000037
:1031980070ae008006000000000000000000000083
:1031a8000000000000000000000000000000000017
:1031b8000000000000000000000000000000000007
:1031c80000000000000000000000000000000000f7
:1031d80000000000000000000000000000000000e7
:1031e8000000000000000000b0ae008005000000f4
:1031f80000000000000000000000000000000000c7
:1032080000000000000000000000000000000000b6
:1032180000000000000000000000000000000000a6
:103228000000000000000000000000000000000096
:103238000000000000000000000000000000000086
:10324800f0ae008004000000000000000000000054
:103258000000000000000000000000000000000066
:103268000000000000000000000000000000000056
:103278000000000000000000000000000000000046
:103288000000000000000000000000000000000036
:10329800000000000000000030af008003000000c4
:1032a8000000000000000000000000000000000016
:1032b8000000000000000000000000000000000006
:1032c80000000000000000000000000000000000f6
:1032d80000000000000000000000000000000000e6
:1032e80000000000000000000000000000000000d6
:1032f80070af008002000000000000000000000025
:1033080000000000000000000000000000000000b5
:1033180000000000000000000000000000000000a5
:103328000000000000000000000000000000000095
:103338000000000000000000000000000000000085
:103348000000000000000000b0af00800100000095
:103358000000000000000000000000000000000065
:103368000000000000000000000000000000000055
:103378000000000000000000000000000000000045
:103388000000000000000000000000000000000035
:103398000000000000000000000000000000000025
:1033a800f0af0080000000000000000000000000f6
:1033b8000000000000000000000000000000000005
:1033c80000000000000000000000000000000000f5
:1033d80000000000000000000000000000000000e5
:1033e80000000000000000000000000000000000d5
:1033f800000000000000000030b0008000000080e5
:103408000400000001000000c499009d38ad078049
:103418000c00000000000000780200800800000096
:1034280000000000004700a03b0000000000000072
:103438008002008008000000000000005c4500a039
:103448005300000000000000d8ac07801000000006
:1034580000000000b04500a053000000000000007c
:10346800e8ac07801000000000000000044600a03f
:103478005300000000000000f8ac078010000000b6
:1034880000000000584600a05300000000000000a3
:1034980008ad07801000000000000000ac4600a046
:1034a800530000000000000018ad07801000000065
:1034b80000000000880200805000000000000000aa
:1034c800e8a907807800000000000000d80200800a
:1034d8000c00000000000000ccaa0780500000008b
:1034e80000000000e40200800c0000000000000062
:1034f8001cab07805000000000000000f0020080b4
:103508000c000000000000006cab078050000000b9
:1035180000000000fc0200800c0000000000000019
:10352800bcab0780500000000000000008030080ca
:103538000c000000000000000cac078050000000e8
:1035480000000000140300800800000000000000d4
:10355800500300a000400000000000001c03008091
:103568000400000000000000fcb200801000000011
:1035780001000000c4650780001000000000000082
:1035880000000000c4650780001000000000000073
:103598000cb300801000000001000000c475078013
:1035a800001000000000000000000000c475078043
:1035b800001000000000000020030080010000004f
:1035c800000000001cb30080100000000100000093
:1035d800c485078000100000000000000000000003
:1035e800c485078000100000000000002cb3008094
:1035f800100000000100000028ad07801000000046
:10360800000000000000000028ad07801000000046
:1036180000000000210300800100000000000000fd
:10362800040000800400000001000000ffffffff0d
:103638007c4800a000040000000000000800008092
:103648000b00000001000000ffffffff00c20100a7
:10365800000008003cb300801000000001000000da
:10366800c4250780004000000000000000000000a2
:10367800c425078000400000000000004cb3008013
:103688001000000001000000c49507800010000031
:103698000000000000000000c49507800010000032
:1036a800000000002203008002000000000000006b
:1036b8005c4300a00002000000000000240300801a
:1036c8000200000000000000140000800400000058
:1036d80001000000ffffffff280300800400000036
:1036e8000000000018000080040000000100000035
:1036f800010000002c03008004000000000000000e
:103708001c0000800800000001000000010000000b
:1037180001000000300300800800000000000000e5
:103728002400008008000000010000000000204183
:103738000000003f38030080040000000000000083
:103748002c000080040000000100000001000000bf
:103758003c030080010000000000000040030080de
:103768000400000000000000300000800d00000090
:1037780001000000640000002a0000002a00000088
:103788000100000044030080010000000000000068
:103798004000008004000000040000000001c20195
:1037a800000100004400008001000000010000004a
:1037b80001000000dcb000802000000004000000d0
:1037c8005477696e7469670019000000fcb00080c6
:1037d8002000000004000000556e6b6e6f776e00cd
:1037e800190000001cb10080200000000400000047
:1037f800556e6b6e6f776e00190000003cb100804b
:103808002000000004000000556e6b6e6f776e009c
:10381800190000005cb100802000000004000000d6
:10382800556e6b6e6f776e00190000007cb10080da
:1038380020000000040000005477696e7469670076
:103848001900000044ad07800c00000000000000d3
:1038580070b0008024000000040000000002803fd7
:10386800000e803f000e803f50ad07800c00000026
:10387800000000005cb300800c00000001000000a4
:103888000000803f0000803f0000803f94b000802f
:1038980024000000040000000002803f000e803f6a
:1038a800000e803f5cad07800c00000000000000a7
:1038b80068b300800c000000010000000000803f99
:1038c8000000803f0000803fb8b000802400000066
:1038d800040000000002803f000e803f000e803f81
:1038e8009cb100802000000004000000556e6b6e43
:1038f8006f776e00190000003883008048030000cd
:1039080001000000804c0080000000000000000062
:1039180000000000444b049d88aa008030b000805d
:103928000100000000000000000000008c4e008034
:103938000000000000000000000000003c4b049d57
:1039480030aa0080f0af008000000000d0a1008005
:10395800c0a4009d985000800000000000000000f6
:1039680000000000344b049dd8a90080b0af00804f
:103978000000000060a00080cca4009da45200803c
:103988000000000000000000000000002c4b049d17
:1039980080a9008070af008000000000f09e0080c9
:1039a800e0a4009db054008000000000000000006a
:1039b80000000000244b049d28a9008030af00803f
:1039c80000000000809d0080f0a4009dbc5600808f
:1039d8000000000000000000000000001c4b049dd7
:1039e800d0a80080f0ae008000000000109c00808d
:1039f80000a5009dc85800800000000000000000dd
:103a080000000000144b049d78a80080b0ae008030
:103a180000000000a09a008014a5009dd45a0080e0
:103a28000000000000000000000000000c4b049d96
:103a380020a8008070ae008000000000309900804f
:103a480024a5009de05c008000000000000000004c
:103a580000000000044b049dc8a7008030ae008021
:103a680000000000c097008034a5009dec5e008037
:103a7800000000000000000000000000fc4a049d57
:103a880070a70080f0ad0080000000005096008014
:103a980044a5009df86000800000000000000000c0
:103aa80000000000f44a049d18a70080b0ad008013
:103ab80000000000e094008058a5009d0463008089
:103ac800000000000000000000000000ec4a049d17
:103ad800c0a6008070ad00800000000070930080d8
:103ae8006ca5009d1065008000000000000000002b
:103af80000000000e44a049d68a6008030ad008004
:103b080000000000009200807ca5009d1c670080da
:103b1800000000000000000000000000dc4a049dd6
:103b280010a60080f0ac008000000000909000809b
:103b38008ca5009d2869008000000000000000009e
:103b480000000000d44a049db8a50080b0ac0080f5
:103b580000000000208f0080a0a5009d346b00802d
:103b6800000000000000000000000000cc4a049d96
:103b780060a5008070ac008000000000b08d00805f
:103b8800b0a5009d406d008000000000000000000e
:103b980000000000c44a049d08a5008030ac0080e5
:103ba80000000000408c0080c0a5009d4c6f008084
:103bb800000000000000000000000000bc4a049d56
:103bc800b0a40080f0ab008000000000d08a008024
:103bd800d0a5009d58710080000000000000000082
:103be80000000000b44a049d58a40080b0ab0080d7
:103bf8000000000060890080e4a5009d64730080d7
:103c0800000000000000000000000000ac4a049d15
:103c180000a4008070ab008000000000f0870080e6
:103c2800f4a5009d707500800000000000000000f1
:103c380000000000a44a049da8a3008030ab0080c7
:103c4800000000008086008004a6009d9c7f008004
:103c58009c030000010000007c7700800200000047
:103c68007410049d0f000000804c00808c4a049d55
:103c78004c4b049d00000000d837029dd448049d99
:103c88000000000000000000000000007410049d07
:103c98000f0000008c4e00808c4a049d4c4b049d04
:103ca8000000000000000000d448049d000000004f
:103cb80000000000000000007410049d0f000000c8
:103cc800985000808c4a049d4c4b049d00000000d5
:103cd80000000000d448049d00000000000000001f
:103ce800000000007410049d0f000000a452008022
:103cf8008c4a049d4c4b049d00000000000000000d
:103d0800d448049d000000000000000000000000ee
:103d18007410049d0f000000b05400808c4a049d6c
:103d28004c4b049d0000000000000000d448049d96
:103d38000000000000000000000000007410049d56
:103d48000f000000bc5600808c4a049d4c4b049d1b
:103d58000000000000000000d448049d000000009e
:103d680000000000000000007410049d0f00000017
:103d7800c85800808c4a049d4c4b049d00000000ec
:103d880000000000d448049d00000000000000006e
:103d9800000000007410049d0f000000d45a008039
:103da8008c4a049d4c4b049d00000000000000005c
:103db800d448049d0000000000000000000000003e
:103dc8007410049d0f000000e05c00808c4a049d84
:103dd8004c4b049d0000000000000000d448049de6
:103de8000000000000000000000000007410049da6
:103df8000f000000ec5e00808c4a049d4c4b049d33
:103e08000000000000000000d448049d00000000ed
:103e180000000000000000007410049d0f00000066
:103e2800f86000808c4a049d4c4b049d0000000003
:103e380000000000d448049d0000000000000000bd
:103e4800000000007410049d0f000000046300804f
:103e58008c4a049d4c4b049d0000000000000000ab
:103e6800d448049d0000000000000000000000008d
:103e78007410049d0f000000106500808c4a049d9a
:103e88004c4b049d0000000000000000d448049d35
:103e98000000000000000000000000007410049df5
:103ea8000f0000001c6700808c4a049d4c4b049d49
:103eb8000000000000000000d448049d000000003d
:103ec80000000000000000007410049d0f000000b6
:103ed800286900808c4a049d4c4b049d000000001a
:103ee80000000000d448049d00000000000000000d
:103ef800000000007410049d0f000000346b008067
:103f08008c4a049d4c4b049d0000000000000000fa
:103f1800d448049d000000000000000000000000dc
:103f28007410049d0f000000406d00808c4a049db1
:103f38004c4b049d0000000000000000d448049d84
:103f48000000000000000000000000007410049d44
:103f58000f0000004c6f00808c4a049d4c4b049d60
:103f68000000000000000000d448049d000000008c
:103f780000000000000000007410049d0f00000005
:103f8800587100808c4a049d4c4b049d0000000031
:103f980000000000d448049d00000000000000005c
:103fa800000000007410049d0f000000647300807e
:103fb8008c4a049d4c4b049d00000000000000004a
:103fc800d448049d0000000000000000000000002c
:103fd8007410049d0f000000707500808c4a049dc9
:103fe8004c4b049d0000000000000000d448049dd4
:103ff80000000000804c00801c330000010000001d
:10400800a845049dc045049db0b8039dfc0f049dc0
:104018000000000000000000000000000000000098
:104028000000000000000000000000000000000088
:104038000000000000000000000000000000000078
:104048000000000000000000000000000000000068
:104058000000000000000000000000000000000058
:104068000000000000000000000000000000000048
:104078000000000000000000000000000000000038
:104088000000000000000000000000000000000028
:104098000000000000000000000000000000000018
:1040a8000000000000000000000000000000000008
:1040b80000000000000000000000000000000000f8
:1040c80000000000000000000000000000000000e8
:1040d80000000000000000000000000000000000d8
:1040e80000000000000000000000000000000000c8
:1040f80000000000000000000000000000000000b8
:1041080000000000000000000000000000000000a7
:104118000000000000000000000000000000000097
:104128000000000000000000000000000000000087
:104138000000000000000000000000000000000077
:104148000000000000000000000000000000000067
:104158000000000000000000000000000000000057
:104168000000000000000000000000000000000047
:104178000000000000000000000000000000000037
:104188000000000000000000000000000000000027
:104198000000000000000000000000000000000017
:1041a8000000000000000000000000000000000007
:1041b80000000000000000000000000000000000f7
:1041c80000000000000000000000000000000000e7
:1041d80000000000000000000000000000000000d7
:1041e80000000000000000000000000000000000c7
:1041f80000000000000000000000000000000000b7
:10420800000000000000000000000000a845049d18
:10421800c045049db0b8039dfc0f049d000000003c
:104228000000000000000000000000000000000086
:104238000000000000000000000000000000000076
:104248000000000000000000000000000000000066
:104258000000000000000000000000000000000056
:104268000000000000000000000000000000000046
:104278000000000000000000000000000000000036
:104288000000000000000000000000000000000026
:104298000000000000000000000000000000000016
:1042a8000000000000000000000000000000000006
:1042b80000000000000000000000000000000000f6
:1042c80000000000000000000000000000000000e6
:1042d80000000000000000000000000000000000d6
:1042e80000000000000000000000000000000000c6
:1042f80000000000000000000000000000000000b6
:1043080000000000000000000000000000000000a5
:104318000000000000000000000000000000000095
:104328000000000000000000000000000000000085
:104338000000000000000000000000000000000075
:104348000000000000000000000000000000000065
:104358000000000000000000000000000000000055
:104368000000000000000000000000000000000045
:104378000000000000000000000000000000000035
:104388000000000000000000000000000000000025
:104398000000000000000000000000000000000015
:1043a8000000000000000000000000000000000005
:1043b80000000000000000000000000000000000f5
:1043c80000000000000000000000000000000000e5
:1043d80000000000000000000000000000000000d5
:1043e80000000000000000000000000000000000c5
:1043f80000000000000000000000000000000000b5
:1044080000000000000000000000000000000000a4
:104418000000000000000000a845049dc045049d60
:10442800b0b8039dfc0f049d0000000000000000d0
:104438000000000000000000000000000000000074
:104448000000000000000000000000000000000064
:104458000000000000000000000000000000000054
:104468000000000000000000000000000000000044
:104478000000000000000000000000000000000034
:104488000000000000000000000000000000000024
:104498000000000000000000000000000000000014
:1044a8000000000000000000000000000000000004
:1044b80000000000000000000000000000000000f4
:1044c80000000000000000000000000000000000e4
:1044d80000000000000000000000000000000000d4
:1044e80000000000000000000000000000000000c4
:1044f80000000000000000000000000000000000b4
:1045080000000000000000000000000000000000a3
:104518000000000000000000000000000000000093
:104528000000000000000000000000000000000083
:104538000000000000000000000000000000000073
:104548000000000000000000000000000000000063
:104558000000000000000000000000000000000053
:104568000000000000000000000000000000000043
:104578000000000000000000000000000000000033
:104588000000000000000000000000000000000023
:104598000000000000000000000000000000000013
:1045a8000000000000000000000000000000000003
:1045b80000000000000000000000000000000000f3
:1045c80000000000000000000000000000000000e3
:1045d80000000000000000000000000000000000d3
:1045e80000000000000000000000000000000000c3
:1045f80000000000000000000000000000000000b3
:1046080000000000000000000000000000000000a2
:104618000000000000000000000000000000000092
:1046280000000000a845049dc045049db0b8039d46
:10463800fc0f049d000000000000000000000000c6
:104648000000000000000000000000000000000062
:104658000000000000000000000000000000000052
:104668000000000000000000000000000000000042
:104678000000000000000000000000000000000032
:104688000000000000000000000000000000000022
:104698000000000000000000000000000000000012
:1046a8000000000000000000000000000000000002
:1046b80000000000000000000000000000000000f2
:1046c80000000000000000000000000000000000e2
:1046d80000000000000000000000000000000000d2
:1046e80000000000000000000000000000000000c2
:1046f80000000000000000000000000000000000b2
:1047080000000000000000000000000000000000a1
:104718000000000000000000000000000000000091
:104728000000000000000000000000000000000081
:104738000000000000000000000000000000000071
:104748000000000000000000000000000000000061
:104758000000000000000000000000000000000051
:104768000000000000000000000000000000000041
:104778000000000000000000000000000000000031
:104788000000000000000000000000000000000021
:104798000000000000000000000000000000000011
:1047a8000000000000000000000000000000000001
:1047b80000000000000000000000000000000000f1
:1047c80000000000000000000000000000000000e1
:1047d80000000000000000000000000000000000d1
:1047e80000000000000000000000000000000000c1
:1047f80000000000000000000000000000000000b1
:1048080000000000000000000000000000000000a0
:104818000000000000000000000000000000000090
:104828000000000000000000000000000000000080
:10483800a845049dc045049db0b8039dfc0f049d88
:104848000000000000000000000000000000000060
:104858000000000000000000000000000000000050
:104868000000000000000000000000000000000040
:104878000000000000000000000000000000000030
:104888000000000000000000000000000000000020
:104898000000000000000000000000000000000010
:1048a8000000000000000000000000000000000000
:1048b80000000000000000000000000000000000f0
:1048c80000000000000000000000000000000000e0
:1048d80000000000000000000000000000000000d0
:1048e80000000000000000000000000000000000c0
:1048f80000000000000000000000000000000000b0
:10490800000000000000000000000000000000009f
:10491800000000000000000000000000000000008f
:10492800000000000000000000000000000000007f
:10493800000000000000000000000000000000006f
:10494800000000000000000000000000000000005f
:10495800000000000000000000000000000000004f
:10496800000000000000000000000000000000003f
:10497800000000000000000000000000000000002f
:10498800000000000000000000000000000000001f
:10499800000000000000000000000000000000000f
:1049a80000000000000000000000000000000000ff
:1049b80000000000000000000000000000000000ef
:1049c80000000000000000000000000000000000df
:1049d80000000000000000000000000000000000cf
:1049e80000000000000000000000000000000000bf
:1049f80000000000000000000000000000000000af
:104a0800000000000000000000000000000000009e
:104a1800000000000000000000000000000000008e
:104a2800000000000000000000000000000000007e
:104a3800000000000000000000000000a845049de0
:104a4800c045049db0b8039dfc0f049d0000000004
:104a5800000000000000000000000000000000004e
:104a6800000000000000000000000000000000003e
:104a7800000000000000000000000000000000002e
:104a8800000000000000000000000000000000001e
:104a9800000000000000000000000000000000000e
:104aa80000000000000000000000000000000000fe
:104ab80000000000000000000000000000000000ee
:104ac80000000000000000000000000000000000de
:104ad80000000000000000000000000000000000ce
:104ae80000000000000000000000000000000000be
:104af80000000000000000000000000000000000ae
:104b0800000000000000000000000000000000009d
:104b1800000000000000000000000000000000008d
:104b2800000000000000000000000000000000007d
:104b3800000000000000000000000000000000006d
:104b4800000000000000000000000000000000005d
:104b5800000000000000000000000000000000004d
:104b6800000000000000000000000000000000003d
:104b7800000000000000000000000000000000002d
:104b8800000000000000000000000000000000001d
:104b9800000000000000000000000000000000000d
:104ba80000000000000000000000000000000000fd
:104bb80000000000000000000000000000000000ed
:104bc80000000000000000000000000000000000dd
:104bd80000000000000000000000000000000000cd
:104be80000000000000000000000000000000000bd
:104bf80000000000000000000000000000000000ad
:104c0800000000000000000000000000000000009c
:104c1800000000000000000000000000000000008c
:104c2800000000000000000000000000000000007c
:104c3800000000000000000000000000000000006c
:104c48000000000000000000a845049dc045049d28
:104c5800b0b8039dfc0f049d000000000000000098
:104c6800000000000000000000000000000000003c
:104c7800000000000000000000000000000000002c
:104c8800000000000000000000000000000000001c
:104c9800000000000000000000000000000000000c
:104ca80000000000000000000000000000000000fc
:104cb80000000000000000000000000000000000ec
:104cc80000000000000000000000000000000000dc
:104cd80000000000000000000000000000000000cc
:104ce80000000000000000000000000000000000bc
:104cf80000000000000000000000000000000000ac
:104d0800000000000000000000000000000000009b
:104d1800000000000000000000000000000000008b
:104d2800000000000000000000000000000000007b
:104d3800000000000000000000000000000000006b
:104d4800000000000000000000000000000000005b
:104d5800000000000000000000000000000000004b
:104d6800000000000000000000000000000000003b
:104d7800000000000000000000000000000000002b
:104d8800000000000000000000000000000000001b
:104d9800000000000000000000000000000000000b
:104da80000000000000000000000000000000000fb
:104db80000000000000000000000000000000000eb
:104dc80000000000000000000000000000000000db
:104dd80000000000000000000000000000000000cb
:104de80000000000000000000000000000000000bb
:104df80000000000000000000000000000000000ab
:104e0800000000000000000000000000000000009a
:104e1800000000000000000000000000000000008a
:104e2800000000000000000000000000000000007a
:104e3800000000000000000000000000000000006a
:104e4800000000000000000000000000000000005a
:104e580000000000a845049dc045049db0b8039d0e
:104e6800fc0f049d0000000000000000000000008e
:104e7800000000000000000000000000000000002a
:104e8800000000000000000000000000000000001a
:104e9800000000000000000000000000000000000a
:104ea80000000000000000000000000000000000fa
:104eb80000000000000000000000000000000000ea
:104ec80000000000000000000000000000000000da
:104ed80000000000000000000000000000000000ca
:104ee80000000000000000000000000000000000ba
:104ef80000000000000000000000000000000000aa
:104f08000000000000000000000000000000000099
:104f18000000000000000000000000000000000089
:104f28000000000000000000000000000000000079
:104f38000000000000000000000000000000000069
:104f48000000000000000000000000000000000059
:104f58000000000000000000000000000000000049
:104f68000000000000000000000000000000000039
:104f78000000000000000000000000000000000029
:104f88000000000000000000000000000000000019
:104f98000000000000000000000000000000000009
:104fa80000000000000000000000000000000000f9
:104fb80000000000000000000000000000000000e9
:104fc80000000000000000000000000000000000d9
:104fd80000000000000000000000000000000000c9
:104fe80000000000000000000000000000000000b9
:104ff80000000000000000000000000000000000a9
:105008000000000000000000000000000000000098
:105018000000000000000000000000000000000088
:105028000000000000000000000000000000000078
:105038000000000000000000000000000000000068
:105048000000000000000000000000000000000058
:105058000000000000000000000000000000000048
:10506800a845049dc045049db0b8039dfc0f049d50
:105078000000000000000000000000000000000028
:105088000000000000000000000000000000000018
:105098000000000000000000000000000000000008
:1050a80000000000000000000000000000000000f8
:1050b80000000000000000000000000000000000e8
:1050c80000000000000000000000000000000000d8
:1050d80000000000000000000000000000000000c8
:1050e80000000000000000000000000000000000b8
:1050f80000000000000000000000000000000000a8
:105108000000000000000000000000000000000097
:105118000000000000000000000000000000000087
:105128000000000000000000000000000000000077
:105138000000000000000000000000000000000067
:105148000000000000000000000000000000000057
:105158000000000000000000000000000000000047
:105168000000000000000000000000000000000037
:105178000000000000000000000000000000000027
:105188000000000000000000000000000000000017
:105198000000000000000000000000000000000007
:1051a80000000000000000000000000000000000f7
:1051b80000000000000000000000000000000000e7
:1051c80000000000000000000000000000000000d7
:1051d80000000000000000000000000000000000c7
:1051e80000000000000000000000000000000000b7
:1051f80000000000000000000000000000000000a7
:105208000000000000000000000000000000000096
:105218000000000000000000000000000000000086
:105228000000000000000000000000000000000076
:105238000000000000000000000000000000000066
:105248000000000000000000000000000000000056
:105258000000000000000000000000000000000046
:10526800000000000000000000000000a845049da8
:10527800c045049db0b8039dfc0f049d00000000cc
:105288000000000000000000000000000000000016
:105298000000000000000000000000000000000006
:1052a80000000000000000000000000000000000f6
:1052b80000000000000000000000000000000000e6
:1052c80000000000000000000000000000000000d6
:1052d80000000000000000000000000000000000c6
:1052e80000000000000000000000000000000000b6
:1052f80000000000000000000000000000000000a6
:105308000000000000000000000000000000000095
:105318000000000000000000000000000000000085
:105328000000000000000000000000000000000075
:105338000000000000000000000000000000000065
:105348000000000000000000000000000000000055
:105358000000000000000000000000000000000045
:105368000000000000000000000000000000000035
:105378000000000000000000000000000000000025
:105388000000000000000000000000000000000015
:105398000000000000000000000000000000000005
:1053a80000000000000000000000000000000000f5
:1053b80000000000000000000000000000000000e5
:1053c80000000000000000000000000000000000d5
:1053d80000000000000000000000000000000000c5
:1053e80000000000000000000000000000000000b5
:1053f80000000000000000000000000000000000a5
:105408000000000000000000000000000000000094
:105418000000000000000000000000000000000084
:105428000000000000000000000000000000000074
:105438000000000000000000000000000000000064
:105448000000000000000000000000000000000054
:105458000000000000000000000000000000000044
:105468000000000000000000000000000000000034
:105478000000000000000000a845049dc045049df0
:10548800b0b8039dfc0f049d000000000000000060
:105498000000000000000000000000000000000004
:1054a80000000000000000000000000000000000f4
:1054b80000000000000000000000000000000000e4
:1054c80000000000000000000000000000000000d4
:1054d80000000000000000000000000000000000c4
:1054e80000000000000000000000000000000000b4
:1054f80000000000000000000000000000000000a4
:105508000000000000000000000000000000000093
:105518000000000000000000000000000000000083
:105528000000000000000000000000000000000073
:105538000000000000000000000000000000000063
:105548000000000000000000000000000000000053
:105558000000000000000000000000000000000043
:105568000000000000000000000000000000000033
:105578000000000000000000000000000000000023
:105588000000000000000000000000000000000013
:105598000000000000000000000000000000000003
:1055a80000000000000000000000000000000000f3
:1055b80000000000000000000000000000000000e3
:1055c80000000000000000000000000000000000d3
:1055d80000000000000000000000000000000000c3
:1055e80000000000000000000000000000000000b3
:1055f80000000000000000000000000000000000a3
:105608000000000000000000000000000000000092
:105618000000000000000000000000000000000082
:105628000000000000000000000000000000000072
:105638000000000000000000000000000000000062
:105648000000000000000000000000000000000052
:105658000000000000000000000000000000000042
:105668000000000000000000000000000000000032
:105678000000000000000000000000000000000022
:1056880000000000a845049dc045049db0b8039dd6
:10569800fc0f049d00000000000000000000000056
:1056a80000000000000000000000000000000000f2
:1056b80000000000000000000000000000000000e2
:1056c80000000000000000000000000000000000d2
:1056d80000000000000000000000000000000000c2
:1056e80000000000000000000000000000000000b2
:1056f80000000000000000000000000000000000a2
:105708000000000000000000000000000000000091
:105718000000000000000000000000000000000081
:105728000000000000000000000000000000000071
:105738000000000000000000000000000000000061
:105748000000000000000000000000000000000051
:105758000000000000000000000000000000000041
:105768000000000000000000000000000000000031
:105778000000000000000000000000000000000021
:105788000000000000000000000000000000000011
:105798000000000000000000000000000000000001
:1057a80000000000000000000000000000000000f1
:1057b80000000000000000000000000000000000e1
:1057c80000000000000000000000000000000000d1
:1057d80000000000000000000000000000000000c1
:1057e80000000000000000000000000000000000b1
:1057f80000000000000000000000000000000000a1
:105808000000000000000000000000000000000090
:105818000000000000000000000000000000000080
:105828000000000000000000000000000000000070
:105838000000000000000000000000000000000060
:105848000000000000000000000000000000000050
:105858000000000000000000000000000000000040
:105868000000000000000000000000000000000030
:105878000000000000000000000000000000000020
:105888000000000000000000000000000000000010
:10589800a845049dc045049db0b8039dfc0f049d18
:1058a80000000000000000000000000000000000f0
:1058b80000000000000000000000000000000000e0
:1058c80000000000000000000000000000000000d0
:1058d80000000000000000000000000000000000c0
:1058e80000000000000000000000000000000000b0
:1058f80000000000000000000000000000000000a0
:10590800000000000000000000000000000000008f
:10591800000000000000000000000000000000007f
:10592800000000000000000000000000000000006f
:10593800000000000000000000000000000000005f
:10594800000000000000000000000000000000004f
:10595800000000000000000000000000000000003f
:10596800000000000000000000000000000000002f
:10597800000000000000000000000000000000001f
:10598800000000000000000000000000000000000f
:1059980000000000000000000000000000000000ff
:1059a80000000000000000000000000000000000ef
:1059b80000000000000000000000000000000000df
:1059c80000000000000000000000000000000000cf
:1059d80000000000000000000000000000000000bf
:1059e80000000000000000000000000000000000af
:1059f800000000000000000000000000000000009f
:105a0800000000000000000000000000000000008e
:105a1800000000000000000000000000000000007e
:105a2800000000000000000000000000000000006e
:105a3800000000000000000000000000000000005e
:105a4800000000000000000000000000000000004e
:105a5800000000000000000000000000000000003e
:105a6800000000000000000000000000000000002e
:105a7800000000000000000000000000000000001e
:105a8800000000000000000000000000000000000e
:105a9800000000000000000000000000a845049d70
:105aa800c045049db0b8039dfc0f049d0000000094
:105ab80000000000000000000000000000000000de
:105ac80000000000000000000000000000000000ce
:105ad80000000000000000000000000000000000be
:105ae80000000000000000000000000000000000ae
:105af800000000000000000000000000000000009e
:105b0800000000000000000000000000000000008d
:105b1800000000000000000000000000000000007d
:105b2800000000000000000000000000000000006d
:105b3800000000000000000000000000000000005d
:105b4800000000000000000000000000000000004d
:105b5800000000000000000000000000000000003d
:105b6800000000000000000000000000000000002d
:105b7800000000000000000000000000000000001d
:105b8800000000000000000000000000000000000d
:105b980000000000000000000000000000000000fd
:105ba80000000000000000000000000000000000ed
:105bb80000000000000000000000000000000000dd
:105bc80000000000000000000000000000000000cd
:105bd80000000000000000000000000000000000bd
:105be80000000000000000000000000000000000ad
:105bf800000000000000000000000000000000009d
:105c0800000000000000000000000000000000008c
:105c1800000000000000000000000000000000007c
:105c2800000000000000000000000000000000006c
:105c3800000000000000000000000000000000005c
:105c4800000000000000000000000000000000004c
:105c5800000000000000000000000000000000003c
:105c6800000000000000000000000000000000002c
:105c7800000000000000000000000000000000001c
:105c8800000000000000000000000000000000000c
:105c980000000000000000000000000000000000fc
:105ca8000000000000000000a845049dc045049db8
:105cb800b0b8039dfc0f049d000000000000000028
:105cc80000000000000000000000000000000000cc
:105cd80000000000000000000000000000000000bc
:105ce80000000000000000000000000000000000ac
:105cf800000000000000000000000000000000009c
:105d0800000000000000000000000000000000008b
:105d1800000000000000000000000000000000007b
:105d2800000000000000000000000000000000006b
:105d3800000000000000000000000000000000005b
:105d4800000000000000000000000000000000004b
:105d5800000000000000000000000000000000003b
:105d6800000000000000000000000000000000002b
:105d7800000000000000000000000000000000001b
:105d8800000000000000000000000000000000000b
:105d980000000000000000000000000000000000fb
:105da80000000000000000000000000000000000eb
:105db80000000000000000000000000000000000db
:105dc80000000000000000000000000000000000cb
:105dd80000000000000000000000000000000000bb
:105de80000000000000000000000000000000000ab
:105df800000000000000000000000000000000009b
:105e0800000000000000000000000000000000008a
:105e1800000000000000000000000000000000007a
:105e2800000000000000000000000000000000006a
:105e3800000000000000000000000000000000005a
:105e4800000000000000000000000000000000004a
:105e5800000000000000000000000000000000003a
:105e6800000000000000000000000000000000002a
:105e7800000000000000000000000000000000001a
:105e8800000000000000000000000000000000000a
:105e980000000000000000000000000000000000fa
:105ea80000000000000000000000000000000000ea
:105eb80000000000a845049dc045049db0b8039d9e
:105ec800fc0f049d0000000000000000000000001e
:105ed80000000000000000000000000000000000ba
:105ee80000000000000000000000000000000000aa
:105ef800000000000000000000000000000000009a
:105f08000000000000000000000000000000000089
:105f18000000000000000000000000000000000079
:105f28000000000000000000000000000000000069
:105f38000000000000000000000000000000000059
:105f48000000000000000000000000000000000049
:105f58000000000000000000000000000000000039
:105f68000000000000000000000000000000000029
:105f78000000000000000000000000000000000019
:105f88000000000000000000000000000000000009
:105f980000000000000000000000000000000000f9
:105fa80000000000000000000000000000000000e9
:105fb80000000000000000000000000000000000d9
:105fc80000000000000000000000000000000000c9
:105fd80000000000000000000000000000000000b9
:105fe80000000000000000000000000000000000a9
:105ff8000000000000000000000000000000000099
:106008000000000000000000000000000000000088
:106018000000000000000000000000000000000078
:106028000000000000000000000000000000000068
:106038000000000000000000000000000000000058
:106048000000000000000000000000000000000048
:106058000000000000000000000000000000000038
:106068000000000000000000000000000000000028
:106078000000000000000000000000000000000018
:106088000000000000000000000000000000000008
:1060980000000000000000000000000000000000f8
:1060a80000000000000000000000000000000000e8
:1060b80000000000000000000000000000000000d8
:1060c800a845049dc045049db0b8039dfc0f049de0
:1060d80000000000000000000000000000000000b8
:1060e80000000000000000000000000000000000a8
:1060f8000000000000000000000000000000000098
:106108000000000000000000000000000000000087
:106118000000000000000000000000000000000077
:106128000000000000000000000000000000000067
:106138000000000000000000000000000000000057
:106148000000000000000000000000000000000047
:106158000000000000000000000000000000000037
:106168000000000000000000000000000000000027
:106178000000000000000000000000000000000017
:106188000000000000000000000000000000000007
:1061980000000000000000000000000000000000f7
:1061a80000000000000000000000000000000000e7
:1061b80000000000000000000000000000000000d7
:1061c80000000000000000000000000000000000c7
:1061d80000000000000000000000000000000000b7
:1061e80000000000000000000000000000000000a7
:1061f8000000000000000000000000000000000097
:106208000000000000000000000000000000000086
:106218000000000000000000000000000000000076
:106228000000000000000000000000000000000066
:106238000000000000000000000000000000000056
:106248000000000000000000000000000000000046
:106258000000000000000000000000000000000036
:106268000000000000000000000000000000000026
:106278000000000000000000000000000000000016
:106288000000000000000000000000000000000006
:1062980000000000000000000000000000000000f6
:1062a80000000000000000000000000000000000e6
:1062b80000000000000000000000000000000000d6
:1062c800000000000000000000000000a845049d38
:1062d800c045049db0b8039dfc0f049d000000005c
:1062e80000000000000000000000000000000000a6
:1062f8000000000000000000000000000000000096
:106308000000000000000000000000000000000085
:106318000000000000000000000000000000000075
:106328000000000000000000000000000000000065
:106338000000000000000000000000000000000055
:106348000000000000000000000000000000000045
:106358000000000000000000000000000000000035
:106368000000000000000000000000000000000025
:106378000000000000000000000000000000000015
:106388000000000000000000000000000000000005
:1063980000000000000000000000000000000000f5
:1063a80000000000000000000000000000000000e5
:1063b80000000000000000000000000000000000d5
:1063c80000000000000000000000000000000000c5
:1063d80000000000000000000000000000000000b5
:1063e80000000000000000000000000000000000a5
:1063f8000000000000000000000000000000000095
:106408000000000000000000000000000000000084
:106418000000000000000000000000000000000074
:106428000000000000000000000000000000000064
:106438000000000000000000000000000000000054
:106448000000000000000000000000000000000044
:106458000000000000000000000000000000000034
:106468000000000000000000000000000000000024
:106478000000000000000000000000000000000014
:106488000000000000000000000000000000000004
:1064980000000000000000000000000000000000f4
:1064a80000000000000000000000000000000000e4
:1064b80000000000000000000000000000000000d4
:1064c80000000000000000000000000000000000c4
:1064d8000000000000000000a845049dc045049d80
:1064e800b0b8039dfc0f049d0000000000000000f0
:1064f8000000000000000000000000000000000094
:106508000000000000000000000000000000000083
:106518000000000000000000000000000000000073
:106528000000000000000000000000000000000063
:106538000000000000000000000000000000000053
:106548000000000000000000000000000000000043
:106558000000000000000000000000000000000033
:106568000000000000000000000000000000000023
:106578000000000000000000000000000000000013
:106588000000000000000000000000000000000003
:1065980000000000000000000000000000000000f3
:1065a80000000000000000000000000000000000e3
:1065b80000000000000000000000000000000000d3
:1065c80000000000000000000000000000000000c3
:1065d80000000000000000000000000000000000b3
:1065e80000000000000000000000000000000000a3
:1065f8000000000000000000000000000000000093
:106608000000000000000000000000000000000082
:106618000000000000000000000000000000000072
:106628000000000000000000000000000000000062
:106638000000000000000000000000000000000052
:106648000000000000000000000000000000000042
:106658000000000000000000000000000000000032
:106668000000000000000000000000000000000022
:106678000000000000000000000000000000000012
:106688000000000000000000000000000000000002
:1066980000000000000000000000000000000000f2
:1066a80000000000000000000000000000000000e2
:1066b80000000000000000000000000000000000d2
:1066c80000000000000000000000000000000000c2
:1066d80000000000000000000000000000000000b2
:1066e80000000000a845049dc045049db0b8039d66
:1066f800fc0f049d000000000000000000000000e6
:106708000000000000000000000000000000000081
:106718000000000000000000000000000000000071
:106728000000000000000000000000000000000061
:106738000000000000000000000000000000000051
:106748000000000000000000000000000000000041
:106758000000000000000000000000000000000031
:106768000000000000000000000000000000000021
:106778000000000000000000000000000000000011
:106788000000000000000000000000000000000001
:1067980000000000000000000000000000000000f1
:1067a80000000000000000000000000000000000e1
:1067b80000000000000000000000000000000000d1
:1067c80000000000000000000000000000000000c1
:1067d80000000000000000000000000000000000b1
:1067e80000000000000000000000000000000000a1
:1067f8000000000000000000000000000000000091
:106808000000000000000000000000000000000080
:106818000000000000000000000000000000000070
:106828000000000000000000000000000000000060
:106838000000000000000000000000000000000050
:106848000000000000000000000000000000000040
:106858000000000000000000000000000000000030
:106868000000000000000000000000000000000020
:106878000000000000000000000000000000000010
:106888000000000000000000000000000000000000
:1068980000000000000000000000000000000000f0
:1068a80000000000000000000000000000000000e0
:1068b80000000000000000000000000000000000d0
:1068c80000000000000000000000000000000000c0
:1068d80000000000000000000000000000000000b0
:1068e80000000000000000000000000000000000a0
:1068f800a845049dc045049db0b8039dfc0f049da8
:10690800000000000000000000000000000000007f
:10691800000000000000000000000000000000006f
:10692800000000000000000000000000000000005f
:10693800000000000000000000000000000000004f
:10694800000000000000000000000000000000003f
:10695800000000000000000000000000000000002f
:10696800000000000000000000000000000000001f
:10697800000000000000000000000000000000000f
:1069880000000000000000000000000000000000ff
:1069980000000000000000000000000000000000ef
:1069a80000000000000000000000000000000000df
:1069b80000000000000000000000000000000000cf
:1069c80000000000000000000000000000000000bf
:1069d80000000000000000000000000000000000af
:1069e800000000000000000000000000000000009f
:1069f800000000000000000000000000000000008f
:106a0800000000000000000000000000000000007e
:106a1800000000000000000000000000000000006e
:106a2800000000000000000000000000000000005e
:106a3800000000000000000000000000000000004e
:106a4800000000000000000000000000000000003e
:106a5800000000000000000000000000000000002e
:106a6800000000000000000000000000000000001e
:106a7800000000000000000000000000000000000e
:106a880000000000000000000000000000000000fe
:106a980000000000000000000000000000000000ee
:106aa80000000000000000000000000000000000de
:106ab80000000000000000000000000000000000ce
:106ac80000000000000000000000000000000000be
:106ad80000000000000000000000000000000000ae
:106ae800000000000000000000000000000000009e
:106af800000000000000000000000000cc98009d8d
:106b0800944a049d7446049d0000000000000000a3
:106b1800000000000000000000000000000000006d
:106b2800000000000000000000000000000000005d
:106b3800000000000000000000000000000000004d
:106b4800000000000000000000000000000000003d
:106b5800000000000000000000000000000000002d
:106b6800000000000000000000000000000000001d
:106b7800000000000000000000000000000000000d
:106b880000000000000000000000000000000000fd
:106b980000000000000000000000000000000000ed
:106ba80000000000000000000000000000000000dd
:106bb80000000000000000000000000000000000cd
:106bc80000000000000000000000000000000000bd
:106bd80000000000000000000000000000000000ad
:106be800000000000000000000000000000000009d
:106bf800000000000000000000000000000000008d
:106c0800000000000000000000000000000000007c
:106c1800000000000000000000000000000000006c
:106c2800000000000000000000000000000000005c
:106c3800000000000000000000000000000000004c
:106c4800000000000000000000000000000000003c
:106c5800000000000000000000000000000000002c
:106c6800000000000000000000000000000000001c
:106c7800000000000000000000000000000000000c
:106c880000000000000000000000000000000000fc
:106c980000000000000000000000000000000000ec
:106ca80000000000000000000000000000000000dc
:106cb80000000000000000000000000000000000cc
:106cc80000000000000000000000000000000000bc
:106cd80000000000000000000000000000000000ac
:106ce800000000000000000000000000000000009c
:106cf800000000000000000000000000000000008c
:106d0800000000000000000000000000000000007b
:106d1800000000000000000000000000000000006b
:106d2800000000000000000000000000000000005b
:106d3800000000000000000000000000000000004b
:106d4800000000000000000000000000000000003b
:106d5800000000000000000000000000000000002b
:106d6800000000000000000000000000000000001b
:106d7800000000000000000000000000000000000b
:106d880000000000000000000000000000000000fb
:106d980000000000000000000000000000000000eb
:106da80000000000000000000000000000000000db
:106db80000000000000000000000000000000000cb
:106dc80000000000000000000000000000000000bb
:106dd80000000000000000000000000000000000ab
:106de800000000000000000000000000000000009b
:106df800000000000000000000000000000000008b
:106e0800000000000000000000000000000000007a
:106e1800000000000000000000000000000000006a
:106e2800000000000000000000000000000000005a
:106e3800000000000000000000000000000000004a
:106e4800000000000000000000000000000000003a
:106e5800000000000000000000000000000000002a
:106e6800000000000000000000000000000000001a
:106e7800000000000000000000000000000000000a
:106e880000000000000000000000000000000000fa
:106e980000000000000000000000000000000000ea
:106ea80000000000000000000000000000000000da
:106eb80000000000000000000000000000000000ca
:106ec80000000000000000000000000000000000ba
:106ed80000000000000000000000000000000000aa
:106ee800000000000000000000000000000000009a
:106ef800000000000000000000000000000000008a
:106f0800000000000000000000000000d098009d74
:106f18009c4a049d8846049d000000000000000073
:106f28000000000000000000000000000000000059
:106f38000000000000000000000000000000000049
:106f48000000000000000000000000000000000039
:106f58000000000000000000000000000000000029
:106f68000000000000000000000000000000000019
:106f78000000000000000000000000000000000009
:106f880000000000000000000000000000000000f9
:106f980000000000000000000000000000000000e9
:106fa80000000000000000000000000000000000d9
:106fb80000000000000000000000000000000000c9
:106fc80000000000000000000000000000000000b9
:106fd80000000000000000000000000000000000a9
:106fe8000000000000000000000000000000000099
:106ff8000000000000000000000000000000000089
:107008000000000000000000000000000000000078
:107018000000000000000000000000000000000068
:107028000000000000000000000000000000000058
:107038000000000000000000000000000000000048
:107048000000000000000000000000000000000038
:107058000000000000000000000000000000000028
:107068000000000000000000000000000000000018
:107078000000000000000000000000000000000008
:1070880000000000000000000000000000000000f8
:1070980000000000000000000000000000000000e8
:1070a80000000000000000000000000000000000d8
:1070b80000000000000000000000000000000000c8
:1070c80000000000000000000000000000000000b8
:1070d80000000000000000000000000000000000a8
:1070e8000000000000000000000000000000000098
:1070f8000000000000000000000000000000000088
:107108000000000000000000000000000000000077
:107118000000000000000000000000000000000067
:107128000000000000000000000000000000000057
:107138000000000000000000000000000000000047
:107148000000000000000000000000000000000037
:107158000000000000000000000000000000000027
:107168000000000000000000000000000000000017
:107178000000000000000000000000000000000007
:1071880000000000000000000000000000000000f7
:1071980000000000000000000000000000000000e7
:1071a80000000000000000000000000000000000d7
:1071b80000000000000000000000000000000000c7
:1071c80000000000000000000000000000000000b7
:1071d80000000000000000000000000000000000a7
:1071e8000000000000000000000000000000000097
:1071f8000000000000000000000000000000000087
:107208000000000000000000000000000000000076
:107218000000000000000000000000000000000066
:107228000000000000000000000000000000000056
:107238000000000000000000000000000000000046
:107248000000000000000000000000000000000036
:107258000000000000000000000000000000000026
:107268000000000000000000000000000000000016
:107278000000000000000000000000000000000006
:1072880000000000000000000000000000000000f6
:1072980000000000000000000000000000000000e6
:1072a80000000000000000000000000000000000d6
:1072b80000000000000000000000000000000000c6
:1072c80000000000000000000000000000000000b6
:1072d80000000000000000000000000000000000a6
:1072e8000000000000000000000000000000000096
:1072f8000000000000000000000000000000000086
:107308000000000000000000000000000000000075
:10731800000000000000000000000000400581bfe0
:10732800ac01000001000000a0020000a002000063
:10733800a0020000a0020000a0020000a0020000bd
:10734800a0020000a0020000a0020000a0020000ad
:10735800a0020000a0020000a0020000a00200009d
:1073680000020000a0020000a0020000a00200002d
:10737800a0020000a0020000a0020000a00200007d
:10738800a0020000a0020000a0020000a00200006d
:10739800a0020000a002000008020000a0020000f5
:1073a800a0020000a0020000a0020000a00200004d
:1073b800a0020000a0020000a0020000a00200003d
:1073c800a0020000a0020000a0020000a00200002d
:1073d800a0020000a0020000a0020000a00200001d
:1073e800a0020000a0020000a0020000a00200000d
:1073f800a0020000a0020000a0020000a0020000fd
:10740800a0020000a0020000a0020000a0020000ec
:10741800a0020000a0020000a0020000a0020000dc
:10742800a0020000a0020000a0020000a0020000cc
:10743800a0020000a0020000a0020000a0020000bc
:10744800a0020000a0020000a0020000a0020000ac
:10745800a0020000a0020000a0020000a00200009c
:10746800a0020000a0020000a0020000a00200008c
:10747800a0020000a0020000a0020000a00200007c
:10748800a0020000a0020000a0020000a00200006c
:10749800a0020000a0020000a0020000a00200005c
:1074a800a0020000a0020000a0020000a00200004c
:1074b800a0020000a0020000a0020000a00200003c
:1074c800a0020000a0020000a0020000a00200002c
:1074d800a0020000f40681bf48010000010000007e
:1074e800a0020000a0020000a0020000a00200000c
:1074f80010020000a0020000a0020000a00200008c
:10750800a00200001802000020020000a0020000f3
:1075180028020000a002000030020000a0020000c3
:107528003802000040020000a0020000a002000093
:10753800a0020000a0020000a00200004802000013
:10754800500200005802000060020000a002000083
:1075580068020000a002000070020000a002000003
:1075680078020000a002000080020000a0020000d3
:10757800a0020000a0020000a0020000a00200007b
:10758800a0020000a0020000a0020000a00200006b
:10759800a0020000a0020000a0020000a00200005b
:1075a800a00200008802000090020000a002000073
:1075b800a0020000a0020000a0020000a00200003b
:1075c800a0020000a0020000a0020000a00200002b
:1075d800a0020000a0020000a0020000a00200001b
:1075e800a0020000a0020000a0020000a00200000b
:1075f80098020000a0020000a0020000a002000003
:10760800a0020000a0020000a0020000a0020000ea
:10761800a0020000a0020000a0020000a0020000da
:10762800a0020000a0020000400881bf0c0000007a
:1076380001000000a0020000a0020000a00200005b
:10764800500881bf0400000001000000a0020000f3
:10765800580881bf1400000001000000a0020000cb
:10766800a0020000a0020000a0020000a00200008a
:10767800740881bf1800000001000000a00200008b
:10768800a0020000a0020000a0020000a00200006a
:10769800a0020000940881bf04000000010000005f
:1076a800a002000048000080240000000100000043
:1076b800ffffffffffffffff01000000ffffffffcd
:1076c800ffffffff01000000ffffffffffffffffbd
:1076d8000100000040a300806800000001000000d5
:1076e80048a3008048a300800100000003000000b8
:1076f8000000000000000000000000000000000082
:10770800000000001498039d000000000000000025
:10771800000000008c4b049d2cdd039d0000000040
:107728000000000000000000000000000000000051
:107738000000000000000000000000000000000041
:107748000000000000000000480300800400000062
:107758000100000044a300804c03008004000000e6
:1077680000000000000000006666666666666666e1
:020000040000fa
:020000041d00dd
:107778006882828fd8ffbd27010043242000b3af61
:107788001c00b2af1800b1af1400b0af2400bfaff7
:107798009710410f688283af0180043c30b0932476
:1077a800380065926882918f258060005800a01487
:1077b800259040003400668e2b3866002000e05487
:1077c800010033321a00c3503000688e10006a92ec
:1077d800d40740550c00638e08006b8ed9046011e5
:1077e80001000e2450006e150180023c04006f92c7
:1077f8000200383206001f2404000824050079928c
:107808000af8180106007392254800000750ef0394
:1078180030b08b8c0438497d0730f9030728f3030f
:10782800047ac97c020065a13f000010000069a528
:107838002b484800e6ff205110006a9201003332bd
:1078480089046016ff00053c253000000180023cd9
:10785800f0af532430b0838c38006f92003ccc7c5e
:1078680002006ca03400e011000066a43c006b9696
:10787800f0af478c3e006c920000eba40200eca035
:1078880001800d3cb0afb3253800639249006054c5
:107898003c00689634006e8e2b780e02c203e055c9
:1078a80001003332bc03d0513000788e10007f9233
:1078b800da05e0570c00648e0800628eae044010b2
:1078c80001000a2440004a1401800a3c04006b921b
:1078d80002002c3206000f240400182405006e92c2
:1078e8000a780c030600739225c8000007f8eb011c
:1078f800b0afad8d0438f97f0730ee010728f301ea
:10790800047ad97c0200a5a12f0000100000b9a5b7
:107918003c006d9630b0878c3e006e920000eda45e
:107928000200eea00180023cf0af532438006f92b1
:10793800cfffe0553c006b963400788e2bc81802b8
:107948008d032057010033328703105330007f8e98
:1079580010006492ca0580540c00648e0800698e79
:10796800b904201101000c24c6ff2c1501800d3c20
:1079780004006d9202002e32060018240400192417
:1079880005006f920ac02e030600739225f80000c6
:1079980007480d03f0af488c04383f7d07300f03cc
:1079a80007281303047adf7c020005a1b4ff001046
:1079b80000001fa5b0afa78d3e0062920000e8a4aa
:1079c8000200e2a001800a3c70af532538006392a0
:1079d800200060543c006d9634006b8e2b600b02c7
:1079e8007d038055010033327703705130006e8e6d
:1079f80010007892000700570c00648e0800798efa
:107a0800ab042013010009241700291701800b3c3f
:107a18000400689202002b3206000e2404000f2492
:107a280005006c920a70eb010600739225c00000f5
:107a380007c8c80170af4a8d0438387f0730cc01b9
:107a48000728d301047ad87c020045a1050000105c
:107a5800000058a570af428d3e00699200004da409
:107a6800020049a001800b3c30af732538006392b7
:107a7800200060543c006a963400678e2b60070231
:107a880061038055010033325b03f05030006e8e85
:107a980010006f92bf06e0550c00648e0800788ec7
:107aa8009d04001301001f2417001f1701800d3cbf
:107ab80004006d920200293206000e2404000824f6
:107ac80005006c920a70090106007392257800007f
:107ad80007c0cd0130af6b8d04380f7f0730cc0164
:107ae8000728d301047acf7c020065a105000010a5
:107af80000006fa530af628d3e007f9200004aa45f
:107b080002005fa001800d3cf0aeb32538006392ff
:107b1800200060543c006b963400678e2b480702a7
:107b280045032055010033323f03f05030006c8e7e
:107b3800100068927e0600550c00648e08006f8e57
:107b48004e04e011010019241700f91501800a3cc0
:107b580004006a9202003f3206000c2404000e243e
:107b6800050069920a60df0106007392257800001b
:107b780007308a01f0aead8d0438cf7c074089010b
:107b880007289301047a0f7d0200a5a105000010c3
:107b98000000afa5f0aea28d3e00799200004ba484
:107ba800020059a001800a3cb0ae53253800639208
:107bb800200060543c0068963400678e2bf807025a
:107bc8002903e057010033322303f0503000698e57
:107bd80010006e923d06c0550c00648e08006f8e32
:107be8004004e011010018241700f81501800b3c2f
:107bf80004006b92020039320600092404000c24a8
:107c080005007f920a4899010600739225700000ca
:107c180007782b01b0ae4a8d0438ee7d07303f015e
:107c280007283301047ace7c020045a10500001024
:107c380000004ea5b0ae428d3e007892000048a4e8
:107c4800020058a001800b3c70ae73253800639287
:107c5800200060543c006a963400678e2bc80702e7
:107c68000d032057010033320703f05030007f8e98
:107c780010006c92920680550c00648e08006e8e7f
:107c8800ca03c01101000d241700cd150180183c4e
:107c9800040068920200383206001f2404000924f8
:107ca800050079920af838010600739225600000f1
:107cb8000770e80370ae6b8d0438cc7d0730f9038c
:107cc8000728f303047acc7c020065a105000010a4
:107cd80000006ca570ae628d3e006d9200004aa453
:107ce80002004da00180183c30ae13273800639283
:107cf800200060543c006b963400678e2bc8070246
:107d0800f102205701003332eb02f05030007f8e31
:107d180010006992510620550c00648e08006c8e84
:107d2800bc03801101000f2417008f1501800a3c45
:107d380004006a9202002d3206001f240400082461
:107d4800050079920af80d01060073922548000093
:107d58000760ea0330ae188f0438897d0730f903cd
:107d68000728f303047ac97c020005a30500001064
:107d7800000009a730ae028f3e006f9200004ba4ae
:107d880002004fa001800a3cf0ad532538006392f1
:107d9800200060543c0078963400678e2b680702f8
:107da800d502a05501003332cf02f0503000798e51
:107db80010006892ac0500550c00648e0800698eae
:107dc8002304201101000e2417002e1501800b3cfe
:107dd80004006b9202002f320600192404001f24ad
:107de80005006d920ac8ef0306007392254800004b
:107df80007302b03f0ad4a8d0438c97c07402d03aa
:107e080007283303047a097d020045a10500001004
:107e1800000049a5f0ad428d3e006e92000058a4c6
:107e280002004ea001800b3cb0ad73253800639270
:107e3800200060543c0068963400678e2b78070257
:107e4800b902e05501003332b302f05030006d8eb4
:107e580010007f926b05e0570c00648e0800698e55
:107e68005f03201101000c2417002c150180183c19
:107e78000400789202002e3206000d240400192412
:107e880005006f920a682e030600739225f8000019
:107e98000748b801b0ad6b8d04383f7d0730af019e
:107ea8000728b301047adf7c020065a105000010f1
:107eb80000007fa5b0ad628d3e006c92000048a422
:107ec80002004ca00180183c70ad13273800639263
:107ed800200060543c006b963400678e2b700702bc
:107ee8009d02c055010033329702f05030006f8e6a
:107ef80010007992f80420570c00648e08007f8ed9
:107f0800ed03e01301000a241700ea1701800c3c76
:107f18000400689202002c3206000f2404000d248d
:107f280005006e920a78ac010600739225c800001d
:107f380007f8e80170ad188f0438f97f0730ee01b3
:107f48000728f301047ad97c020005a30500001074
:107f5800000019a770ad028f3e006a9200004ba482
:107f680002004aa001800c3c30ad93253800639292
:107f7800200060543c0078963400678e2b7007020e
:107f88008102c055010033327b02f05030006f8e01
:107f980010006d92b704a0550c00648e0800798e0d
:107fa800df032013010009241700291701800b3c67
:107fb80004006b9202002a3206000f2404000824f1
:107fc80005006e920a780a0106007392256800007f
:107fd80007c8eb0130ad8c8d04382d7f0730ee01da
:107fe8000728f301047acd7c020085a10500001062
:107ff80000008da530ad828d3e006992000058a426
:10800800020049a001800b3cf0ac73253800639254
:10801800200060543c006c963400678e2b50070299
:1080280065024055010033325f02f05030006e8e19
:1080380010006892da0400550c00648e08006d8efa
:108048009003a01101001f241700bf150180183ce0
:10805800040078920200293206000e2404000f243e
:1080680005006a920a70e90106007392256800000b
:108078000730d801f0ac6b8d0438cd7c0740ca01bd
:108088000728d301047a0d7d020065a105000010c0
:1080980000006da5f0ac628d3e007f9200004ca4fc
:1080a80002005fa00180183cb0ac1327380063922f
:1080b800200060543c0068963400678e2b48070205
:1080c80049022055010033324302f05030006a8ed5
:1080d80010006f929904e0550c00648e08006d8eb4
:1080e8008203a011010019241700b91501800c3c66
:1080f80004006c9202003f3206000a2404000e2499
:10810800050069920a50df01060073922578000085
:1081180007684c01b0ac188f0438af7d07304901af
:1081280007285301047acf7c020005a3050000103c
:1081380000000fa7b0ac028f3e007992000048a45f
:10814800020059a001800c3c70ac93253800639262
:10815800200060543c0078963400678e2bf80702a4
:108168002d02e057010033322702f0503000698eab
:1081780010006e922604c0550c00648e08006f8ea5
:108188000c03e01101000b241700eb150180193cca
:1081980004006892020039320600092404000a2407
:1081a80005007f920a485901060073922570000065
:1081b8000778280170ac8c8d0438ee7d07303f01bc
:1081c80007283301047ace7c020085a1050000103f
:1081d80000008ea570ac828d3e006b92000058a402
:1081e80002004ba00180193c30ac33273800639261
:1081f800200060543c006c963400678e2bf8070210
:108208001102e057010033320b02f0503000698e42
:1082180010006a92e50340550c00648e08006e8ecb
:10822800fe02c01101000d241700cd150180183c75
:108238000400789202002b32060009240400082466
:1082480005007f920a480b01060073922550000032
:108258000770380130ac398f0438ca7d07303f01c8
:1082680007283301047aca7c020025a30500001000
:1082780000002aa730ac228f3e006d9200004ca46b
:1082880002004da00180183cf0ab13273800639220
:10829800200060543c0079963400678e2b58070202
:1082a8000501605501003332ff00f05030007f8e29
:1082b80010006892a40300550c00648e08006a8eb2
:1082c800a202401101000f2417004f1501800c3c39
:1082d80004006c9202002d3206001f2404000924b9
:1082e80005006b920af82d010600739225500000d4
:1082f8000730ec03f0ab188f0438ca7c0740eb0357
:108308000728f303047a0a7d020005a3050000107c
:1083180000000aa7f0ab028f3e006f92000059a43c
:1083280002004fa001800c3cb0ab9325380063924b
:10833800200060543c0068963400678e2b68070262
:10834800e900a05501003332e300f05030006b8e95
:1083580010006992630320550c00648e08006a8e31
:10836800a102401101000e2417004e150180193c8e
:108378000400799202002f3206000b2404001f2407
:1083880005006d920a58ef03060073922548000015
:1083980007507901b0ab8c8d0438497d07306d01e9
:1083a80007287301047ac97c020085a10500001022
:1083b800000089a5b0ab828d3e006e92000048a4f3
:1083c80002004ea00180193c70ab3327380063923d
:1083d800200060543c006c963400678e2b780702ae
:1083e800cd00e05501003332c700f05030006d8eeb
:1083f80010007f92f002e0570c00648e0800698e2e
:108408005f022011010018241700381501800e3c66
:108418000400689202002e3206000d2404000b248a
:1084280005006f920a686e010600739225f8000035
:108438000748a80170ab398f04383f7d0730af017a
:108448000728b301047adf7c020025a30500001089
:1084580000003fa770ab228f3e00789200004ca42a
:10846800020058a001800e3c30abd325380063923f
:10847800200060543c006d963400678e2b7807020c
:10848800b100e05501003332ab00f0503000708e7f
:1084980010006d92af02a0550c00688e0800688e1f
:1084a8009b010011010009241700091590828b8f88
:1084b8000400799202002a320600182404000724d6
:1084c80005006c920ac0ea00060073922578000045
:1084d8000780190330abce8d04380f7e07900c034c
:1084e80007681303047a4f7e0200cda1050000102f
:1084f8000000cfa530abc88d3e00719200000da5dd
:10850800020011a190828b8f07f0400f94828bafed
:10851800d7de400f000000001adf400f0000000007
:108528005ddf400f00000000a0df400f00000000ea
:10853800e3df400f000000008082938f049d063c1b
:10854800049d053c25206002d84bd08c0611410fb4
:10855800d44bb28c070040547c82938f253800009e
:1085680025304002252800027d0e410f252060029b
:108578007c82938f049d1f3c049d033c2520600250
:10858800e04bf18f0611410fdc4b708c0700405413
:108598007882938f25380000253000022528200294
:1085a8007d0e410f252060027882938f049d023c46
:1085b800049d093c25206002e84b518c0611410faf
:1085c800e44b328d070040147482908f25380000e8
:1085d80025304002252820027d0e410f252060020b
:1085e8007482908f049d193c049d0a3c252000024a
:1085f800f04b338f0611410fec4b518d070040545f
:108608007082908f253800002530200225286002ce
:108618007d0e410f252000027082908f049d0c3c36
:10862800049d183c25200002f84b938d0611410f3c
:10863800f44b128f070040546c82908f253800004d
:1086480025304002252860027d0e410f25200002ba
:108658006c82908f049d073c049d0f3c25200002ee
:10866800004cf18c0611410ffc4bf38d0700405470
:108678002400bf8f253800002530600225282002fd
:108688007d0e410f252000022400bf8f2000b38fec
:108698001c00b28f1800b18f1400b08f1c00042486
:1086a8002a0f410b2800bd272b485f0201ff2051ec
:1086b800100068920100333213016016ff00053c78
:1086c80025300000f0ab0e8f003cc47c0200c4a132
:1086d80014ff00100000c6a52bf84b021dffe05345
:1086e800100069920100333205016016ff00053c55
:1086f80025300000b0ab988d003cc47c020004a378
:1087080030ff0010000006a72b584d0239ff6051ba
:1087180010007f9201003332f7006016ff00053c1d
:108728002530000070ab2a8f003cc47c020044a1b5
:108738004cff0010000046a52b90500255ff4052f8
:1087480010006d9201003332e9006016ff00103c02
:108758002578000030abce8d003cf27d0200d2a11e
:1087680068ff00100000cfa52b405f0279fc005184
:108778001000649201003332db006016ff00053cf4
:1087880025300000f0af4a8c003cc47c020044a1b4
:108798003bfc0010000046a52bc8580244fc20539f
:1087a80010007f9201003332cd006016ff00053cb7
:1087b80025300000b0afa98d003cc47c020024a184
:1087c80080fc0010000026a52b784e0289fce051a1
:1087d8001000789201003332bf006016ff00053c9c
:1087e8002530000070af5f8d003cc47c0200e4a31c
:1087f8009cfc00100000e6a72b404e02a5fc00518f
:1088080010006f9201003332b1006016ff00053c82
:108818002530000030af798d003cc47c020024a3d1
:10882800b8fc0010000026a72b704c02c1fcc051f8
:108838001000689201003332a3006016ff00053c67
:1088480025300000f0aeb88d003cc47c020004a3c3
:10885800d4fc0010000006a72b604902ddfc805103
:1088680010006e920100333295006016ff00053c3f
:1088780025300000b0ae4d8d003cc47c0200a4a1a0
:10888800f0fc00100000a6a52b485f02f9fc20515f
:1088980010006c920100333287006016ff00053c1f
:1088a8002530000070ae6f8d003cc47c0200e4a14e
:1088b8000cfd00100000e6a52b405f0215fd0051dd
:1088c800100069920100333279006016ff00053c00
:1088d8002530000030ae0e8f003cc47c0200c4a1dd
:1088e80028fd00100000c6a52bf8590231fde05301
:1088f80010006892010033326b006016ff00053cdf
:1089080025300000f0ad4c8d003cc47c020084a1f1
:1089180044fd0010000086a52bc84d024dfd2053d4
:1089280010007f92010033325d006016ff00053ca5
:1089380025300000b0ad6a8d003cc47c020044a123
:1089480060fd0010000046a52b684f0269fda0518c
:1089580010007992010033324f006016ff00053c89
:108968002530000070ad098f003cc47c020024a1b2
:108978007cfd0010000026a52b404f0285fd00510c
:1089880010006d920100333241006016ff00053c73
:108998002530000030ad9f8d003cc47c0200e4a36c
:1089a80098fd00100000e6a72b784e02a1fde051cb
:1089b800100068920100333233006016ff00053c56
:1089c80025300000f0ac798d003cc47c020024a363
:1089d800b4fd0010000026a72b704a02bdfdc0514f
:1089e80010006f920100333225006016ff00053c2d
:1089f80025300000b0ac0b8f003cc47c020064a1a1
:108a0800d0fd0010000066a52b504902d9fd405149
:108a180010006e920100333217006016ff00053c0b
:108a28002530000070ac8d8d003cc47c0200a4a1f0
:108a3800ecfd00100000a6a52b404902f5fd0051f1
:108a480010006a920100333209006016ff00053ced
:108a58002530000030ac2f8f003cc47c0200e4a11c
:108a680008fe00100000e6a578fb0010ffffa63402
:108a7800f8ff0010ffffa634eaff0010ffffa6343e
:108a8800dcff0010ffffa634ceff0010ffffa63466
:108a9800c0ff0010ffffa634b2ff0010ffffa6348e
:108aa800a4ff0010ffffa63496ff0010ffffa634b6
:108ab80088ff0010ffffa6347aff0010ffffa634de
:108ac8006cff0010ffffa6345eff0010ffffa63406
:108ad80050ff0010ffffa63442ff0010ffffa6342e
:108ae80034ff0010ffffa63426ff0010ffffa63456
:108af80018ff0010ffff0f360aff0010ffffa63413
:108b0800fcfe0010ffffa634eefe0010ffffa634a7
:108b180004007192050065920600649225580000d1
:108b28000331110030abdf8d0438cb7c031905000d
:108b380003110400047a6b7c0200e2a371fe0010aa
:108b48000000eba704006692050065920600639298
:108b5800256000000311060030b08d8c04384c7c71
:108b68000321050003390300047a8c7c0200a7a1c5
:108b78006cfb00100000aca504006692050065922d
:108b8800060064922548000003190600b0afa88dbe
:108b98000438697c0339050003110400047ae97c70
:108ba800020002a187fb0010000009a504006692dc
:108bb80005006592060064922578000003110600fe
:108bc80070ae6a8d04384f7c031905000339040020
:108bd800047a6f7c020047a142fc001000004fa5f8
:108be8000400669205006592060064922550000014
:108bf80003110600b0ad688d04384a7c03190500de
:108c080003390400047a6a7c020007a1adfc001055
:108c180000000aa5040066920500659206006492a9
:108c2800257000000311060030ae0b8f04384e7c0f
:108c38000319050003390400047a6e7c020067a159
:108c480050fc001000006ea50400669205006592b5
:108c5800060064922550000003190600f0af4b8c03
:108c680004386a7c0339050003110400047aea7c9d
:108c7800020062a102fb001000006aa504006692cf
:108c8800050065920600649225c0000003110600e5
:108c9800f0aeab8d0438587c031905000339040085
:108ca800047a787c020067a1befb0010000078a55a
:108cb80004006692050065920600649225f800009b
:108cc8000311060070af4d8d04385f7c0339050031
:108cd80003190400047aff7c0200a3a161fb0010c1
:108ce8000000bfa504006692050065920600649224
:108cf8002568000003110600b0ae488d04384d7c8d
:108d08000319050003390400047a6d7c020007a1e9
:108d1800ccfb001000000da50400669205006592ca
:108d28000600649225c800000311060030af6a8d62
:108d38000438597c0319050003390400047a797c46
:108d4800020047a16ffb0010000059a504006692bd
:108d58000500659206006492257000000311060064
:108d6800f0ab198f04384e7c031905000339040051
:108d7800047a6e7c020027a36afd001000002ea76b
:108d88000400669205006592060064922550000072
:108d98000311060070ab2c8f04384a7c03190500b8
:108da80003390400047a6a7c020087a1adfd001033
:108db80000008aa504006692050065920600649288
:108dc800256800000311060070ac988d04384d7cae
:108dd8000319050003390400047a6d7c020007a317
:108de80000fd001000000da70400669205006592c2
:108df8000600649225c0000003110600b0ab888d00
:108e08000438587c0319050003390400047a787c77
:108e1800020007a16bfd0010000018a5040066926f
:108e2800050065920600649225780000031106008b
:108e380030ac2c8f04384f7c03190500033904002b
:108e4800047a6f7c020087a10efd001000008fa538
:108e58000400669205006592060064922560000091
:108e680003110600f0ad588d04384c7c0319050039
:108e780003390400047a6c7c020007a3e9fb0010a4
:108e880000000ca704006692050065920600649233
:108e980025c8000003110600f0ac6c8d0438597c1d
:108ea8000319050003390400047a797c020087a1bc
:108eb8007cfc0010000099a50400669205006592ec
:108ec80006006492254800000311060070ad0b8f60
:108ed8000438497c0319050003390400047a697cc5
:108ee800020067a11ffc0010000069a5040066923b
:108ef80005006592060064922558000003110600db
:108f0800b0ac088f04384b7c031905000339040002
:108f1800047a6b7c020007a18afc001000000ba5f4
:108f280004006692050065920600649225f8000028
:108f38000311060030ad988d04385f7c03190500d5
:108f480003390400047a7f7c020007a32dfc00107b
:108f580000001fa70400718e0c006b9226201101df
:108f68000600052404001f240af8a4000d006692d8
:108f78000e0063920710eb032548000030abd98d33
:108f88000750e6030438497c0760e303047a497d07
:108f98000180183c0180073c02002ca3000029a78f
:108fa8001800062444ab0527f305410f3cabe42425
:108fb80054fd0010280060a204006a8e0c00629222
:108fc80026608a0006000724040003240d00789216
:108fd8000a18ec000e006e920778620025680000ff
:108fe80070ab288f0438ed7d0758780007f86e00bd
:108ff800047a6d7d0180093c0180193c02001fa1a3
:1090080000000da51800062484ab2525f305410fa3
:109018007cab242713fd0010280060a20400698e91
:109028000c0068922638890006000a2404000324ec
:109038000d0062920a1847010e006b9207606800e3
:1090480025700000b0afaf8d04388e7d07c0620078
:1090580007c86b00047a0e7f01801f3c01800d3c1d
:109068000200f9a10000eea518000624c4afe52708
:10907800f305410fbcafa42552fa0010280060a2e6
:1090880004006a8e0c006b9226388a0006000d24b4
:10909800040003240d006c920a18a7010e006e92ba
:1090a80007786b0025c00000f0af598c0438f87db4
:1090b80007f86c0007106e00047af87f0180093cfd
:1090c8000180083c020022a3000038a718000624eb
:1090d80004b02525f305410ffcaf0425e8f900107d
:1090e800280060a20400788e0c0062922640980046
:1090f80006000724040003240d006e920a18e800f5
:109108000e0079920778620025680000b0ab8b8d5d
:109118000438ed7d07f86e0007487900047aed7f82
:1091280001800a3c01800c3c020069a100006da589
:1091380018000624c4ab4525f305410fbcab8425b4
:10914800a0fc0010280060a204006e8e0c00629241
:1091580026c88e0006000724040003240d006f9221
:109168000a18f9000e006c92076862002558000082
:10917800f0ab1f8f0438ab7d07486f0007506c00b9
:10918800047a2b7d0180183c0180083c0200eaa388
:109198000000eba71800062404ac0527f305410fcf
:1091a800fcab04255ffc0010280060a204006f8e51
:1091b8000c00629226608f00060007240400032436
:1091c8000d006d920a18ec000e00789207586200a4
:1091d80025f8000030ac298f04387f7d07406d00ea
:1091e80007507800047a1f7d01800e3c0180193ced
:1091f80002002aa100003fa51800062444acc5259a
:10920800f305410f3cac24271efc0010280060a287
:1092180004006d8e0c00629226c08d0006000724a3
:10922800040003240d006b920a18f8000e007992ce
:1092380007f862002548000070ac888d0438e97f83
:1092480007506b0007707900047a497d01800f3c54
:1092580001800c3c02000ea1000009a5180006249c
:1092680084ace525f305410f7cac8425ddfb0010bb
:10927800280060a204007f8e0c00629226c09f0026
:1092880006000724040003240d0069920a18f80058
:109298000e006b92075062002570000030ad8f8d74
:1092a80004384e7d0740690007686b00047a0e7d1c
:1092b8000180193c01800c3c0200eda10000eea5e4
:1092c8001800062444ad2527f305410f3cad84253d
:1092d8004cfb0010280060a20400698e0c0062920a
:1092e8002658890006000724040003240d006a920a
:1092f8000a18eb000e006c920770620025780000d7
:1093080070ad088f0438cf7d07686a0007c86c0005
:10931800047aaf7d01801f3c0180183c020019a12e
:1093280000000fa51800062484ade527f305410fba
:109338007cad04270bfb0010280060a204006b8e94
:109348000c00629226408b000600072404000324c8
:109358000d0079920a18e8000e006c9207f8620076
:1093680025480000b0ac0a8f0438e97f07707900ff
:1093780007786c00047ac97d01800d3c0180183c97
:1093880002004fa1000049a518000624c4aca52579
:10939800f305410fbcac04276afb0010280060a24b
:1093a8000400798e0c00629226609900060007245a
:1093b800040003240d007f920a18ec000e00789236
:1093c8000748620025500000f0ac6e8d04382a7df5
:1093d80007787f0007687800047aea7d01800b3cf3
:1093e8000180083c0200cda10000caa5180006248f
:1093f80004ad6525f305410ffcac042529fb0010dd
:10940800280060a204006a8e0c00629226408a003e
:1094180006000724040003240d006c920a18e800d3
:109428000e0078920770620025780000b0ad6d8d4f
:109438000438cf7d07c86c0007f87800047a2f7fbe
:109448000180093c01800b3c0200bfa10000afa5d0
:1094580018000624c4ad2525f305410fbcad6425cd
:1094680098fa0010280060a204006c8e0c0062922a
:1094780026c08c0006000724040003240d006e9209
:109488000a18f8000e006b92077862002568000041
:10949800f0ad598d0438ed7d07f86e0007486b0074
:1094a800047aed7f01800a3c0180083c020029a370
:1094b80000002da71800062404ae4525f305410f2a
:1094c800fcad042557fa0010280060a204006d8e38
:1094d8000c00629226408d00060007240400032435
:1094e8000d0078920a18e8000e006b9207c8620017
:1094f80025f80000b0ae498d04383f7f076078003a
:1095080007706b00047a9f7d01800f3c01800a3c44
:1095180002002ea100003fa518000624c4aee525d0
:10952800f305410fbcae4425c6f90010280060a21f
:109538000400788e0c0062922658980006000724d2
:10954800040003240d0079920a18eb000e006a92b9
:1095580007f8620025480000f0aeac8d0438e97fba
:109568000770790007786a00047ac97d01800d3c8c
:109578000180083c02008fa1000089a5180006247c
:1095880004afa525f305410ffcae042585f90010ad
:10959800280060a20400798e0c006292265099007f
:1095a80006000724040003240d007f920a18ea002d
:1095b8000e006d92074862002560000030af6e8d86
:1095c80004382c7d07407f0007786d00047a0c7df5
:1095d8000180183c01800b3c0200cfa10000cca503
:1095e8001800062444af0527f305410f3caf642556
:1095f80044f90010280060a204007f8e0c006292db
:1096080026689f0006000724040003240d006992c1
:109618000a18ed000e006b920760620025700000ca
:1096280070af488d04388e7d0778690007c06b00dd
:10963800047aee7d0180193c01800a3c020018a1e1
:1096480000000ea51800062484af2527f305410f56
:109658007caf442503f90010280060a204006e8e38
:109668000c00629226588e0006000724040003248a
:109678000d006f920a18eb000e006a9207686200ec
:1096880025c8000030ae1f8f0438b97d07406f0031
:1096980007486a00047a197d01800c3c0180183c57
:1096a8000200e9a30000f9a71800062444ae8525a6
:1096b800f305410f3cae0427b2f90010280060a260
:1096c80004006f8e0c00629226508f00060007245b
:1096d800040003240d006d920a18ea000e00789227
:1096e80007c8620025f8000070ae688d04383f7f17
:1096f80007486d0007607800047a3f7d01800e3cc2
:1097080001800b3c02000ca100001fa518000624d4
:1097180084aec525f305410f7cae642571f90010b0
:10972800280060a204006c8e0c006d9226386c0034
:1097380006000f24040002240d006e920a10e701af
:109748000e00789207c84d0025f8000030b0888ccc
:1097580004383f7f07204e00047a9f7c0748580052
:1097680001800a3c01800b3c020009a100001fa5f2
:109778001800062444b04525f305410f3cb0642584
:0897880068f80010280060a23f
:020000040000fa
:020000041d00dd
:10979000506173736564000041434b206661696cde
:1097a00065640000496e76616c696420494400007c
:1097b000446961676e6f7374696373206661696c75
:1097c000656400004f7665722074656d7065726126
:1097d00074757265000000004f76657220637572c3
:1097e00072656e7400000000496e74657272757067
:1097f00074206661696c6564000000005553422066
:10980000686f737420636f6e6e65637465640000c7
:1098100055534220686f737420646973636f6e6e72
:10982000656374656400000055534220706f727464
:10983000206f70656e65640055534220706f7274be
:1098400020636c6f73656400494d552062756666d0
:109850006572206f766572666c6f772e2025752095
:1098600073616d706c6573206c6f73742e2025733b
:1098700020626c6f636b696e672e00005553422047
:10988000627566666572206f766572666c6f772e9c
:1098900020257a75206279746573206c6f73742e3d
:1098a0000000000053657269616c20627566666530
:1098b00072206f766572666c6f772e20257a752020
:1098c0006279746573206c6f73742e005553420077
:1098d00053657269616c0000ffffffffffffffff30
:1098e000ffffffffffffffffffffffffffffffff88
:1098f000ffffffffffffffff0000000044617461f6
:10990000206d69736d617463680000005265736552
:1099100074200000504f522000000000424f52209f
:109920000000000049444c4520000000534c4545d0
:10993000502000005744544f20000000444d544f25
:109940002000000053575220000000004558545298
:1099500020000000434d52200000000042434647d3
:109960004641494c200000004243464745525220a0
:109970000000000025730000257800002566000027
:10998000252a73737472696e670a0000252a736e44
:10999000756d6265720a0000252a736f626a6563dd
:1099a000740a0000252a7361727261790a0000004e
:1099b000252a73626f6f6c65616e0a00252a736ecb
:1099c000756c6c0a000000004f6b0000496e7661f8
:1099d0006c69642073796e7461780000556e6578e7
:1099e0007065637465642074797065004d69737384
:1099f000696e67206f626a65637420656e6400003b
:109a00004d697373696e6720617272617920656e4a
:109a1000640000004d697373696e6720636f6d6d3c
:109a2000610000004d697373696e67206b65790092
:109a30004d697373696e6720636f6c6f6e00000011
:109a40004d697373696e6720737472696e67206500
:109a50006e640000537472696e6720746f6f206cbf
:109a60006f6e6700496e76616c6964207374726909
:109a70006e67206368617261637465720000000044
:109a8000496e76616c696420737472696e672065d3
:109a900073636170652073657175656e6365000041
:109aa000496e76616c696420737472696e672068b0
:109ab0006578206573636170652073657175656e87
:109ac00063650000556e61626c6520746f20706183
:109ad00072736520737472696e672068657820659b
:109ae00073636170652073657175656e63650000f1
:109af000496e76616c6964206e756d626572206670
:109b00006f726d61740000004e756d626572207435
:109b10006f6f206c6f6e6700556e61626c652074ac
:109b20006f207061727365206e756d6265720000e2
:109b300063616c6962726174696f6e5f64617465a0
:109b4000000000006779726f73636f70655f6d6905
:109b500073616c69676e6d656e7400006779726f12
:109b600073636f70655f73656e736974697669742a
:109b7000790000006779726f73636f70655f6f665d
:109b80006673657400000000616363656c65726fe5
:109b90006d657465725f6d6973616c69676e6d6523
:109ba0006e740000616363656c65726f6d657465ea
:109bb000725f73656e736974697669747900000009
:109bc000616363656c65726f6d657465725f6f6606
:109bd0006673657400000000736f66745f69726f6e
:109be0006e5f6d6174726978000000006861726474
:109bf0005f69726f6e5f6f66667365740000000068
:109c00006d6f64656c00000073657269616c5f6ef6
:109c1000756d6265720000006861726477617265db
:109c20005f76657273696f6e00000000626f6f741b
:109c30006c6f616465725f76657273696f6e000048
:109c40006669726d776172655f76657273696f6e52
:109c5000000000006465766963655f6e616d650094
:109c600073657269616c5f656e61626c656400004a
:109c700073657269616c5f626175645f726174655e
:109c80000000000073657269616c5f7274735f63da
:109c900074735f656e61626c656400006779726ff2
:109ca00073636f70655f6e6f7463685f66696c7411
:109cb00065725f656e61626c656400006779726fe2
:109cc00073636f70655f616e74695f616c69617306
:109cd000696e6700616363656c65726f6d6574655d
:109ce000725f616e74695f616c696173696e670050
:109cf00073616d706c655f72617465006178657326
:109d00005f72656d617000006779726f73636f7069
:109d1000655f626961735f636f7272656374696fb7
:109d20006e5f656e61626c656400000061687273ed
:109d30005f7570646174655f726174655f64697694
:109d400069736f7200000000616872735f6178650b
:109d5000735f636f6e76656e74696f6e00000000ee
:109d6000616872735f6761696e0000006168727399
:109d70005f616363656c65726174696f6e5f726564
:109d80006a656374696f6e00646174615f6d6573a9
:109d9000736167655f6d6f64650000006168727371
:109da0005f6d6573736167655f747970650000004e
:109db000696e65727469616c5f6d65737361676507
:109dc0005f726174655f64697669736f7200000029
:109dd000616872735f6d6573736167655f726174eb
:109de000655f64697669736f7200000074656d70f9
:109df000657261747572655f6d6573736167655fc8
:109e0000726174655f64697669736f720000000047
:109e10007573625f73656e645f6d6f6465000000eb
:109e200073657269616c5f73656e645f6d6f6465a5
:109e30000000000043616c6962726174696f6e209a
:109e400044617465000000004779726f73636f703e
:109e500065204d6973616c69676e6d656e74000095
:109e60004779726f73636f70652053656e736974a1
:109e700069766974790000004779726f73636f7057
:109e800065204f666673657400000000416363657a
:109e90006c65726f6d65746572204d6973616c6974
:109ea000676e6d656e740000416363656c65726f0b
:109eb0006d657465722053656e7369746976697433
:109ec00079000000416363656c65726f6d65746550
:109ed00072204f666673657400000000536f6674ed
:109ee0002049726f6e204d61747269780000000025
:109ef000486172642049726f6e204f6666736574a4
:109f0000000000004d6f64656c00000053657269cd
:109f1000616c204e756d626572000000486172646c
:109f2000776172652056657273696f6e000000007c
:109f3000426f6f746c6f61646572205665727369ed
:109f40006f6e00004669726d7761726520566572aa
:109f500073696f6e00000000446576696365204e8a
:109f6000616d650053657269616c20456e61626c5c
:109f70006564000053657269616c204261756420fc
:109f8000526174650000000053657269616c205273
:109f900054532f43545320456e61626c6564000036
:109fa0004779726f73636f7065204e6f74636820ba
:109fb00046696c74657220456e61626c6564000070
:109fc0004779726f73636f706520416e74692d619c
:109fd0006c696173696e6700416363656c65726f7c
:109fe0006d6574657220416e74692d616c69617371
:109ff000696e670053616d706c6520526174650015
:10a00000417865732052656d617000004779726f09
:10a0100073636f7065204269617320436f7272656c
:10a020006374696f6e20456e61626c656400000048
:10a0300041485253205570646174652052617465c3
:10a040002044697669736f720000000041485253e2
:10a05000204178657320436f6e76656e74696f6e0c
:10a060000000000041485253204761696e00000023
:10a070004148525320416363656c65726174696f36
:10a080006e2052656a656374696f6e004461746125
:10a09000204d657373616765204d6f646500000036
:10a0a00041485253204d6573736167652054797040
:10a0b00065000000496e65727469616c204d6573be
:10a0c0007361676520526174652044697669736fb6
:10a0d0007200000041485253204d657373616765fb
:10a0e00020526174652044697669736f72000000c4
:10a0f00054656d7065726174757265204d6573731a
:10a1000061676520526174652044697669736f7276
:10a11000000000005553422053656e64204d6f646b
:10a120006500000053657269616c2053656e6420a0
:10a130004d6f6465000000002573207265636569da
:10a140007665206572726f722e20496e76616c6939
:10a1500064206d7578206d657373616765206c652b
:10a160006e6774682e000000257320726563656950
:10a170007665206572726f722e204d7578206e6f35
:10a180007420737570706f727465642e0000000027
:10a1900025732072656365697665206572726f72da
:10a1a0002e20496e76616c6964206d757820636835
:10a1b000616e6e656c203078253032582e000000bc
:10a1c0007b222573223a25737d0a00007b2265726b
:10a1d000726f72223a222573227d00004e756d62e5
:10a1e0006572206d75737420626520612036342d90
:10a1f00062697420756e7369676e656420696e7438
:10a200006567657200000000256c6c750000000039
:10a2100025732072656365697665206572726f7259
:10a220002e204e6f742061204a534f4e206f626a79
:10a230006563742e000000002573207265636569f4
:10a240007665206572726f722e20556e61626c6544
:10a2500020746f207061727365206b65792e2025e4
:10a26000732e00002573207265636569766520652d
:10a2700072726f722e20556e61626c6520746f2051
:10a2800070617273652076616c75652e2025732e62
:10a29000000000002573207265636569766520659e
:10a2a00072726f722e204a534f4e206f626a65633e
:10a2b00074206973206e6f7420612073696e676cff
:10a2c00065206b65792f76616c75652070616972a8
:10a2d0002e000000526561642d6f6e6c79000000e5
:10a2e000656e756d6572617465000000256900001a
:10a2f000556e61626c6520746f20706172736520a9
:10a30000696e646578000000556e6b6e6f776e2025
:10a31000636f6d6d616e640025732072656365699e
:10a320007665206572726f722e2042756666657260
:10a33000206f76657272756e2e0000002573207294
:10a34000656365697665206572726f722e20556e41
:10a350006578706563746564207465726d696e619b
:10a3600074696f6e2e000000257320726563656945
:10a370007665206572726f722e204d697373696ef7
:10a3800067207465726d696e6174696f6e2e00006e
:10a390007b22696e74657266616365223a22257359
:10a3a000222c226e616d65223a222573222c2273a3
:10a3b0006e223a222573227d0000000074727565ba
:10a3c0000000000066616c73650000005b5b256641
:10a3d0002c25662c25665d2c5b25662c25662c2598
:10a3e000665d2c5b25662c25662c25665d5d000070
:10a3f0005b25662c25662c25665d000022257322d0
:10a4000000000000257500007b222573223a257389
:10a410007d0000003939393939392e393939390057
:10a420002d3939393939392e393939390000000097
:10a430004e564d20626c616e6b000000436f6d6d77
:10a44000616e64206e6f74206170706c696361620c
:10a450006c6500004c4544206f76657272696465d6
:10a4600020656e61626c6564000000002325580061
:10a47000537472696e6720666f726d6174206d75ba
:10a480007374206265202352524747424200000005
:10a490002223253036582200466163746f7279207a
:10a4a0006d6f64652064697361626c6564000000af
:10a4b0003f0000005477696e74696720494d55006c
:10a4c00043617270757320494d55000049204d65f8
:10a4d000746163617270616c20494d550000000029
:10a4e000492050726f78696d616c20494d550000ac
:10a4f000492044697374616c20494d550000000087
:10a500004949204d65746163617270616c20494de9
:10a510005500000049492050726f78696d616c20c8
:10a52000494d55004949204d6964646c6520494d89
:10a530005500000049492044697374616c20494dfd
:10a5400055000000494949204d657461636172708e
:10a55000616c20494d5500004949492050726f787f
:10a56000696d616c20494d55000000004949492042
:10a570004d6964646c6520494d5500004949492086
:10a5800044697374616c20494d5500004956204d53
:10a5900065746163617270616c20494d5500000003
:10a5a00049562050726f78696d616c20494d550095
:10a5b0004956204d6964646c6520494d5500000082
:10a5c00049562044697374616c20494d5500000060
:10a5d00056204d65746163617270616c20494d5500
:10a5e00000000000562050726f78696d616c204940
:10a5f0004d55000056204d6964646c6520494d55e9
:10a6000000000000562044697374616c20494d5568
:10a610000000000070696e670000000064656661fc
:10a62000756c74006170706c790000007361766500
:10a630000000000072657374617274006865616483
:10a64000696e67006e6f74650000000074696d6567
:10a650007374616d70000000626c696e6b000000c5
:10a660007374726f62650000636f6c6f75720000c7
:10a67000636f6c6f72000000686170746963000042
:10a68000666163746f7279006572617365000000c2
:10a690005477696e7469672076312e322e3100004e
:10a6a0004861707469632020202020202020202011
:10a6b00025730a0043617270757320454550524fef
:10a6c0004d20202025730a00434831204545505233
:10a6d0004f4d20202020202025730a00434832209f
:10a6e000454550524f4d20202020202025730a0040
:10a6f00043483320454550524f4d202020202020f4
:10a7000025730a0043483420454550524f4d2020c0
:10a710002020202025730a0043483520454550520b
:10a720004f4d20202020202025730a00434831204f
:10a73000494d5531202020202020202025730a005b
:10a7400043483120494d5532202020202020202010
:10a7500025730a0043483120494d553320202020dd
:10a760002020202025730a0043483120494d5534cc
:10a77000202020202020202025730a00434832205a
:10a78000494d5531202020202020202025730a000b
:10a7900043483220494d55322020202020202020bf
:10a7a00025730a0043483220494d5533202020208c
:10a7b0002020202025730a0043483220494d55347b
:10a7c000202020202020202025730a004348332009
:10a7d000494d5531202020202020202025730a00bb
:10a7e00043483320494d553220202020202020206e
:10a7f00025730a0043483320494d5533202020203b
:10a800002020202025730a0043483320494d553429
:10a81000202020202020202025730a0043483420b7
:10a82000494d5531202020202020202025730a006a
:10a8300043483420494d553220202020202020201c
:10a8400025730a0043483420494d553320202020e9
:10a850002020202025730a0043483420494d5534d8
:10a86000202020202020202025730a004348352066
:10a87000494d5531202020202020202025730a001a
:10a8800043483520494d55322020202020202020cb
:10a8900025730a0043483520494d55332020202098
:10a8a0002020202025730a0043483520494d553487
:10a8b000202020202020202025730a00696e6600b9
:10a8c0006e616e00696e66696e69747900000000e1
:10a8d000286e696c2900000025000000494e4600e2
:04a8e0004e414e0097
:020000040000fa
:020000041d00dd
:10a8e40098ffbd274400b1af0880113c6400bfaf9e
:10a8f4006000beaf5c00b7af5800b6af5400b5af50
:10a904005000b4af4c00b3af4800b2af6e12410f69
:10a914004000b0afc8ac23921700621000000000e2
:10a924009710410f25804000c8ac26260c00c58c2a
:10a934002b3865001000e01425206000e601a31008
:10a9440019000a3c80a24b3521604b002b10820178
:10a9540021684400c8ac30a20800ccacd00100127d
:10a964000c00cdac019d123c0180133cfc974526a4
:10a974009fe6400f88aa64267112410f0880143c98
:10a98400b8ac95921600a21225b040009710410f62
:10a99400b8ac97260c00f88e2bf078001000c01786
:10a9a40025c86000d90103131900033c80a2703448
:10a9b400213050002b28c2002120b900b8ac96a247
:10a9c4000800e6aebd01c0120c00e4ae019d093cd6
:10a9d40001800a3c289825259fe6400f88aa442533
:10a9e4000880123ca0ac5326049d0b3c040061c6b5
:10a9f4001c8e60c53208004613000145a0ac5e926f
:10aa04000105023c01000c2400bd4d3425700000fa
:10aa1400040060e6a0ac4ca208006dae9710410f94
:10aa24000c006eae0800748e0c00758e21b082028c
:10aa34002bb8d40221c0a30221c8f802100076aebc
:10aa4400140079aea0ac5e920d00c01700000000a7
:10aa54006400bf8f6000be8f5c00b78f5800b68f54
:10aa64005400b58f5000b48f4c00b38f4800b28fa0
:10aa74004400b18f4000b08f0800e0036800bd2798
:10aa84009710410f000000001400718e2b8071009c
:10aa9400efff00161000668eb00123122bf846005b
:10aaa4000800688e0c00678e2128c8002b20a600a1
:10aab40021482702216089002b508301a001401105
:10aac40000000000212848002b58a200211867002c
:10aad400216063010180023c64a24d8c100065aecc
:10aae4000c00b48d09f8800214006cae830340148a
:10aaf4002598400001801e3c01800f3cf4a0f58d98
:10ab04000c00b68e09f8c002000000007003401467
:10ab140025b840000180173c0180193c849f318f87
:10ab24000c00308e09f80002000000005e0340149f
:10ab3400259040000180163c0180063c149edf8c69
:10ab44000c00e28f09f84000000000004c034014a0
:10ab540025a040000180153c0180073ca49ce98ca1
:10ab64000c00338d09f86002000000003a03401421
:10ab7400258840000180143c0180053c349bab8c4b
:10ab84000c00708d09f80002000000002803401436
:10ab9400259040000180133c01800c3cc4998d8dac
:10aba4000c00a28d09f840000000000016034014b8
:10abb400258840000180123c01800f3c5498f88d98
:10abc4000c00108f09f80002000000000303401479
:10abd400258840000180113c0180083ce496068de4
:10abe4000c00c28c09f8400000000000f002401480
:10abf400258040000180103c01801f3c7495e78f44
:10ac04000c00e28c09f8400000000000dc02401453
:10ac140001800a3c1000aaaf0180033c04946c8cb0
:10ac24000c00828d09f8400000000000c8024014a6
:10ac340001800e3c1400aeaf0180193c9492288f21
:10ac44000c00028d09f8400000000000b40240141a
:10ac54000180043c1800a4af01801f3c2491e78fbd
:10ac64000c00e28c09f8400000000000a00240142f
:10ac74000180053c1c00a5af01800d3cb48fae8d56
:10ac84000c00c28d09f84000000000008c02401442
:10ac94000180183c2000b8af0180063c448ec48c6f
:10aca4000c00828c09f84000000000007802401477
:10acb40001800a3c2400aaaf01801f3cd48ce78f9a
:10acc4000c00e28c09f8400000000000640240140b
:10acd40001800c3c2800acaf01800f3c648bf88de4
:10ace4000c00028f09f840000000000050024014dc
:10acf4000180083c2c00a8af0180063cf489ca8c72
:10ad04000c00428d09f84000000000003c02401491
:10ad14000180053c3000a5af01801f3c8488e78f8b
:10ad24000c00e28c09f840000000000028024014e6
:10ad340001800e3c3400aeaf0180193c1487288f8b
:10ad44000c00028d09f840000000000014024014b9
:10ad54000180093c3800a9af0180063c88aac424bc
:10ad64004d12410f3c00a6af060240143c00a38fd5
:10ad74003c00ac8f5012410f88aa8425fa0140147c
:10ad84003c00a78f4d12410f30aac427f001401494
:10ad9400019d0d3c5012410f30aac427e601401416
:10ada400019d0e3c4d12410fd8a9e426dc0140540c
:10adb400019d1e3c5012410fd8a9e426d201401433
:10adc400019d0f3c4d12410f80a9c426c801405477
:10add400019d173c5012410f80a9c426be014014a6
:10ade400019d183c4d12410f28a9a426b4014054da
:10adf400019d163c5012410f28a9a426aa01401413
:10ae0400019d193c4d12410fd0a88426a001405445
:10ae1400019d153c5012410fd0a884269601401480
:10ae2400019d083c4d12410f78a864268c014054c2
:10ae3400019d143c5012410f78a8642682014014ed
:10ae4400253040004d12410f20a84426780140547b
:10ae5400019d133c5012410f20a844266e0140145a
:10ae6400019d043c4d12410fc8a72426640140549f
:10ae7400019d123c5012410fc8a724265a014014c8
:10ae8400019d093c4d12410f70a704265001405406
:10ae9400019d113c5012410f70a704264601401435
:10aea400019d0a3c1000b08f4d12410f18a70426d3
:10aeb4003a0140141000a38f1000a68f5012410fc6
:10aec40018a7c4242e0140141000ac8f1400bf8fa7
:10aed400c0a6e4274d12410f0000000021014014d8
:10aee4001400ad8f1400ae8f5012410fc0a6c425bc
:10aef400150140141400af8f1800b78f4d12410f85
:10af040068a6e426090140541800b68f1800b98fca
:10af14005012410f68a62427fd0040141800a88f82
:10af24001c00b48f4d12410f10a68426f10040542a
:10af34001c00b38f1c00a48f5012410f10a6842450
:10af4400e50040141c00a98f2000b18f4d12410f61
:10af5400b8a52426d90040542000b08f2000ab8f20
:10af64005012410fb8a56425cd0040142000ac8fc9
:10af74002400a68f4d12410f60a5c424c1004014c3
:10af84002400bf8f2400a78f5012410f60a5e42432
:10af9400b50040142400ae8f2800be8f4d12410f1f
:10afa40008a5c427a90040542800b78f2800b88feb
:10afb4005012410f08a504279d0040142800b98fa2
:10afc4002c00b58f4d12410fb0a4a426910040541b
:10afd4002c00b48f2c00a28f5012410fb0a4442433
:10afe400850040142c00a48f3000b28f4d12410f05
:10aff40058a44426790040543000b18f3000aa8f01
:10b004005012410f58a444256d0040143000ab8ffa
:10b014003400a38f4d12410f00a464246100401436
:10b024003400bf8f3400a68f5012410f00a4c424f3
:10b03400550040143400a78f3800ad8f4d12410fd6
:10b04400a8a3a425490040143800be8f3800af8f50
:10b054005012410fa8a3e4257efe40106400bf8f68
:10b064003800b88f019d173c6000be8f5800b68f22
:10b074005400b58f5000b48f4c00b38f4800b28f8a
:10b084004400b18f4000b08fa498e5265c00b78fd0
:10b0940025304000a8a30427a6e2400b6800bd2782
:10b0a400019d0e3c01800f3c1098c5259fe6400f82
:10b0b40088aae42530fe001000000000019d073c32
:10b0c4000180083c3898e5249fe6400f88aa0425af
:10b0d40044fe00100880123c0800c88c2b4848002d
:10b0e40025fe201580a24b3521604b002b108201d8
:10b0f40021684400c8ac30a20800ccac19fe00168c
:10b104000c00cdace7ff0010019d0e3c0800ff8e43
:10b114002b885f0032fe201680a27034213050004c
:10b124002b28c2002120b900b8ac96a20800e6aed4
:10b1340026fec0160c00e4aee1ff0010019d073ca2
:10b1440065fe6c540180023c2b90a20062fe4052ca
:10b154000180023c5cfe00102128480051fee053af
:10b164000800688e3bfe00106400bf8f019d0e3cfa
:10b17400253040007c98c525a6e2400fa8a3c4272b
:10b18400b3ff00103800af8f019d053c253040000f
:10b19400a498a524a6e2400f00a4e424a7ff00106d
:10b1a4003800ad8f019d0c3c2530400000a4e427fd
:10b1b400a6e2400f7c9885259bff00103400a68fe3
:10b1c400019d103c25304000a4980526a6e2400fbe
:10b1d40058a464258fff00103400a38f019d093cff
:10b1e400253040007c982525a6e2400f58a424264b
:10b1f40083ff00103000aa8f019d133c25304000ce
:10b20400a4986526a6e2400fb0a4842477ff00101a
:10b214003000b28f019d083c253040007c98052504
:10b22400a6e2400fb0a484266bff00102c00a28f6e
:10b23400019d163c25304000a498c526a6e2400f87
:10b2440008a524275fff00102c00b58f019d0f3c3b
:10b25400253040007c98e525a6e2400f08a5e426a9
:10b2640053ff00102800b88f019d0d3c253040008d
:10b27400a498a525a6e2400f60a5c42547ff0010a9
:10b284002800be8f019d053c2530400060a5e427c1
:10b29400a6e2400f7c98a5243bff00102400a78f52
:10b2a400019d033c25304000a4986524a6e2400f8c
:10b2b400b8a584252fff00102400a68f019d0a3c09
:10b2c400253040007c984525a6e2400fb8a5042609
:10b2d40023ff00102000ab8f019d123c253040005d
:10b2e400a4984526a6e2400f10a6242517ff0010b7
:10b2f4002000b18f25304000019d023c7c984524fc
:10b30400a6e2400f10a664260bff00101c00a48fb9
:10b31400019d153c25304000a498a526a6e2400fc7
:10b3240068a60425fffe00101c00b48f019d183c84
:10b33400253040007c980527a6e2400f68a6c42665
:10b34400f3fe00101800b98f019d1e3c253040000b
:10b35400a498c527a6e2400fc0a6e425e7fe001086
:10b364001800b78f019d073c253040007c98e524e8
:10b37400a6e2400fc0a6a425dbfe00101400ae8f89
:10b38400019d053c25304000a498a524a6e2400f69
:10b3940018a78425cefe00101400bf8f019d0b3c1e
:10b3a400253040007c986525a6e2400f18a7642448
:10b3b400c2fe00101000a68f25304000a498452539
:10b3c400a6e2400f70a70426b7fe00101000b08f4d
:10b3d400253040007c982526a6e2400f70a704265d
:10b3e400acfe00100000000025304000a498252584
:10b3f400a6e2400fc8a72426a2fe00100000000009
:10b40400253040007c984526a6e2400fc8a7242694
:10b4140098fe001000000000a49885242530400008
:10b42400a6e2400f20a844268efe00100000000073
:10b43400253040007c986526a6e2400f20a84426cb
:10b4440084fe001000000000019d023ca4984524e5
:10b45400a6e2400f78a864267afe001000000000df
:10b46400253040007c988526a6e2400f78a8642603
:10b4740070fe00100000000025304000a49805254f
:10b48400a6e2400fd0a8842666fe0010000000004b
:10b49400253040007c98a526a6e2400fd0a884263b
:10b4a4005cfe00100000000025304000a498252711
:10b4b400a6e2400f28a9a42652fe001000000000b6
:10b4c400253040007c98c526a6e2400f28a9a42672
:10b4d40048fe00100000000025304000a498052715
:10b4e400a6e2400f80a9c4263efe00100000000022
:10b4f400253040007c98e526a6e2400f80a9c426aa
:10b5040034fe00100000000025304000a498e5251a
:10b51400a6e2400fd8a9e4262afe0010000000008d
:10b52400253040007c98c527a6e2400fd8a9e42620
:10b5340020fe00100000000025304000a498c5251e
:10b54400a6e2400f30aac42716fe00100000000037
:10b55400253040007c98a525a6e2400f30aac427d8
:10b564000cfe001000000000019d1f3c253040002f
:10b57400a498e527a6e2400f88aae42401fe00105f
:10b5840000000000019d053c253040007c98a52466
:10b59400a6e2400f88aa6424f6fd00103c00ac8f9c
:10b5a4008d12410f3800a2af01800a3c3800a68feb
:10b5b400019d0b3c2538400048986525a8a34425e7
:10b5c400a6e2400f3800aaafe4fd00100180063c5b
:10b5d4008d12410f3400a2af01800f3c3400a68fbe
:10b5e400019d183c253840004898052700a4e4250f
:10b5f400a6e2400f3400afafd0fd00100180193c2b
:10b604008d12410f3000a2af0180033c3000a68fa1
:10b61400019d0c3c253840004898852558a4642495
:10b62400a6e2400f3000a3afbcfd001001801f3c18
:10b634008d12410f2c00a2af2c00a68f0180043c78
:10b64400019d093c2c00a4af2538400048982525cd
:10b65400a6e2400fb0a48424a8fd00100180063c9b
:10b664008d12410f2800a2af01800d3c2800a68f47
:10b67400019d0e3c253840004898c52508a5a42501
:10b68400a6e2400f2800adaf94fd001001800f3cee
:10b694008d12410f2400a2af01800b3c2400a68f21
:10b6a400019d053c253840004898a52460a56425e3
:10b6b400a6e2400f2400abaf80fd001001801f3cc8
:10b6c4008d12410f2000a2af0180193c2000a68feb
:10b6d400019d083c2538400048980525b8a5242735
:10b6e400a6e2400f2000b9af6cfd00100180063cbb
:10b6f4008d12410f1c00a2af0180033c1c00a68fd9
:10b70400019d0c3c253840004898852510a66424ea
:10b71400a6e2400f1c00a3af58fd001001800d3cb1
:10b724008d12410f1800a2af0180093c1800a68faa
:10b73400019d0a3c253840004898452568a62425e3
:10b74400a6e2400f1800a9af44fd001001801f3c81
:10b754008d12410f1400a2af01800f3c1400a68f7c
:10b76400019d183c2538400048980527c0a6e425cb
:10b77400a6e2400f1400afaf30fd00100180193c69
:10b784008d12410f1000a2af01800b3c1000a68f58
:10b79400019d053c253840004898a52418a7642538
:10b7a400a6e2400f1000abaf1cfd00100180033c6b
:10b7b4008d12410f0000000025300002019d043c61
:10b7c4000180103c4898852425384000a6e2400fab
:10b7d40070a7042609fd001001801f3c8d12410f43
:10b7e4000000000025302002019d193c0180113c1d
:10b7f4002538400048982527a6e2400fc8a72426ec
:10b80400f6fc00100180083c8d12410f0180123caf
:10b81400019d0e3c25384000253020024898c5255e
:10b82400a6e2400f20a84426e4fc001001800f3c4f
:10b834008d12410f0180133c019d033c25384000cb
:10b844002530400248986524a6e2400f78a8642673
:10b85400d2fc001001800c3c8d12410f0180143c7d
:10b86400019d0a3c25384000253020024898452592
:10b87400a6e2400fd0a88426c0fc00100180053c3d
:10b884008d12410f0180153c019d043c489885248c
:10b894002538400025308002a6e2400f28a9a426be
:10b8a400aefc00100180073c8d12410f0180163c54
:10b8b400019d083c25384000253040024898052564
:10b8c400a6e2400f80a9c4269cfc00100180063c1f
:10b8d4008d12410f000000002530e002019d183c4c
:10b8e4000180173c2538400048980527a6e2400f00
:10b8f400d8a9e42689fc00100180193c8d12410f5f
:10b9040001801e3c019d0e3c25384000253060021c
:10b914004898c525a6e2400f30aac42777fc00103a
:04b9240001800f3c53
:020000040000fa
:020000041d00dd
:10b92800b8ffbd272c00b0af2580a0003400b2af0f
:10b938003000b1af0000c58c0400c78c4400bfaf15
:10b948004000b5af3c00b4af3800b3af2590c0009d
:10b9580025888000290100122400a0af01000224dc
:10b96800520003242400a2af76030212000083a031
:10b97800020006242c0004242540a7002400a6afba
:10b988002e020011010024a202000624cccc0b3c9c
:10b99800cdcc6d351000ae2725580000ffffaf2530
:10b9a8000061070002a7050025a8940100d8b87c0b
:10b9b80000d8b97e2110190302fe070021405f005c
:10b9c80019000d01259860011018000001006b2571
:10b9d800822003000408037c2148640023500901e5
:10b9e8002360aa0019088d012bc0ac0018008f0134
:10b9f80023c8f80012a0200000002d7342f814009c
:10ba080080401f001210000010a820002118e80331
:10ba18004020030021a855002348a4002150cb0151
:10ba280030002c252510e00042c01400c03f15004e
:10ba380025c8a000ffff4ca12528f800d8ff401416
:10ba4800423815000a003f2fd6ffe0530061070077
:10ba580003006d3221c0d3012c00a0113f000f2438
:10ba68002b98d0000900601221a02602000008834c
:10ba7800e0ff0225ff0043305f00642c0a40e40128
:10ba8800000088a20100c62401000224ffff182735
:10ba9800010015241d00b5112548000302000b24e0
:10baa8000f00ab112bf8d0002b50d0000c004051e8
:10bab800ffff382500000c8321c02602e0ff9925ee
:10bac800ff0025335f00a72c0a60e70100000ca3e4
:10bad8000100c62401000224ffff38252bf8d000fe
:10bae8000900e0132198260200000d83e0ffa82535
:10baf800ff0014315f00822e0a68e20100006da287
:10bb08000100c62401000224ffff18272b18d000cb
:10bb18000900601021a8260200000483e0ff8924a0
:10bb2800ff002b315f006a2d0a20ea010000a4a261
:10bb38000100c624010002242400d811ffff0c27ad
:10bb48002b98d0000900601221a0260200008881ed
:10bb5800e0ff0225ff0043305f00642c0a40e40147
:10bb6800000088a20100c624010002242ba8d000ee
:10bb78000900a01221582602ffff8981e0ff2a252b
:10bb8800ff0058315f00192f0a48f901000069a128
:10bb98000100c624010002242b28d0000900a010af
:10bba80021382602feff9f81e0ffed27ff00b33119
:10bbb8005f00682e0af8e8010000ffa00100c62413
:10bbc80001000224d1ff0010fdff98250100405418
:10bbd8002400a6af0800478e049d133c888e62c6d9
:10bbe800001887443e100346a00101452400a58f94
:10bbf800049d063c8c8ec4c4002887443e29044614
:10bc0800a70205452400ae8f2400a6272528000298
:10bc18007259400f252020020c00478e888e69c675
:10bc2800005087443e4d0a4664011545049d0f3c6b
:10bc38008c8eebc53e560b467b0219452400a62781
:10bc4800252800027259400f252020021000478e37
:10bc5800888e6dc6007087443e6f0e4637011d45bd
:10bc6800049d0d3c8c8eafc53e740f4650021145a5
:10bc78002400a627252800027259400f25202002fb
:10bc88001400478e888e71c6009087443e881246fd
:10bc98000a010145049d0f3c8c8ef3c53e91134665
:10bca800250205452400a627252800027259400fc1
:10bcb800252020021800478e888e77c600c8874442
:10bcc8003eba1946dd000945049d0d3c8c8ebbc566
:10bcd8003ecb1b46fa010d452400a6272528000265
:10bce8007259400f252020021c00478e888e7fc67f
:10bcf800000087443efd0046b0001545049d143cf5
:10bd08008c8e82c63e060246cf0119452400a6271e
:10bd1800252800027259400f252020022000478e56
:10bd2800888e63c6002087443e1f044683001d4555
:10bd3800049d0d3c8c8ea5c53e240546a4011145e5
:10bd48002400a627252800027259400f252020022a
:10bd58002400478e888e67c6004087443e380846d0
:10bd680056000145049d143c8c8e89c63e41094607
:10bd7800790105452400a627252800027259400f9d
:10bd8800252020022800478e888e6bc600608744d5
:10bd98003e5a0c462c000945049d123c8c8e4dc61b
:10bda8003e630d464f010d452400a62725280002b5
:10bdb8007259400f252020022400a28f2bc050006a
:10bdc8001300001300000000218022020a00112441
:10bdd80001004224000011a24400bf8f4000b58f2b
:10bde8003c00b48f3800b38f3400b28f3000b18f6d
:10bdf8002c00b08f0800e0034800bd272550a7009d
:10be0800430240510800c78ce0fe001025300000b6
:10be1800f2ff00124400bf8f213030020a000e24c6
:10be2800ffffcea04400bf8f4000b58f3c00b48f09
:10be38003800b38f3400b28f3000b18f2c00b08f30
:10be48000800e0034800bd272400b88f2b481003e2
:10be580004002011215838022c000a2400006aa18d
:10be680001001827019d193c2510000325400000fa
:10be78003900032414a425273f001f24e0ff6d2464
:10be8800ff00b2315f00532e2b3850000a18f3031d
:10be9800216022020400e0100100a524000083a113
:10bea80001004224010008240000a380f4ff60146c
:10beb800e0ff6d24c1ff00100a1008032400a48fbe
:10bec8002b6890000700a01101009824216024022b
:10bed8002c000e24252000032400b8af00008ea1fa
:10bee8002b681003019d0f3c2540000039001f24da
:10bef80014a4f9253f001424e0fff527ff00a93218
:10bf08005f002b2d0af88b02215024020400a01197
:10bf18000100392700005fa10100842401000824e2
:10bf280000003f83f4ffe0172b68900095ff005551
:10bf38002400a4af94ff00102800478e2400a48f8b
:10bf48002b7890000700e01101008a2421282402a0
:10bf58002c001924252040012400aaaf0000b9a014
:10bf68002b785001019d1f3c2558000039000e24f4
:10bf780014a4ec273f000d24e0ffc725ff00e8309c
:10bf88005f00022d0a70a20121c024020400e01102
:10bf980001008c2500000ea30100842401000b245d
:10bfa80000008e81f4ffc0152b78900068ff605563
:10bfb8002400a4af67ff00102400478e2400a48f3c
:10bfc8002bf890000700e013010098242160240258
:10bfd8002c000e24252000032400b8af00008ea1f9
:10bfe8002bf81003019d0f3c25400000390019244f
:10bff80014a4e5253f001424e0ff3527ff00a932eb
:10c008005f002b2d0ac88b02215024020400e01384
:10c018000100a524000059a101008424010008247e
:10c028000000b980f4ff20172bf890003bff005563
:10c038002400a4af3aff00102000478e2400a48fec
:10c048002b7890000700e01101008b242150240276
:10c058002c001924252060012400abaf000059a151
:10c068002b787001019d1f3c2548000039000e24e3
:10c0780014a4ec273f000d24e0ffc725ff00e8309b
:10c088005f00022d0a70a20121c024020400e01101
:10c0980001008c2500000ea301008424010009245e
:10c0a80000008e81f4ffc0152b7890000eff2055fc
:10c0b8002400a4af0dff00101c00478e2400a48f9d
:10c0c8002bf890000700e01301009824212824028f
:10c0d8002c000c24252000032400b8af0000aca0dd
:10c0e8002bf81003019d0e3c25400000390019244f
:10c0f80014a4ca253f000f24e0ff3427ff0095321f
:10c108005f00a92e0ac8e901215824020400e0139f
:10c1180001004a25000079a10100842401000824b7
:10c1280000005981f4ff20172bf89000e1fe00551c
:10c138002400a4afe0fe00101800478e2400a48f4e
:10c148002b7090000700c01101008b24215024029d
:10c158002c001924252060012400abaf000059a150
:10c168002b707001019d1f3c2548000039000c24ec
:10c1780014a4e5273f000d24e0ff8725ff00e830e1
:10c188005f00022d0a60a20121c024020400c01130
:10c198000100a52400000ca3010084240100092447
:10c1a8000000ac80f4ff80152b709000b4fe205581
:10c1b8002400a4afb3fe00101400478e2400a48fff
:10c1c8002bf890000700e0130100862421c0240208
:10c1d8002c000c242520c0002400a6af00000ca3ce
:10c1e8002bf8d000019d0e3c254000003900192491
:10c1f80014a4ca253f000f24e0ff3427ff0095321e
:10c208005f00a92e0ac8e901215824020400e0139e
:10c2180001004a25000079a10100842401000824b6
:10c2280000005981f4ff20172bf8900087fe005575
:10c238002400a4af86fe00101000478e44010612a9
:10c2480030000724020027a20800478e049d133cf3
:10c25800888e62c600188744030005243e100346f2
:10c2680063fe00452400a5af2400a58f2b38b0003d
:10c278004001e01021f825020100a4242c000d241f
:10c288002400a4af0000eda3019d053c25f80000a3
:10c2980039000e2414a4ac243f000724e0ffcd2568
:10c2a800ff00a8315f00022d2b3090000a70e200d9
:10c2b80021c024020400c01001008c2500000ea338
:10c2c8000100842401001f2400008e81f4ffc015a2
:10c2d800e0ffcd2550fee0572400a4af4ffe00102c
:10c2e8000c00478e2400b88f2b98100304006012ae
:10c2f800213838022c0002240000e2a0010018278f
:10c30800019d053c25100003254000002d00042454
:10c3180020a4b5243f000c24e0ff8324ff006630ee
:10c328005f00ce2c2b7850000a208e0121a022021b
:10c338000400e0110100b526000084a20100422497
:10c34800010008240000a482f4ff8014e0ff832485
:10c358009afe00100a1008032400a48f2b309000c6
:10c368000700c01001009524214824022c000b244a
:10c378002520a0022400b5af00002ba12b30b0026d
:10c38800019d0a3c254000002d00032420a44525da
:10c398003f001924e0ff7f24ff00ed335f00a72d45
:10c3a8000a182703211024020400c0100100a52444
:10c3b800000043a001008424010008240000a38099
:10c3c800f4ff60142b309000d8fe0010000000002d
:10c3d8002400a48f2b3090000700c0100100872490
:10c3e800214024022c0002242520e0002400a7afcd
:10c3f800000002a12b30f000019d183c25580000d8
:10c408002d00032420a409273f000c24e0ff6e24fc
:10c41800ff00cf315f00f42d0a18940121a82402ef
:10c428000400c010010029250000a3a201008424f3
:10c4380001000b2400002381f4ff60142b309000ce
:10c44800dafe0010000000002400a48f2b309000ba
:10c458000700c01001009524212824022c0009247b
:10c468002520a0022400b5af0000a9a02b30b002ff
:10c47800019d0b3c254000002d00032420a46225cb
:10c488003f000a24e0ff7924ff003f335f00ed2fcf
:10c498000a184d01213824020400c010010042246a
:10c4a8000000e3a001008424010008240000438068
:10c4b800f4ff60142b309000dcfe00100000000038
:10c4c8002400a48f2b3090000700c010010087249f
:10c4d800214024022c0002242520e0002400a7afdc
:10c4e800000002a12b30f000019d183c25480000f7
:10c4f8002d00032420a405273f000c24e0ff6e2410
:10c50800ff00cf315f00f42d0a18940121a82402fe
:10c518000400c0100100a5240000a3a20100842487
:10c52800010009240000a380f4ff60142b30900060
:10c53800defe0010000000002400a48f2b309000c5
:10c548000700c0100100942421a824022c0009240b
:10c55800252080022400b4af0000a9a22b3090024d
:10c56800019d0b3c254000002d00032420a46225da
:10c578003f000a24e0ff7924ff003f335f00ed2fde
:10c588000a184d01213824020400c0100100422479
:10c598000000e3a001008424010008240000438077
:10c5a800f4ff60142b309000e0fe00100000000043
:10c5b8002400a48f2b3090000700c01001008724ae
:10c5c800212824022c0008242520e0002400a7affd
:10c5d8000000a8a02b30f000019d023c2548000077
:10c5e8002d00032420a455243f001824e0ff6c24c8
:10c5f800ff008e315f00cf2d0a180f0321a02402ff
:10c608000400c0100100b526000083a201008424a4
:10c61800010009240000a382f4ff60142b3090006d
:10c62800e2fe0010000000002400a48f2b109000f0
:10c63800070040100100942421a824022c0009249a
:10c64800252080022400b4af0000a9a22b1090027c
:10c65800019d0b3c254000002d00032420a46525e6
:10c668003f000a24e0ff7924ff003f335f00e72ff3
:10c678000a18470121682402040040100100a5247b
:10c688000000a3a101008424010008240000a38065
:10c69800f4ff60142b109000e4fe0010000000006e
:10c6a8002b78d0013500e01121c02e020100c425ed
:10c6b8002c0019242400a4af000019a3019d0e3cee
:10c6c80025f800002d00032420a4d9253f000f24bd
:10c6d800e0ff7424ff0095325f00a92e2b589000cc
:10c6e8000a18e901215024020400601101003927c9
:10c6f800000043a10100842401001f2400002383bb
:10c70800f4ff6014e0ff7424f2fe00100000000043
:10c71800049d133c888e66c6003887443e3207461f
:10c72800d9fe09452400a48f049d0c3c8c8e88c535
:10c738003e3b084635fd0e452400a627dfff0010c6
:10c74800252000002548a70090fc2015010006249c
:10c758000800478e049d133c888e60c600088744f5
:10c768003e04014623fd1045049d063cc6fe00100c
:10c778002400a48fc4fe00102520a000cfff0010c5
:04c788002520c001a7
:020000040000fa
:020000041d00dd
:10c78c00a8ffbd274400b5af5400958c3c00b3af57
:10c79c003800b2af3400b1af5400bfaf5000beafe1
:10c7ac004c00b7af4800b6af4000b4af3000b0afec
:10c7bc000a00b0921401918c04000232259880007a
:10c7cc002000a0a30d004010ff0012325000858cf9
:10c7dc001c0180ac01000324020004240901a310f5
:10c7ec00700064ae0400288e040000112530000097
:10c7fc000800248e09f800010200052401004932ca
:10c80c000800201102004c3204002a8e0301401152
:10c81c00253000000800248e09f84001040005248e
:10c82c0002004c32070080110800543204002d8e97
:10c83c000c00a011253000000800248e09f8a0017e
:10c84c0003000524070080120000000004002e8e57
:10c85c000400c011253000000800248e09f8c00126
:10c86c00070005240200b6960400b7960100cf32eb
:10c87c006c00718eff00d6321f00e011ff00f73202
:10c88c000e00b8920418187c0e00b8a20201b992de
:10c89c0004003e330b00c013ff003f330201b09283
:10c8ac000c00228e2000328e8410107c4408027cf6
:10c8bc004408127c1c0160ae0201b0a20c0022ae36
:10c8cc00200032ae1000e5339500a0140100e633d1
:10c8dc00eb01c0101c01638efcff782404000a2fae
:10c8ec00970040551c0160ae95006010090014249f
:10c8fc000e0174500000248e280014240100122410
:10c90c000200102424c016023c000013ff00463223
:10c91c0014008a2621282a020c00ad8c0100ae31ad
:10c92c003700c011242017020019120021f0a302b5
:10c93c000201df932000f9335c0020170000000097
:10c94c000000a48c2d008010feff0b2408008f8c9f
:10c95c00a500eb511800838c2000898ce100201578
:10c96c00010008241000988c80000a33cf00401579
:10c97c000000000018008e8c0c008d8c080080ac20
:10c98c000700a0110000aeac2c00a6af09f8a00166
:10c99c002800a5af2800a58f2c00a68f0000ae8c18
:10c9ac001600c011010004242000a3271800a4af16
:10c9bc001400a3af1000aeaf0100072425206002c5
:10c9cc002e3e400f2800a6af2000a5930b00a0140c
:10c9dc002800a68f0201df9310005926fb00ec33d0
:10c9ec00003919000201cca321f0a7020200cf9359
:10c9fc0001000b2404006f7d0200cfa3242017023a
:10ca0c001200805040801000212834020c00b18ca0
:10ca1c0001003f320d00e053408010000061120015
:10ca2c0021f0ac020601c7934000ef301a00e0156c
:10ca3c00ff00eb300000b18c0300201201006a31c2
:10ca4c001f0040550800388e40801000010052260f
:10ca5c0004001124ffff1032030051122800942609
:10ca6c00a8ff00106c00718e5400bf8f5000be8f59
:10ca7c004c00b78f4800b68f4400b58f4000b48f80
:10ca8c003c00b38f3800b28f3400b18f3000b08fc0
:10ca9c000800e0035800bd270601c993bf002831e8
:10caac000601c8a3e4ff00100000b18c0201cc9376
:10cabc00df0087310201c7a3a2ff00100000a48c85
:10cacc00feff02245a000217100048261800298e77
:10cadc00005108000000a9ac21c0aa020400028f7a
:10caec0000044d7c0400a0110000000006000e9311
:10cafc000421ae7d06000ea30601c6930c002b8efe
:10cb0c00fe00d9300601d9a3d0ff6051408010003f
:10cb1c0009f8600125202002ccff00104080100095
:10cb2c000201af9201001e24c439cf7f0201afa2d3
:10cb3c0071ffc0101c0160ae020000100c00298ea9
:10cb4c000c00298e2000278e0000248e4408097cbe
:10cb5c004408077c0c0029ae67ff8010200027ae2c
:10cb6c002000a88e00008b8c1800998c000068adfa
:10cb7c002000a58e0c00868c0200122408000224d2
:10cb8c00040065ad02840500080092ac040082ac80
:10cb9c0020a4087c0300c010000039ae09f8c000c6
:10cbac00000000000c00388e5300001602000a33ff
:10cbbc0051ff40556c00718e3002800640000724f6
:10cbcc001400288e290200110400122406000524ea
:10cbdc0048000624080012ad1c0165ae1200a6a286
:10cbec0045ff00106c00718e0c00998c83ff201394
:10cbfc000000a3ac09f820032800a6af7fff0010ab
:10cc0c002800a68f0000a68e0003c77cf5fee0541a
:10cc1c00700065aef4fe00100400288e02004b324a
:10cc2c0010ff60150800543206ff001000000000d1
:10cc3c0001000d242000ae271800adaf1400aeafdc
:10cc4c001000b1af25380000252060022e3e400fa9
:10cc5c002800a5af2000a6937cffc0544080100094
:10cc6c002800a58f0601d9930400a39420002c8ed4
:10cc7c000400278efe0024332bf843000601c4a3c6
:10cc8c00ae00e0132bf0870118002f8e0c002b8eba
:10cc9c0008003eae04002cae200020ae9cff6015b8
:10ccac000000afac69ff0010408010000201c99376
:10ccbc0010004826c439187cfb002a3100110800ea
:10cccc00100098ac21c0a2020201caa302000d936d
:10ccdc0001000e240400cd7d02000da348ff0010be
:10ccec00242017022000a2271800a8af1400a2af1e
:10ccfc0031ff00101000a4affffe40556c00718e88
:10cd0c0040000d24810180061200ada200002e8e81
:10cd1c00ee01c0110400042409001f246c00718e64
:10cd2c001c017faef4fe00100800c4adf3fe8010b1
:10cd3c002800142454006d8e00008e8c0801bf8dc9
:10cd4c002000858cff3ff033610000122000b225db
:10cd5c000700033225100000320060102128c501a5
:10cd6c0001000c2428006c1002000f2421006f100d
:10cd7c0003001e241a007e10040007241300671001
:10cd8c00050008240c006810060009240600691030
:10cd9c000300463000004b9201000224ff00793161
:10cdac000000b9a0030046308ac1467e2150a20083
:10cdbc00000058a101004224030054308a69547ebb
:10cdcc002170a2000000cda10100422403005f30bd
:10cddc008a195f7e2160a200000083a10100422419
:10cdec0003004f308af14f7e2138a2000000fea0d4
:10cdfc0001004224030048308a49487e2158a20091
:10ce0c00000069a101004224030059308a31597e87
:10ce1c0021c0a20001004224000006a32c000252f3
:10ce2c002000858c03004a308aa14a7e01004d24e3
:10ce3c002170a2000000d4a10300bf318a195f7ecb
:10ce4c0002004c242178ad000000e3a103009e31c8
:10ce5c008a495e7e030047242140ac00000009a1f2
:10ce6c000300eb308ac94b7e2130a7000000d9a00b
:10ce7c00030058308a51587e0400542405004d2478
:10ce8c002170b4000000caa10300bf318a195f7e73
:10ce9c0006004c242178ad000000e3a103009e3174
:10ceac008a495e7e070047242140ac00000009a19e
:10cebc000300eb308ac94b7e2130a70008004224c6
:10cecc000000d9a0d8ff021603004a302000858c40
:10cedc002190050240000224200092ac1200a2a274
:10ceec000400389620008a8c2b801802e90000126e
:10cefc002000a0a30400948c18008e8c0c00838c52
:10cf0c002bf88a0208009fac04008aac0300601066
:10cf1c0000002eae09f86000000000001400318ef5
:10cf2c00520120120600042408000c241c0164aedb
:10cf3c001200aca270fe00106c00718ec3fec057c4
:10cf4c004080100051ff001018002f8e00008b8cb9
:10cf5c002ba0ea01d500801254006c8e0400988c32
:10cf6c00ffffea3123700f0321106e010700f93126
:10cf7c002500201321f0e20101001f241d003f13a6
:10cf8c000200102418003013030012241300321373
:10cf9c00040005240e0025130500062409002613a1
:10cfac00060003240500235300004890000047901e
:10cfbc0001004224200087a1000048900100422477
:10cfcc00200088a10000499001004224200089a182
:10cfdc0000004b900100422420008ba100005490d3
:10cfec0001004224200094a100004d900100422435
:10cffc0020008da100004e900100422420008ea143
:10d00c001500c253180031960000589008004224b5
:10d01c00200098a1f9ff5990200099a1faff5f9088
:10d02c0020009fa1fbff5090200090a1fcff52908c
:10d03c00200092a1fdff4590200085a1feff4690a7
:10d04c00200086a1ffff4390200083a1efffc25771
:10d05c00000058901800319620008c8c2b505101f8
:10d06c0023788f012000a0a37800401520008facfe
:10d07c0002000c241200aca21ffe00106c00718e7a
:10d08c000700042411006410060007241bfe67141b
:10d09c00280014241400248e19fe80100100122480
:10d0ac001800888c0c00898c040080ac080080acc3
:10d0bc0004002011140028ae09f820010000000023
:10d0cc006c00718e0cfe00101c0160ae1400248ede
:10d0dc000afe80102800142420008f8c9bffe05542
:10d0ec0018002a9610009e8c0200c7335b00e010db
:10d0fc008000c8331800988c0c00828c140038ae59
:10d10c0004004010080080ac09f84000000000004a
:10d11c001400388e5c00001304000f242000068fce
:10d12c001800399600001f8f2b80d900df000012e9
:10d13c005400648e0400038fffffd930e700c01049
:10d14c00232866002110e5030700cc302500801150
:10d15c002150c20001000f241d008f1102001e245b
:10d16c0018009e11030007241300871104000824e3
:10d17c000e008811050009240900891106000b24f2
:10d18c0005008b5100004d9000005490010042248a
:10d19c00200094a000004d900100422420008da09e
:10d1ac0000004e900100422420008ea000005f90f1
:10d1bc000100422420009fa0000050900100422456
:10d1cc00200090a00000529001004224200092a068
:10d1dc000000459001004224200085a0150042511a
:10d1ec00180031960000439008004224200083a0d0
:10d1fc00f9ff4c9020008ca0faff4f9020008fa0dc
:10d20c00fbff5e9020009ea0fcff4790200087a0b3
:10d21c00fdff4890200088a0feff4990200089a0c7
:10d22c00ffff4b9020008ba0efff42550000439076
:10d23c00180031962000048f2bc831032330860050
:10d24c002000a0a38aff2013200006af0a001024a0
:10d25c001200b0a2a8fd00106c00718e18000051d5
:10d26c001800898c0201ad9201000e24c4391e7c79
:10d27c004408cd7d10009eac0201ada29ffd0010b4
:10d28c002800142404000f246c00718e9afd0010e9
:10d29c001c016fae0400948c2b68540117ffa05135
:10d2ac0018008e8c94fd00106c00718e8300401160
:10d2bc0004008d8c2370af012bff001025784001ea
:10d2cc000c008b8c140029ae03006011080080ac9c
:10d2dc0009f86001000000000000248e79ff8050e6
:10d2ec006c00718e1800948c0c00898c080080ac3a
:10d2fc00040080ac72ff2011000034ae09f820014c
:10d30c00000000006fff00106c00718e14002c8e5a
:10d31c00dcff801107001e2418003f962000948d1e
:10d32c00040009242b789f025400798e1c017eaed8
:10d33c0000008b8d080089ad2580e0030300e0110f
:10d34c002538e003ffff9032253880020400888dd9
:10d35c003e00e01023901401211072010700e5300b
:10d36c002500a01021a04700010006241d00a610d6
:10d37c00020018241800b81003000a241300aa1085
:10d38c0004000d240e00ad1005000e240900ae1093
:10d39c00060003240500a3500000449000005f9099
:10d3ac000100422420003fa30000449001004224cd
:10d3bc00200024a300004f900100422420002fa342
:10d3cc0000005e900100422420003ea300004b9020
:10d3dc000100422420002ba30000499001004224ac
:10d3ec00200029a30000489001004224200028a31b
:10d3fc00150082522000948d0000529008004224a7
:10d40c00200032a3f9ff4590200025a3faff469097
:10d41c00200026a3fbff5890200038a3fcff4a9065
:10d42c0020002aa3fdff4d9020002da3feff4e905f
:10d43c0020002ea3ffff4390200023a3efff825672
:10d44c00000052902000948d18003f96238887028c
:10d45c002bc81f022000a0a37cff2017200091ad39
:10d46c0002000c2404ff00101200aca205000224e0
:10d47c006c00718e20fd00101c0162ae1200a7a280
:10d48c001400248e7fff801007001e2404000b2440
:10d49c000a0009241c017eae08008bac200080ac75
:10d4ac001200a9a214fd00106c00718e0400128fe2
:10d4bc002328460223ff20172530200302000c24ca
:10d4cc002000a0a3ecfe00101200aca2010003246b
:10d4dc006c00718e08fd00101c0163ae5bff001028
:04d4ec002000a0a3d9
:020000040000fa
:020000041d00dd
:10d4f000b8ffbd272c00b0af2580a0003400b2af2c
:10d500003000b1af0000c58c0400c88c4400bfaf30
:10d510004000b5af3c00b4af3800b3af2590c000b9
:10d52000258880000f0100122400a0af0100022412
:10d530004c0003242400a2afe0020212000083a0ea
:10d54000020006242c0004242538a8002400a6afdd
:10d55000d401e010010024a202000624cccc0b3c34
:10d56000cdcc6d35254800001000ae27ffffaf255c
:10d570000061080002a7050025a8940100d8b87c26
:10d5800000d8b97e2110190302fe080021205f0097
:10d5900019008d0025982001101800000100292590
:10d5a000823803000408037c2150670023588a0056
:10d5b0002360ab0019088d012bc0ac0018008f014f
:10d5c00023c8180112a0200000002d7342f8140097
:10d5d00080201f001210000010a820002118e40372
:10d5e0004038030021a855002350a7002158c90145
:10d5f00030004c252510000142c01400c047150022
:10d6000025c8a000ffff6ca125281801d8ff4014f1
:10d61000424015000a003f2fd6ffe053006108008a
:10d6200003006d3221c0d3012c00a0113f000f2454
:10d630002b98d0000900601221a02602000004836c
:10d64000e0ff8224ff0043305f00672c0a20e701df
:10d65000000084a20100c62401000224ffff182755
:10d66000010015241d00b5112550000302000924f6
:10d670000f00a9112bf8d0002b58d0000c006051de
:10d68000ffff582500000c8321c02602e0ff9925ea
:10d69000ff0025335f00a82c0a60e80100000ca3fe
:10d6a0000100c62401000224ffff58252bf8d000fa
:10d6b0000900e0132198260200000d83e0ffa42555
:10d6c000ff0094305f00822e0a68e20100006da224
:10d6d0000100c62401000224ffff18272b18d000e8
:10d6e0000900601021a8260200000783e0ffea2459
:10d6f000ff0049315f002b2d0a38eb010000a7a283
:10d700000100c624010002242400d811ffff0c27c9
:10d710002b98d0000900601221a02602000084810d
:10d72000e0ff8224ff0043305f00672c0a20e701fe
:10d73000000084a20100c624010002242ba8d0000e
:10d740000900a01221482602ffff8a81e0ff4b2535
:10d75000ff0078315f00192f0a50f90100002aa15b
:10d760000100c624010002242b28d0000900a010cb
:10d7700021f82602feff8881e0ff0d25ff00b3316e
:10d780005f00642e0a40e4010000e8a30100c62403
:10d7900001000224d1ff0010fdff98250100405434
:10d7a0002400a6af0800478e049d133c888e62c6f5
:10d7b000001887443e110346460105452400a58f05
:10d7c000049d063c8c8ec4c4002887443e2a04462f
:10d7d000110209452400ae8f2400a6272528000247
:10d7e0007259400f252020020c00478e888e69c692
:10d7f000005087443e4b0a460a010d45049d0f3cec
:10d800008c8eebc53e540b46e50111452400a6273e
:10d81000252800027259400f252020021000478e53
:10d82000888e6dc6007087443e6d0e46dd0015453e
:10d83000049d1f3c8c8eefc73e700f46ba01014518
:10d840002400a627252800027259400f2520200217
:10d850001400478e888e71c6009087443e89124618
:10d86000b0000545049d0f3c8c8ef3c53e921346d7
:10d870008f0109452400a627252800027259400f70
:10d88000252020021800478e888e77c600c887445e
:10d890003ebe194683001945049d1f3c8c8efbc774
:10d8a0003ecf1b4664011d452400a6272528000203
:10d8b0007259400f252020021c00478e888e7fc69b
:10d8c000000087443efb004656000d45049d143c75
:10d8d0008c8e82c63e040246390111452400a627db
:10d8e000252800027259400f252020022000478e73
:10d8f000888e63c6002087443e1d04462c001545d3
:10d90000049d123c8c8e45c63e2005460f01014504
:10d910002400a627252800027259400f2520200246
:10d920002400a28f2bc05000130000130000000041
:10d93000218022020a00112401004224000011a2c9
:10d940004400bf8f4000b58f3c00b48f3800b38fc8
:10d950003400b28f3000b18f2c00b08f0800e0038c
:10d960004800bd272550a800c70140510800c78cba
:10d97000fafe001025300000f2ff00124400bf8fb5
:10d98000213030020a000e24ffffcea04400bf8fda
:10d990004000b58f3c00b48f3800b38f3400b28f95
:10d9a0003000b18f2c00b08f0800e0034800bd2785
:10d9b0002400b88f2b1010030400401021503802af
:10d9c0002c000924000049a101001827019d053cf5
:10d9d000251000032540000039000c2414a4a324c2
:10d9e0003f000b24e0ff9925ff0032335f00532ee8
:10d9f0002bf850000a607301216822020400e01332
:10da0000010063240000aca10100422401000824ad
:10da100000006c80f4ff8015e0ff9925c1ff001025
:10da20000a1008032400a48f2bc8900007002013bd
:10da300001009824216024022c000e2425200003dc
:10da40002400b8af00008ea12bc81003019d0f3c2d
:10da50002540000039000b2414a4e5253f001424c0
:10da6000e0ff6725ff00f5305f00aa2e0a588a0202
:10da700021482402040020130100a52400002ba14a
:10da800001008424010008240000ab80f4ff60152d
:10da90002bc8900095ff00552400a4af94ff001000
:10daa0002000478e2400a48f2b7890000700e011ff
:10dab00001008a24214824022c000b242520400147
:10dac0002400aaaf00002ba12b785001019d193c26
:10dad00025a8000039000e2414a42c273f001f2481
:10dae000e0ffcd25ff00a8315f00022d0a70e203a0
:10daf00021c024020400e01101008c2500000ea3c7
:10db0000010084240100152400008e81f4ffc0155b
:10db10002b78900068ffa0562400a4af67ff001088
:10db20001c00478e2400a48f2bc8900007002013f0
:10db300001009824212824022c000c242520000315
:10db40002400b8af0000aca02bc81003019d0e3c10
:10db50002540000039000b2414a4c9253f000f24e0
:10db6000e0ff7425ff0087325f00f52c0a58f501ad
:10db700021502402040020130100292500004ba19c
:10db8000010084240100082400002b81f4ff6015ab
:10db90002bc890003bff00552400a4af3aff0010b3
:10dba0001800478e2400a48f2b7090000700c0112e
:10dbb00001008a24214824022c000b242520400146
:10dbc0002400aaaf00002ba12b705001019d193c2d
:10dbd00025a8000039000c2414a425273f001f2489
:10dbe000e0ff8d25ff00a8315f00022d0a60e203ef
:10dbf00021c024020400c0110100a52400000ca3d0
:10dc000001008424010015240000ac80f4ff80157d
:10dc10002b7090000effa0562400a4af0dff001043
:10dc20001400478e2400a48f2bc8900007002013f7
:10dc30000100862421c024022c000c242520c000d1
:10dc40002400a6af00000ca32bc8d000019d0e3c01
:10dc50002540000039000b2414a4c9253f000f24df
:10dc6000e0ff7425ff0087325f00f52c0a58f501ac
:10dc700021502402040020130100292500004ba19b
:10dc8000010084240100082400002b81f4ff6015aa
:10dc90002bc89000e1fe00552400a4afe0fe001068
:10dca0001000478e0801061230000824020028a246
:10dcb0000800478e049d133c888e62c60018874476
:10dcc000030005243e110346bdfe04452400a5af14
:10dcd0002400a58f2b40b0000401001121f825027b
:10dce0000100a8242c000d242400a8af0000eda3ff
:10dcf000019d053c25c8000039000e2414a4ac2465
:10dd00003f001f24e0ffcd25ff00a4315f00822cdf
:10dd10002b3010010a70e20321c028020400c01059
:10dd200001008c2500000ea3010008250100192424
:10dd300000008e81f4ffc015e0ffcd25aafe20571c
:10dd40002400a8afa9fe00100c00478e2400b88f55
:10dd50002b9810030400601221f838022c000d24c7
:10dd60000000eda301001827019d033c25100003ce
:10dd7000254000002d00042420a475243f000c241d
:10dd8000e0ff8624ff00ce305f00cf2d2ba0500097
:10dd90000a208f0121382202040080120100b526da
:10dda0000000e4a001004224010008240000a48235
:10ddb000f4ff8014e0ff8624dafe00100a10080346
:10ddc0002400a48f2b3090000700c010010087248e
:10ddd000212824022c0015242520e0002400a7afd0
:10dde0000000b5a02b30f000019d0a3c254000004a
:10ddf0002d00032420a442253f000924e0ff6b24ca
:10de0000ff0079315f003f2f0a183f01216824028b
:10de10000400c010010042240000a3a101008424da
:10de20000100082400004380f4ff60142b309000b0
:10de300018ff0010000000002400a48f2b30900079
:10de40000700c01001008d24214024022c00022470
:10de50002520a0012400adaf000002a12b30b001ad
:10de6000019d183c25a800002d00032420a40527af
:10de70003f000c24e0ff6e24ff00cf315f00f42d43
:10de80000a189401213824020400c0100100a524be
:10de90000000e3a001008424010015240000a380f9
:10dea000f4ff60142b3090001aff001000000000f7
:10deb0002400a48f2b3090000700c0100100942490
:10dec000213824022c001524252080022400b4af20
:10ded0000000f5a02b309002019d0a3c2540000077
:10dee0002d00032420a442253f000924e0ff6b24d9
:10def000ff0079315f003f2f0a183f01216824029b
:10df00000400c010010042240000a3a101008424e9
:10df10000100082400004380f4ff60142b309000bf
:10df20001cff0010000000002400a48f2b30900084
:10df30000700c01001008d24212824022c00082491
:10df40002520a0012400adaf0000a8a02b30b00117
:10df5000019d023c25a800002d00032420a4472495
:10df60003f001824e0ff6c24ff008e315f00cf2dae
:10df70000a180f0321a024020400c0100100e724a6
:10df8000000083a201008424010015240000e38026
:10df9000f4ff60142b3090001eff00100000000002
:10dfa0002400a48f2b10900007004010010094243f
:10dfb000213824022c001524252080022400b4af2f
:10dfc0000000f5a02b109002019d0a3c25400000a6
:10dfd0002d00032420a445253f000924e0ff6b24e5
:10dfe000ff0079315f003f2f0a183f0121682402aa
:10dff000040040100100a5240000a3a10100842416
:10e00000010008240000a380f4ff60142b1090008e
:10e0100020ff0010000000002b78d0013500e01137
:10e0200021c02e020100c8252c0019242400a8af0d
:10e03000000019a3019d0e3c25c800002d000324fb
:10e0400020a4cb253f000f24e0ff7424ff0087327b
:10e050005f00f52c2b5010010a18f5012148280209
:10e060000400401101006b25000023a101000825d8
:10e070000100192400006381f4ff6014e0ff7424a0
:10e080002eff001000000000049d133c888e66c621
:10e09000003887443e36074615ff19452400a88fef
:10e0a000049d0c3c8c8e88c53e3f0846cbfd1e452a
:10e0b0002400a627dfff0010254000002548a80007
:10e0c00026fd2015010006240800478e049d133c00
:10e0d000888e60c6000887443e000146b9fd0045b1
:10e0e000049d063c02ff00102400a88f00ff0010d2
:0ce0f0002540a000cfff00102540c0011b
:020000040000fa
:020000041d00dd
:10e0fc00b8ffbd272c00b0af2580a0003400b2af14
:10e10c003000b1af0000c58c0400c88c4400bfaf18
:10e11c004000b5af3c00b4af3800b3af2590c000a1
:10e12c00258880000f0100122400a0af01000224fa
:10e13c00450003242400a2afe0020212000083a0d9
:10e14c00020006242c0004242538a8002400a6afc5
:10e15c00d401e010010024a202000624cccc0b3c1c
:10e16c00cdcc6d35254800001000ae27ffffaf2544
:10e17c000061080002a7050025a8940100d8b87c0e
:10e18c0000d8b97e2110190302fe080021205f007f
:10e19c0019008d0025982001101800000100292578
:10e1ac00823803000408037c2150670023588a003e
:10e1bc002360ab0019088d012bc0ac0018008f0137
:10e1cc0023c8180112a0200000002d7342f814007f
:10e1dc0080201f001210000010a820002118e4035a
:10e1ec004038030021a855002350a7002158c9012d
:10e1fc0030004c252510000142c01400c04715000a
:10e20c0025c8a000ffff6ca125281801d8ff4014d9
:10e21c00424015000a003f2fd6ffe0530061080072
:10e22c0003006d3221c0d3012c00a0113f000f243c
:10e23c002b98d0000900601221a026020000048354
:10e24c00e0ff8224ff0043305f00672c0a20e701c7
:10e25c00000084a20100c62401000224ffff18273d
:10e26c00010015241d00b5112550000302000924de
:10e27c000f00a9112bf8d0002b58d0000c006051c6
:10e28c00ffff582500000c8321c02602e0ff9925d2
:10e29c00ff0025335f00a82c0a60e80100000ca3e6
:10e2ac000100c62401000224ffff58252bf8d000e2
:10e2bc000900e0132198260200000d83e0ffa4253d
:10e2cc00ff0094305f00822e0a68e20100006da20c
:10e2dc000100c62401000224ffff18272b18d000d0
:10e2ec000900601021a8260200000783e0ffea2441
:10e2fc00ff0049315f002b2d0a38eb010000a7a26b
:10e30c000100c624010002242400d811ffff0c27b1
:10e31c002b98d0000900601221a0260200008481f5
:10e32c00e0ff8224ff0043305f00672c0a20e701e6
:10e33c00000084a20100c624010002242ba8d000f6
:10e34c000900a01221482602ffff8a81e0ff4b251d
:10e35c00ff0078315f00192f0a50f90100002aa143
:10e36c000100c624010002242b28d0000900a010b3
:10e37c0021f82602feff8881e0ff0d25ff00b33156
:10e38c005f00642e0a40e4010000e8a30100c624eb
:10e39c0001000224d1ff0010fdff9825010040541c
:10e3ac002400a6af0800478e049d133c888e62c6dd
:10e3bc00001887443e110346460105452400a58fed
:10e3cc00049d063c8c8ec4c4002887443e2a044617
:10e3dc00110209452400ae8f2400a627252800022f
:10e3ec007259400f252020020c00478e888e69c67a
:10e3fc00005087443e4b0a460a010d45049d0f3cd4
:10e40c008c8eebc53e540b46e50111452400a62726
:10e41c00252800027259400f252020021000478e3b
:10e42c00888e6dc6007087443e6d0e46dd00154526
:10e43c00049d1f3c8c8eefc73e700f46ba01014500
:10e44c002400a627252800027259400f25202002ff
:10e45c001400478e888e71c6009087443e89124600
:10e46c00b0000545049d0f3c8c8ef3c53e921346bf
:10e47c008f0109452400a627252800027259400f58
:10e48c00252020021800478e888e77c600c8874446
:10e49c003ebe194683001945049d1f3c8c8efbc75c
:10e4ac003ecf1b4664011d452400a62725280002eb
:10e4bc007259400f252020021c00478e888e7fc683
:10e4cc00000087443efb004656000d45049d143c5d
:10e4dc008c8e82c63e040246390111452400a627c3
:10e4ec00252800027259400f252020022000478e5b
:10e4fc00888e63c6002087443e1d04462c001545bb
:10e50c00049d123c8c8e45c63e2005460f010145ec
:10e51c002400a627252800027259400f252020022e
:10e52c002400a28f2bc05000130000130000000029
:10e53c00218022020a00112401004224000011a2b1
:10e54c004400bf8f4000b58f3c00b48f3800b38fb0
:10e55c003400b28f3000b18f2c00b08f0800e00374
:10e56c004800bd272550a800c70140510800c78ca2
:10e57c00fafe001025300000f2ff00124400bf8f9d
:10e58c00213030020a000e24ffffcea04400bf8fc2
:10e59c004000b58f3c00b48f3800b38f3400b28f7d
:10e5ac003000b18f2c00b08f0800e0034800bd276d
:10e5bc002400b88f2b101003040040102150380297
:10e5cc002c000924000049a101001827019d053cdd
:10e5dc00251000032540000039000c2414a4a324aa
:10e5ec003f000b24e0ff9925ff0032335f00532ed0
:10e5fc002bf850000a607301216822020400e0131a
:10e60c00010063240000aca1010042240100082495
:10e61c0000006c80f4ff8015e0ff9925c1ff00100d
:10e62c000a1008032400a48f2bc8900007002013a5
:10e63c0001009824216024022c000e2425200003c4
:10e64c002400b8af00008ea12bc81003019d0f3c15
:10e65c002540000039000b2414a4e5253f001424a8
:10e66c00e0ff6725ff00f5305f00aa2e0a588a02ea
:10e67c0021482402040020130100a52400002ba132
:10e68c0001008424010008240000ab80f4ff601515
:10e69c002bc8900095ff00552400a4af94ff0010e8
:10e6ac002000478e2400a48f2b7890000700e011e7
:10e6bc0001008a24214824022c000b24252040012f
:10e6cc002400aaaf00002ba12b785001019d193c0e
:10e6dc0025a8000039000e2414a42c273f001f2469
:10e6ec00e0ffcd25ff00a8315f00022d0a70e20388
:10e6fc0021c024020400e01101008c2500000ea3af
:10e70c00010084240100152400008e81f4ffc01543
:10e71c002b78900068ffa0562400a4af67ff001070
:10e72c001c00478e2400a48f2bc8900007002013d8
:10e73c0001009824212824022c000c2425200003fd
:10e74c002400b8af0000aca02bc81003019d0e3cf8
:10e75c002540000039000b2414a4c9253f000f24c8
:10e76c00e0ff7425ff0087325f00f52c0a58f50195
:10e77c0021502402040020130100292500004ba184
:10e78c00010084240100082400002b81f4ff601593
:10e79c002bc890003bff00552400a4af3aff00109b
:10e7ac001800478e2400a48f2b7090000700c01116
:10e7bc0001008a24214824022c000b24252040012e
:10e7cc002400aaaf00002ba12b705001019d193c15
:10e7dc0025a8000039000c2414a425273f001f2471
:10e7ec00e0ff8d25ff00a8315f00022d0a60e203d7
:10e7fc0021c024020400c0110100a52400000ca3b8
:10e80c0001008424010015240000ac80f4ff801565
:10e81c002b7090000effa0562400a4af0dff00102b
:10e82c001400478e2400a48f2bc8900007002013df
:10e83c000100862421c024022c000c242520c000b9
:10e84c002400a6af00000ca32bc8d000019d0e3ce9
:10e85c002540000039000b2414a4c9253f000f24c7
:10e86c00e0ff7425ff0087325f00f52c0a58f50194
:10e87c0021502402040020130100292500004ba183
:10e88c00010084240100082400002b81f4ff601592
:10e89c002bc89000e1fe00552400a4afe0fe001050
:10e8ac001000478e0801061230000824020028a22e
:10e8bc000800478e049d133c888e62c6001887445e
:10e8cc00030005243e110346bdfe04452400a5affc
:10e8dc002400a58f2b40b0000401001121f8250263
:10e8ec000100a8242c000d242400a8af0000eda3e7
:10e8fc00019d053c25c8000039000e2414a4ac244d
:10e90c003f001f24e0ffcd25ff00a4315f00822cc7
:10e91c002b3010010a70e20321c028020400c01041
:10e92c0001008c2500000ea301000825010019240c
:10e93c0000008e81f4ffc015e0ffcd25aafe205704
:10e94c002400a8afa9fe00100c00478e2400b88f3d
:10e95c002b9810030400601221f838022c000d24af
:10e96c000000eda301001827019d033c25100003b6
:10e97c00254000002d00042420a475243f000c2405
:10e98c00e0ff8624ff00ce305f00cf2d2ba050007f
:10e99c000a208f0121382202040080120100b526c2
:10e9ac000000e4a001004224010008240000a4821d
:10e9bc00f4ff8014e0ff8624dafe00100a1008032e
:10e9cc002400a48f2b3090000700c0100100872476
:10e9dc00212824022c0015242520e0002400a7afb8
:10e9ec000000b5a02b30f000019d0a3c2540000032
:10e9fc002d00032420a442253f000924e0ff6b24b2
:10ea0c00ff0079315f003f2f0a183f012168240273
:10ea1c000400c010010042240000a3a101008424c2
:10ea2c000100082400004380f4ff60142b30900098
:10ea3c0018ff0010000000002400a48f2b30900061
:10ea4c000700c01001008d24214024022c00022458
:10ea5c002520a0012400adaf000002a12b30b00195
:10ea6c00019d183c25a800002d00032420a4052797
:10ea7c003f000c24e0ff6e24ff00cf315f00f42d2b
:10ea8c000a189401213824020400c0100100a524a6
:10ea9c000000e3a001008424010015240000a380e1
:10eaac00f4ff60142b3090001aff001000000000df
:10eabc002400a48f2b3090000700c0100100942478
:10eacc00213824022c001524252080022400b4af08
:10eadc000000f5a02b309002019d0a3c254000005f
:10eaec002d00032420a442253f000924e0ff6b24c1
:10eafc00ff0079315f003f2f0a183f012168240283
:10eb0c000400c010010042240000a3a101008424d1
:10eb1c000100082400004380f4ff60142b309000a7
:10eb2c001cff0010000000002400a48f2b3090006c
:10eb3c000700c01001008d24212824022c00082479
:10eb4c002520a0012400adaf0000a8a02b30b001ff
:10eb5c00019d023c25a800002d00032420a447247d
:10eb6c003f001824e0ff6c24ff008e315f00cf2d96
:10eb7c000a180f0321a024020400c0100100e7248e
:10eb8c00000083a201008424010015240000e3800e
:10eb9c00f4ff60142b3090001eff001000000000ea
:10ebac002400a48f2b109000070040100100942427
:10ebbc00213824022c001524252080022400b4af17
:10ebcc000000f5a02b109002019d0a3c254000008e
:10ebdc002d00032420a445253f000924e0ff6b24cd
:10ebec00ff0079315f003f2f0a183f012168240292
:10ebfc00040040100100a5240000a3a101008424fe
:10ec0c00010008240000a380f4ff60142b10900076
:10ec1c0020ff0010000000002b78d0013500e0111f
:10ec2c0021c02e020100c8252c0019242400a8aff5
:10ec3c00000019a3019d0e3c25c800002d000324e3
:10ec4c0020a4cb253f000f24e0ff7424ff00873263
:10ec5c005f00f52c2b5010010a18f50121482802f1
:10ec6c000400401101006b25000023a101000825c0
:10ec7c000100192400006381f4ff6014e0ff742488
:10ec8c002eff001000000000049d133c888e66c609
:10ec9c00003887443e36074615ff19452400a88fd7
:10ecac00049d0c3c8c8e88c53e3f0846cbfd1e4512
:10ecbc002400a627dfff0010254000002548a800ef
:10eccc0026fd2015010006240800478e049d133ce8
:10ecdc00888e60c6000887443e000146b9fd004599
:10ecec00049d063c02ff00102400a88f00ff0010ba
:0cecfc002540a000cfff00102540c00103
:020000040000fa
:020000041d00dd
:10ed080080fdbd279002a38f3402b3af1802a3afd2
:10ed18009402a38f2c02b1af2802b0af1002a3afa8
:10ed28004c02bfaf4802beaf4402b7af4002b6af15
:10ed38003c02b5af3802b4af3002b2af7002bcf7d4
:10ed48006802baf76002b8f75802b6f75002b4f78b
:10ed5800259880002510a0002588c0002580e000a7
:10ed68002518000030000424430044102e00042419
:10ed780065004414252800003c00628e4c00648e17
:10ed88002b2044004a008010010044243c0064ae5b
:10ed9800000042902590000025a0000030000424c7
:10eda80048004410010005241000a0af25b8000059
:10edb80025b000002540000025f0000025a800002f
:10edc800d0ff44240a00892c5e0020550100c92682
:10edd8002e0004244f004410000000000a90c502d1
:10ede8000aa005018c026010200044346500052447
:10edf800ab0285141002a58f25206002a58c400f58
:10ee08001c02a8af0f0040141c02a88f0080043c0d
:10ee18000d006414211042021002a28f8b024010d0
:10ee2800252800004c00628e0500401025100000c7
:10ee38003c00628effff42243c0062ae25100000b9
:10ee480025180000211042022b20520021188302ad
:10ee58002590400021a083001802a0c71000a48fad
:10ee680064008014a1068046000080440000e0444d
:10ee78007a02001002003a463c00628e4c00638e13
:10ee88002b18430006006010000000000100432416
:10ee98003c0063ae00004290b2ff00100100032462
:10eea80084ee400f25206002aeff0010010003240d
:10eeb8002520600284ee400f1c02a3afb5ff0010ae
:10eec8001c02a38f3c00628e4c00638e2b184300fb
:10eed8000900601000000000010043243c0063aefc
:10eee800000042900100432e23a08302ffff522618
:10eef800aaff00100100032484ee400f25206002c1
:10ef0800f9ff00100100432e25900000a6ff001015
:10ef180025a00000b3ffa014010005242590c0021d
:10ef280025a000013c00628e4c00648e2b2044001a
:10ef380027008010010044243c0064aea0ff0010ac
:10ef4800000042902b50360125b020017d00c92bce
:10ef58001800201121404801300042380bb8c20285
:10ef68001000a32780101e000e00a01221106200be
:10ef78000000498c0a000324023069700100b5269c
:10ef88002118c400000043ac09000224e5ffa216c2
:10ef9800010003240100de2701000324e1ff001023
:10efa80025a80000000044ac01000324ddff001088
:10efb8000100152430000424daff44100002a28f57
:10efc8005c04172401004234d6ff00100002a2afef
:10efd800252060022402a8af2002a5af84ee400fce
:10efe8001c02a3af2402a88f2002a58f74ff001073
:10eff8001c02a38f13005616c217100012008816a1
:10f00800211050000f00801ec21710000300801648
:10f018000a00422e0b004010c21710001f00222abf
:10f0280003004010061024021800401496ff022620
:10f0380000008444251800000000e3448cff001001
:10f048002100a046211050004310020023100200a6
:10f05800c31f02002a207400050080540080023c6f
:10f06800090083162b105200070040100080023c54
:10f07800220003244c0343ac039d023c983e40d439
:10f088007bff001082d6204696ff0226c31f02008f
:10f098002a208302050080540080023c0800741472
:10f0a8002b104202060040100080023c220003247c
:10f0b8004c0343ac039d023cf1ff0010a03e40d43a
:10f0c8000800a01280101e001000a3272110620063
:10f0d8000a0004240900a32a1e0060540000438c7f
:10f0e8000100de270900e22a3600401025a0400270
:10f0f8002a3057023300c0141200422a310040104f
:10f1080009000224caff42121000a48f0900422af3
:10f118001400401000008444251800000000e34457
:10f12800080002242100a04602003a46231052009b
:10f13800049d033c801002009c426324211043007c
:10f148000000428c00088244a10e8046c3010010d2
:10f1580003003a460100b52602186470ddff00106e
:10f16800000043acf7ff422680180200231043003a
:10f17800211051001f0043280300601006104400ae
:10f188001100401425b8c003f6ff5226049d023c26
:10f198009c42422480901200219042020000428e3c
:10f1a8002518000000008244a10080460000844425
:10f1b8000000e3442100a04602003a46a7010010df
:10f1c8000210204625b8c003ffffde2780101e006e
:10f1d8001000a327211062000000428cf9ff4010a4
:10f1e800090015241a005502f401a00210a8000015
:10f1f8001c00a01289000a3c010042060900b5263d
:10f208000800022423105500049d033c9c426324fb
:10f2180080100200211043009a3b063c0000458cf8
:10f228001000a42725100000254000002518000024
:10f2380000cac634490077540000878c0500401086
:10f24800801817001000a42721188300000062ac62
:10f258000100f72623a095020900942625a800019d
:10f2680089000a3c9a3b123c9a3b0b3c25b00000b3
:10f2780012000c245f704a2500ca523625980000f7
:10f2880001ca6b351200822a68004054fffffe262f
:10f298005f008c12801015008900033c2f0f043c7e
:10f2a8009a3b053c120007245f706324000a8424fb
:10f2b800090008240100062400caa5341200b71268
:10f2c8001000a92780101500211022010000428c8f
:10f2d8002b4843000c002015000000000c004314cc
:10f2e8000100a2267f00423007005710801002005c
:10f2f8001000a927211022010000428c2b10440085
:10f30800040040101c00822a9500871200000000ab
:10f318001c00822a2550c0000a50020104704601d0
:10f32800ffffce25077845012510a00225580000cb
:10f338006d00575480600200850060110100492467
:10f348007f0029317a003511801002001000ac27a7
:10f35800211082017f00001000004bac1b00e5006b
:10f36800f401a0001248000010380000211022010a
:10f37800050068140100692403004014000000001f
:10f388007f002831f7ff94261a00c500f401a00079
:10f39800000082ac2518200104008424121000000b
:10f3a800a4ff0010021047704d00d557ffffde275d
:10f3b800b4ff0051e3ffd626ffffb5267f00b53224
:10f3c8000c00f5161000a3277f005730ffffe22638
:10f3d8007f00423080100200802017002110620058
:10f3e800212064000000848c0000438c25186400f0
:10f3f800000043ac801015001000a3272110620004
:10f4080009009426000048ac9eff0010e3ffd626b2
:10f418001000a327211062000000428c2b104a0024
:10f428009eff40108900033cfffffe267f00de336d
:10f438002540000080481e001000a2272110490026
:10f448000000458cc2100500402f05002120a800af
:10f458002b2885002128a2000300a0142b108b0064
:10f468001500401425400000253040022538600270
:10f478002002a9af1c02a4af2a81400f1802a5af31
:10f488001c02a48f1802a58f25304002253860027f
:10f49800487f400f1002a2af252040008900023c9f
:10f4a8005f704a341002a88f9a3b023c2002a98f51
:10f4b80012000c2401ca4b341000a227214849002d
:10f4c800ffffe2267f004330b7ff7e14000024ad23
:10f4d800b7ffd513000000000ab8c403ffffde27fa
:10f4e800d4ff00107f00de331000a92721482c012b
:10f4f8000000298d066849012158ab010500551403
:10f5080001004d24040060551000a2277f00b5318a
:10f51800f7ff94261000a22721604c0024482e01f2
:10f5280000008bad7f00a23181ff001002582f71bf
:10f53800ffffe2267f0042301000a927801002005a
:10f54800211022010000498c01002935000049ac36
:10f558002548e00221b0ca0258ff001025b8200152
:10f568000700b7160100a4267f009730ffffe226a8
:10f57800801002001000a32721106200000040ac98
:10f58800801015001000a327211062007f0084302e
:10f598000700e4160000458c0100f7267f00f732cb
:10f5a800ffffe2268010020021106200000040ac3c
:10f5b8001000a227000085448020040025180000c0
:10f5c80000a08044212044000000e3440000828c15
:10f5d80000a0e044000882442100a046039d023cac
:10f5e8000000344625180000a83e44d40008e3442f
:10f5f8003500d426a108a0462100444c239090024f
:10f608002a1051027000401002063a460000422ab1
:10f61800259840020b98020001001e24039d023c1d
:10f62800b03e56d4690006242330d30005fd400fb0
:10f6380006b3204600000244000063440060824490
:10f6480086c32046e512410f0060e34406b3204616
:10f65800350006242330d30005fd400f0607204659
:10f6680086032046e912410f06c3204601c62046fc
:10f678008605204600e638460200a2267f00423072
:10f688001e0057101000a3278010020021106200ee
:10f698000000438ccd1d023c006542242b206200f3
:10f6a8005300801000000000040060140300b52619
:10f6b8007f00b5320500b71235000224039d023cd5
:10f6c800b83e40d4a1d5c04e3500022423105300c3
:10f6d8000200422809004014039d023cb03e4ed46b
:10f6e80006b32046e912410f1002aef73200344645
:10f6f800020000451002aed780b52e4600c6364639
:10f708002380100023801102ffff022600f0947e60
:10f718002a1082021a00401401c33c46e712410f26
:10f728001002acf7039d023cd03e42d43e11204665
:10f73800080004451002acd70200c01326905302fb
:10f748002bf01200039d023cc83e40d40100d6268f
:10f75800026320463400c226030010262a80500087
:10f76800050000520080023c0500c01332b2344646
:10f77800030009450080023c220003244c0343aceb
:10f788007002bcd76802bad76002b8d75802b6d799
:10f798005002b4d74c02bf8f4802be8f4402b78fc5
:10f7a8003c02b58f3802b48f3402b38f3002b28f67
:10f7b8002c02b18f2802b08f2530c0024002b68fcc
:10f7c800eb12410b8002bd273500022404002252af
:10f7d80006a720462598200290ff001025f000007b
:10f7e80086a5204635001324a3ff001025f000004d
:10f7f800040062500300b526039d023cb1ff0010cf
:10f80800c03e40d47f00b532fbffb716039d023cd3
:10f81800acff0010c83e40d4090040040080023c00
:10f828004c00628e04004010000000003c00628e14
:10f83800ffff42243c0062ae87fd60140080023c5a
:10f84800160003244c0343ac25280000010f410f88
:10f8580025206002000080440000e0444c02bf8f75
:10f868007002bcd76802bad76002b8d75802b6d7b8
:10f878005002b4d74802be8f4402b78f4002b68ff9
:10f888003c02b58f3802b48f3402b38f3002b28f86
:10f898002c02b18f2802b08f0800e0038002bd2738
:10f8a800dfff41041802a0c76dfd00101000a48fef
:020000040000fa
:020000041d00dd
:10f8b8001000a88f01000c241800a99300000b8ddc
:10f8c8002000038df600ec1054008a8c6500c014eb
:10f8d800000000000801428dff3f42305c004010ec
:10f8e80020004d2507004430253000002d008010f1
:10f8f8002128630124008c10020003241d008310ba
:10f90800030007241600871004000e240f008e1031
:10f9180005000f2408008f100600182468029814a8
:10f92800000000000300c9308a59a97d2150a600b3
:10f9380000004ba10100c6240300c4308a19a47d2d
:10f948002138a6000000e3a00100c6240300ce3041
:10f958008a79ae7d21c0a60000000fa30100c6244d
:10f968000300d9308a61b97d2148a60000002ca186
:10f978000100c6240300cb308a51ab7d2120a600ac
:10f9880000008aa00100c6240300c3308a39a37d81
:10f998002170a6000100c6240000c7a12c00465013
:10f9a8002000038d0300cf308ac1af7d0100d92428
:10f9b8002160a600000098a1030029338a59a97d77
:10f9c8000200ca242120b90000008ba003004331a3
:10f9d8008a39a37d0300ce242178aa000000e7a17c
:10f9e8000300d8318ac9b87d2160ae00000099a112
:10f9f8000300c9308a59a97d0400ca240500c3241c
:10fa08002120aa0000008ba0030067308a71a77d1f
:10fa18000600cf2421c0a30000000ea30300f93183
:10fa28008a61b97d0700c9242158af0000006ca184
:10fa380003002a318a21aa7d2118a9000800c624ba
:10fa4800000064a0d8ff46140300cf302000038dc7
:10fa58001400ae8f215043000000c0a10800e0034d
:10fa680020000aad35012011001106000c0082901b
:10fa7800e50140100100182414008e90e201c01125
:10fa8800020018241c008f90df01e01103001824e5
:10fa980024009890dc010053040018242c0087905f
:10faa800d901e0500500182434009990d60120535c
:10fab800060018243c008c90d301805107001824bc
:10fac80044008990d0012011080018240021060064
:10fad800216844010801a58d0800c624ff3fa23013
:10fae800dbff40108070060007004f302520000023
:10faf8003700e01121c0630101000b242c00eb1139
:10fb0800020003242400e311030007241c00e7116a
:10fb1800040019241400f91105000c240c00ec1140
:10fb2800060009240500e911030085308a694e7d25
:10fb38000100042400000da3030085302130ae002d
:10fb48008a79467d2158040300006fa101008424ae
:10fb58000300833021386e008ac9477d2160040381
:10fb6800000099a1010084240300893021682e0136
:10fb78008a294d7d213004030000c5a0010084249a
:10fb880003008f302158ee018a194b7d2138040378
:10fb98000000e3a0010084240300993021602e03b3
:10fba8008a494c7d216804030000a9a1010084242e
:10fbb800030085302130ae008a79467d2158040340
:10fbc8000100842400006fa1a1ff44502000038d90
:10fbd8000300833021386e008ac9477d01008c24d8
:10fbe8002148040303008d31000039a12128ae010a
:10fbf8008a31457d02008f2421580c030300e3312c
:10fc0800000066a121386e008ac9477d03008c2454
:10fc180021480f0303008d31000039a12128ae01ce
:10fc28008a31457d03008f3021580c03000066a1fe
:10fc38002118ee018a39437d0500992404008c249b
:10fc480021480c0303002d33000027a12128ae0111
:10fc58008a31457d06008f24215819030300e331ba
:10fc6800000066a121386e008ac9477d07008c24f0
:10fc780021480f0303008d31000039a12128ae016e
:10fc88008a31457d21780c03080084240000e6a110
:10fc9800d0ff4454030083306dff00102000038d13
:10fca8000400a2942b7062000300c01125c040001c
:10fcb800ffff623025c060000400078d6000c0109f
:10fcc80023c8e300100120510800c4240c008c90c4
:10fcd8008101801101000e2414008f907e01e01133
:10fce80002000e241c008e907b01c05103000e24dc
:10fcf800240087907801e05004000e242c0089909d
:10fd08007501205105000e2434008d907201a05118
:10fd180006000e243c0085906f01a05007000e24b9
:10fd280044008f906c01e01108000e240800c624de
:10fd3800802006003d00001321504401211879015c
:10fd480007000b332500601121c8030301000c24b0
:10fd58001d006c1102000e2418006e110300072408
:10fd680013006711040009240e00691105000d2411
:10fd780009006d1106000524050065510000669014
:10fd880000006f900100632400004fa100006690fe
:10fd980001006324000046a1000064900100632470
:10fda800000044a100006b900100632400004ba1f7
:10fdb80000006c900100632400004ca100006e90cc
:10fdc8000100632400004ea1000067900100632435
:10fdd800000047a1150079502000038d00006990ac
:10fde80008006324000049a1f9ff6d9000004da1af
:10fdf800faff6590000045a1fbff6f9000004fa13e
:10fe0800fcff6690000046a1fdff6490000044a13d
:10fe1800feff6b9000004ba1ffff6c9000004ca10f
:10fe2800efff7954000069902000038d235078007b
:10fe38001400b88f000000a30800e00320000aadfa
:10fe4800fbff0053235078002118790107000b337a
:10fe5800250060112160780001000e241d006e113c
:10fe680002000d2418006d11030009241300691104
:10fe7800040005240e0065110500192409007911f4
:10fe880006000724050067510000669000006f9087
:10fe98000100632420004fa1000066900100632444
:10fea800200046a10000649001006324200044a1c2
:10feb80000006b900100632420004ba100006e90ad
:10fec8000100632420004ea100006d90010063240e
:10fed80020004da10000699001006324200049a181
:10fee800d2ff6c502000038d000065900800632449
:10fef800200045a1f9ff7990200059a1faff6790e9
:10ff0800200047a1fbff6f9020004fa1fcff6690e7
:10ff1800200046a1fdff6490200044a1feff6b90e5
:10ff280020004ba1ffff6e9020004ea1efff6c5404
:10ff380000006590bdff00102000038d216842017c
:10ff48000801a58d0800c624ff3fa230c0fe40105e
:10ff58008070060007004730252000003600e010ba
:10ff6800217863012c00ec10020018242400f810fa
:10ff7800030019241c00f91004000c241400ec10d0
:10ff8800050009240c00e91006000b240500eb10fd
:10ff980003008d308a194e7d010004240000e3a17e
:10ffa80003008d302128ae018a31457d2138e401d6
:10ffb8000000e6a0010084240300983021c80e0345
:10ffc8008a61597d2148e40100002ca101008424a4
:10ffd80003008b3021186e018a69437d2128e401d2
:10ffe8000000ada001008424030086302138ce0033
:10fff8008ac1477d21c8e401000038a30100842498
:020000041d01dc
:1000080003008c3021488e018a59497d2118e4016a
:1000180000006ba00100842403008d302128ae016c
:100028008a31457d2138e401010084240000e6a0de
:1000380087fe44502000038d0300983021c80e032a
:100048008a61597d010089242158e4010300233184
:1000580000006ca121686e008a294d7d020086246b
:1000680021c0e9010300c730000005a321c8ee0044
:100078008a61597d030089242158e6010300233150
:1000880000006ca121686e008a294d7d030086302e
:1000980021c0e901000005a32138ce008ac9477da7
:1000a80005008c24040089242158e90103008331c8
:1000b800000079a121686e008a294d7d06008624fa
:1000c80021c0ec010300c730000005a321c8ee00e1
:1000d8008a61597d070089242158e60103002331ec
:1000e80000006ca121686e008a294d7d2130e9014c
:1000f800080084240000c5a0d0ff441403009830f1
:1001080053fe00102000038d8048040047ff0013b1
:10011800215049012118790107000d332500a0114c
:1001280021600303010005241d00a51102000b2412
:100138001800ab11030006241300a61104000f24b5
:100148000e00af1105000e240900ae1106000724a9
:100158000500a75100006490000079900100632415
:10016800000059a10000649001006324000044a12c
:100178000000699001006324000049a100006d900f
:100188000100632400004da1000065900100632474
:10019800000045a100006b900100632400004ba102
:1001a8000000669001006324000046a11fff8351f0
:1001b8002000038d00006f900800632400004fa109
:1001c800f9ff6e9000004ea1faff6790000047a16a
:1001d800fbff7990000059a1fcff6490000044a146
:1001e800fdff6990000049a1feff6d9000004da140
:1001f800ffff6590000045a1efff835500006f9059
:100208000aff00102000038d00110600213842016a
:100218000801f994c0601800ffff223321208c00e8
:1002280021286301ffff09271f000d27211843001c
:1002380001001824040098a4060086a0080082acd7
:1002480000590d00200003ad007909001400a88fa3
:1002580021704b0100e0a77c21504f01000018a13c
:100268000800c7ad0c0242ad0400d98d0300092473
:100278004452397d0400d9ad0400cd8d01000c2411
:10028800c4188d7d0400cdad0400c58d8410057c97
:100298000400c5ad0400cb8d0439cb7c0400cbad84
:1002a8000400c68d4408067c0400c6ad0400cf8d4a
:1002b80004008f7d0400cfad0800e00300000000bb
:1002c8000000b99101000624ff002c330000aca007
:1002d80095fd00100300c930ffffcd251f00c9257b
:1002e800c0280e000039090000790d002120850082
:1002f8001400ad8f21704f0121c8790123187800af
:100308002158470101010a2404008aa4060086a096
:10031800080098ac00e02c7f200003ad0100082401
:100328000000a8a108006cad0c02d8ad0400788dbf
:10033800030009244452387d040078ad0400658d1b
:1003480001001924c418257f040065ad0400678dd9
:100358008410077c040067ad04006f8d0439cf7cde
:1003680004006fad0400668d4408267f040066ad66
:100378000400648d0400247f040064ad0800e003d9
:1003880000000000a0ff0010030018249eff0010ca
:10039800050018249cff001007001824ceff001049
:1003a80003000e24ccff001005000e24caff001025
:0403b80007000e2408
:020000040000fa
:020000041d01dc
:1003bc00b8ffbd272c00b0af2580a0003400b2af31
:1003cc003000b1af0000c88c0400c58c4400bfaf36
:1003dc004000b5af3c00b4af3800b3af2590c000bf
:1003ec0025888000020100122400a0af0100022425
:1003fc00490003242400a2af94020212000083a03f
:10040c00020006242c000424253805012400a6af84
:10041c00a701e010010024a202000624cccc0b3c66
:10042c00cdcc6d35254800001000ae27ffffaf2561
:10043c000061050002a7080025a8940100d8187dca
:10044c0000d8b97e2110190302fe050021205f009f
:10045c0019008d0025982001101800000100292595
:10046c00823803000408037c2150670023588a005b
:10047c0023600b0119088d012bc00c0118008f0192
:10048c0023c8b80012a0200000002d7342f81400fd
:10049c0080201f001210000010a820002118e40377
:1004ac004038030021a85500235007012158c901e9
:1004bc0030004c252510a000c0c7150042281400a0
:1004cc0025c80001ffff6ca125400503d8ff40148f
:1004dc00422815000a003f2fd6ffe05300610500ab
:1004ec0003006d3221c0d3012c00a0113f000f245a
:1004fc002b98d0000900601221a026020000048372
:10050c00e0ff8224ff0043305f00672c0a20e701e4
:10051c00000084a20100c62401000224ffff18275a
:10052c00010015241d00b5112550000302000924fb
:10053c000f00a9112bf8d0002b58d0000c006051e3
:10054c00ffff582500000c8321c02602e0ff9925ef
:10055c00ff0028335f00052d0a60e50100000ca3a5
:10056c000100c62401000224ffff58252bf8d000ff
:10057c000900e0132198260200000d83e0ffa4255a
:10058c00ff0094305f00822e0a68e20100006da229
:10059c000100c62401000224ffff18272b18d000ed
:1005ac000900601021a8260200000783e0ffea245e
:1005bc00ff0049315f002b2d0a38eb010000a7a288
:1005cc000100c624010002242400d811ffff0c27cf
:1005dc002b98d0000900601221a026020000848113
:1005ec00e0ff8224ff0043305f00672c0a20e70104
:1005fc00000084a20100c624010002242ba8d00014
:10060c000900a01221482602ffff8a81e0ff4b253a
:10061c00ff0078315f00192f0a50f90100002aa160
:10062c000100c624010002242b40d0000900001157
:10063c0021f82602feff8581e0ffad24ff00b331d7
:10064c005f00642e0a28e4010000e5a30100c62423
:10065c0001000224d1ff0010fdff98250100405439
:10066c002400a6af0800478e049d133c888e62c6fa
:10067c00001887443e100346190101452400a88f39
:10068c00049d063c8c8ec4c4002887443e29044635
:10069c00c60105452400ae8f2400a627252800029c
:1006ac007259400f252020020c00478e888e69c697
:1006bc00005087443e4a0a46dd000945049d0f3c24
:1006cc008c8eebc53e530b469a010d452400a62794
:1006dc00252800027259400f252020021000478e59
:1006ec00888e6dc6007087443e6f0e46b0001d4567
:1006fc00049d1f3c8c8eefc73e760f466f0119454b
:10070c002400a627252800027259400f252020021c
:10071c001400478e888e71c6009087443e8812461e
:10072c0083000145049d143c8c8e93c63e91134668
:10073c00440105452400a627252800027259400fc4
:10074c00252020021800478e888e77c600c8874463
:10075c003ebc194656001145049d1f3c8c8efbc7b0
:10076c003ecd1b46190115452400a627252800025d
:10077c007259400f252020021c00478e888e7fc6a0
:10078c00000087443efa00462c000945049d123cab
:10079c008c8e42c63e030246ef000d452400a62770
:1007ac00252800027259400f252020022400a28f18
:1007bc002ba850001300a012000000002180220280
:1007cc000a00112401004224000011a24400bf8f32
:1007dc004000b58f3c00b48f3800b38f3400b28f1b
:1007ec003000b18f2c00b08f0800e0034800bd270b
:1007fc0025500501890140510800c78c07ff0010e6
:10080c0025300000f2ff00124400bf8f213030026f
:10081c000a000324ffffc3a04400bf8f4000b58f24
:10082c003c00b48f3800b38f3400b28f3000b18fde
:10083c002c00b08f0800e0034800bd272400b58fc2
:10084c002b40b00204000011211035022c0018249a
:10085c00000058a00100b526019d0c3c2510a002fb
:10086c00256800003900092414a48a253f000e24b1
:10087c00e0ff2f25ff00f2315f00532e2ba050001c
:10088c000a48d301213822020400801201004a25b3
:10089c000000e9a00100422401000d240000498160
:1008ac00f4ff2015e0ff2f25c1ff00100a10ad0248
:1008bc002400a48f2b7890000700e01101008924fc
:1008cc00212824022c000b24252020012400a9af70
:1008dc000000aba02b783001019d193c2550000085
:1008ec0039000e2414a42c273f001f24e0ffcd2533
:1008fc00ff00a8315f00022d0a70e20321c0240220
:10090c000400e01101008c2500000ea301008424da
:10091c0001000a2400008e81f4ffc0152b78900092
:10092c0095ff40552400a4af94ff00101c00478e87
:10093c002400a48f2bc890000700201301009824da
:10094c00216024022c000e24252000032400b8afc3
:10095c0000008ea12bc81003019d0f3c2540000008
:10096c0039000b2414a4e5253f001424e0ff67256f
:10097c00ff00f5305f00aa2e0a588a022148240293
:10098c00040020130100a52400002ba101008424e5
:10099c00010008240000ab80f4ff60152bc8900008
:1009ac0068ff00552400a4af67ff00101800478ea5
:1009bc002400a48f2b7890000700e01101008a24fa
:1009cc00214824022c000b24252040012400aaaf2e
:1009dc0000002ba12b785001019d193c25a800008b
:1009ec0039000e2414a42c273f001f24e0ffcd2532
:1009fc00ff00a8315f00022d0a70e20321c024021f
:100a0c000400e01101008c2500000ea301008424d9
:100a1c000100152400008e81f4ffc0152b78900086
:100a2c003bffa0562400a4af3aff00101400478ee1
:100a3c002400a48f2bc890000700201301009824d9
:100a4c00216024022c000524252000032400b8afcb
:100a5c00000085a12bc81003019d0e3c2540000011
:100a6c0039000b2414a4c9253f000f24e0ff742582
:100a7c00ff0087325f00f52c0a58f5012150240243
:100a8c00040020130100292500004ba1010084243f
:100a9c000100082400002b81f4ff60152bc8900086
:100aac000eff00552400a4af0dff00101000478e60
:100abc00e900061230000824020028a20800478e24
:100acc00049d133c888e62c60018874403000524dd
:100adc003e100346eafe00452400a5af2400a88f73
:100aec002b281001e500a01021f828020100042594
:100afc002c000d242400a4af0000eda3019d083ca4
:100b0c0025c8000039000e2414a405253f001f241d
:100b1c00e0ffcd25ff00a6315f00c22c2bc090005a
:100b2c000a70e20321602402040000130100a524d2
:100b3c0000008ea101008424010019240000ae8065
:100b4c00f4ffc015e0ffcd25d7fe20572400a4af3d
:100b5c00d6fe00100c00478e2400b58f2b98b002e7
:100b6c000400601221a035022c000724000087a28b
:100b7c000100b526019d0a3c2510a0022568000045
:100b8c002d00042420a445253f000924e0ff8324e4
:100b9c00ff0066305f00cb2c2bc850000a202b01c5
:100bac0021f82202040020130100a5240000e4a374
:100bbc000100422401000d240000a480f4ff8014e5
:100bcc00e0ff8324fafe00100a10ad022400a48f6b
:100bdc002b3090000700c01001008d24214024020e
:100bec002c0002242520a0012400adaf000002a19e
:100bfc002b30b001019d183c255000002d00032422
:100c0c0020a415273f000c24e0ff6e24ff00cf31f9
:100c1c005f00f42d0a189401213824020400c0103e
:100c2c000100b5260000e3a00100842401000a2481
:100c3c000000a382f4ff60142b30900038ff0010ea
:100c4c00000000002400a48f2b3090000700c0107f
:100c5c0001008724212824022c0015242520e000e3
:100c6c002400a7af0000b5a02b30f000019d0a3c7a
:100c7c00254000002d00032420a442253f00092418
:100c8c00e0ff6b24ff0079315f003f2f0a183f0112
:100c9c00216824020400c010010042240000a3a11a
:100cac00010084240100082400004380f4ff601438
:100cbc002b3090003aff0010000000002400a48f9d
:100ccc002b3090000700c01001008d24214024021d
:100cdc002c0002242520a0012400adaf000002a1ad
:100cec002b30b001019d183c25a800002d000324d9
:100cfc0020a405273f000c24e0ff6e24ff00cf3119
:100d0c005f00f42d0a189401213824020400c0104d
:100d1c000100a5240000e3a0010084240100152497
:100d2c000000a380f4ff60142b3090003cff0010f7
:100d3c00000000002400a48f2b3090000700c0108e
:100d4c0001009424213824022c0015242520800233
:100d5c002400b4af0000f5a02b309002019d0a3c9a
:100d6c00254000002d00032420a442253f00092427
:100d7c00e0ff6b24ff0079315f003f2f0a183f0121
:100d8c00216824020400c010010042240000a3a129
:100d9c00010084240100082400004380f4ff601447
:100dac002b3090003eff0010000000002b78d0018b
:100dbc003400e01121c02e020100c4252c0019249e
:100dcc002400a4af000019a3019d0e3c25c800000f
:100ddc002d00032420a4cb253f000f24e0ff742416
:100dec00ff0087325f00f52c2b5090000a18f5019c
:100dfc00214824020400401101006b25000023a1ae
:100e0c00010084240100192400006381f4ff6014a4
:100e1c00e0ff74244cff001000000000049d133c04
:100e2c00888e66c6003887443e340746110011454b
:100e3c00049d0c3c8c8e88c53e3d084617fe16451d
:100e4c002400a627e0ff00102520000025480501fe
:100e5c0072fd2015010006240800478e049d133cea
:100e6c00888e60c6000887443e06014605fe18457c
:100e7c00049d063c21ff00102400a48f1fff0010ce
:0c0e8c0025200001d0ff00102520c0012f
:020000040000fa
:020000041d01dc
:100e980088ffbd274000b4af3000b0af5400bfafeb
:100ea8005000beaf4c00b7af4800b6af4400b5af76
:100eb8003c00b3af3800b2af3400b1af6800b8f748
:100ec8006000b6f75800b4f7258080003c00a010f9
:100ed80025a0c000ffffa5240200a52c3500a01006
:100ee800cefb1524350013243c00028e4c00038ee3
:100ef8002b18430035006010010043243c0003ae6a
:100f08000000569020000224f7ffc212f7ffc22605
:100f18000500422cf4ff40142b0002240500c212e5
:100f2800251000002d0002240b00c2160100122417
:100f380002000224010012244c00038e2390420276
:100f48003c00028e2b18430024006010010043244b
:100f58003c0003ae00005690019d173c2588000018
:100f6800c4a8f7262118f102000063802000c236c9
:100f78001e00431003000224410022120400222e06
:100f88004f004014000000003e0080564c00038ec5
:100f98004c00028ee70040543c00028e0080023c68
:100fa800160003244c0343ac25280000010f410f11
:100fb80025200002000080441e0000100000e044cc
:100fc8006bff1524c8ff00101800132484ee400f8f
:100fd80025200002cbff001025b0400084ee400f12
:100fe80025200002dcff001025b040000700022485
:100ff80009002252010031263c00028e4c00038e6b
:101008002b1843001a006010010043243c0003ae73
:10101800000056900100312608000224d2ff221653
:101028002118f102ffff022407024216039d023c29
:10103800d83e40d45400bf8f6800b8d76000b6d7f8
:101048005800b4d75000be8f4c00b78f4800b68ff9
:101058004400b58f4000b48f3c00b38f3800b28f86
:101068003400b18f3000b08f0800e0037800bd274e
:1010780084ee400f25200002e6ff001025b0400056
:101088004c00038e04006010000000003c00028e3b
:10109800ffff42243c0002aee2ff8012030004245a
:1010a800e1ff2412ffff0224fdff6010ffff31263d
:1010b8003c00028effff4224f9ff00103c0002ae04
:1010c800b3ff2016019d173cc0a8f7262118f1028e
:1010d800000063802000c236420043100200022450
:1010e800abff201630000224cf01c2561400b4af63
:1010f8003c00028e4c00038e2b18430090006010b9
:1011080000000000010043243c0003ae00004290b0
:101118002000423478000424bd0144144c00038e9e
:101128003c00028e2b184300890060100100432404
:101138003c0003ae0000429025400000300003242c
:10114800870043102e0003249200431025b00000ae
:10115800253000002528000000c0804400a08044fd
:10116800039d073cb03ef6d400c0e04400a0e04434
:1011780025b8000025f0000025480000d0ff4324d2
:101188000a00642cbb0080140000000020004434d6
:101198009fff8a2406004a2da20040552e000a24eb
:1011a8002e000324a100431000000000ea000055af
:1011b8000ab0e5024c00028edc004010000000007e
:1011c800e00080163c00028effff42243c0002ae85
:1011d80025280000010f410f25200002d60000102d
:1011e8000000924409002252010031263c00028e80
:1011f8004c00038e2b1843001a0060100100432492
:101208003c0003ae00005690010031260300022482
:10121800afff22162118f1023c00038e4c00028e0b
:101228002b106200130040140100622484ee400f6a
:101238002520000228000324130043100100112474
:101248004c00028e05004010039d023c3c00028ebb
:10125800ffff42243c0002ae039d023c75ff0010d4
:10126800e83e40d484ee400f25200002e6ff00103f
:1012780025b040003c0002ae000063902800022424
:10128800f2ff6214010011243c00028e4c00038e10
:101298002b184300110060100000000001004324d7
:1012a8003c0003ae00004290d0ff43240a00632ca8
:1012b80008006014251840004429037cbfff6324fc
:1012c8001a00632c030060145f0003240700431412
:1012d80029000324ecff00100100312684ee400fa2
:1012e80025200002f1ff0010d0ff4324dbff43104c
:1012f800039d023c4c00038e0400601000000000b7
:101308003c00028effff42243c0002ae24ff801204
:101318000080023cd1ff2012039d023cfdff6010bb
:10132800ffff31263c00028effff4224f9ff001028
:101338003c0002aeffff422418ff00103c0002ae42
:1013480084ee400f2520000272ff00102000423476
:1013580084ee400f2520000278ff00102540000091
:101368003c00028e4c00038e2b18430005006010d1
:10137800010043243c0003ae000042906fff0010c0
:101388000100082484ee400f252000026bff0010a6
:10139800010008243c00028e4c00038e2b184300e9
:1013a8000a006010010043243c0003ae0000429094
:1013b80025b0000025300000300003240800431049
:1013c8000100052465ff001000c0804425200002ac
:1013d80084ee400f1800a8aff5ff00101800a88f82
:1013e8003c00028e4c00038e2b184300080060104e
:1013f800010043243c0003ae000042900100c32ecc
:101408002330c300ffffd626ebff0010010008249d
:101418002520000284ee400f1800a6aff7ff001049
:101428001800a68f11004a543a0042280901a01456
:101438002518e0022550c003010005243c00028e57
:101448004c00048e2b204400290080100100442405
:101458003c0004ae0000429025b0e0022530c003f5
:1014680025b8600045ff001025f0400101004050fc
:10147800a9ff83241600c01f000000000300c01746
:101488000800e22e0a0040100e00e22e008911002a
:10149800218871000100e3262b50770021505e015e
:1014a80025b8c00225f0c000e4ff001001000824a0
:1014b80007004010039d023cf03e40d482b5204610
:1014c8000000834421008046f2ff00102106164fd9
:1014d800f1ff60100100e326efff2015039d023c99
:1014e800c83e40d401000924ebff001021b6004f8c
:1014f800252000022c00aaaf2800a3af2400a7af24
:101508002000a8af1c00a9af84ee400f1800a5afbb
:101518002c00aa8f2800a38f2400a78f2000a88f53
:101528001c00a98fccff00101800a58f29ff80127e
:10153800252800000000924421008046bdfe0010ce
:10154800020034460200a054fdff4224feff42245c
:10155800f8ff00103c0002ae0a30c5030500c01faa
:10156800700002243b00c0170800e22e3900401426
:10157800700002240e008214252000022528800213
:101588001c00a6afa58c400f1800a7af252060004f
:101598001800a78f0e0040141c00a68f0080033c83
:1015a8000b0083140000000080fe805225280000f4
:1015b8004c00028e05004010251000003c00028ef1
:1015c800ffff42243c0002ae251000002520000049
:1015d800d8ff2012f8ffc3262bb07600ffffc624e1
:1015e80021b0c602822f030080b0160080180300c5
:1015f80025b0b6002110620021b0c4022b184300a8
:101608002320150021187600c33704002a40c300a0
:101618002580400005000015252860001300661489
:101628002b2082001200805096ffa4260080023ce6
:10163800220003244c0343ac039d023c0000924467
:10164800983e42d4210080460200224679fe0010ce
:10165800020022460100e2262b18570000891100db
:1016680025b84000bdff001021f07e0096ffa4269b
:10167800c33704002a406600050000550080023c7c
:101688005f00c3142b2044005d0080100080023ce2
:1016980000009244220003244c0343ac039d023c07
:1016a800a03e42d4e8ff0010210080463e003846a4
:1016b800510000454088110001c122460100312631
:1016c80000c624460100022e2328a200ffff102690
:1016d800f6ff2106200003262b107000211045007c
:1016e80023207500c32f15002b1864002310450014
:1016f80000009244c3371300231043002a18460001
:1017080005006014a10580460700c2142b20930031
:10171800060080500000804423981502200073269c
:101728000500620625980000000080443500622a02
:10173800150040100000e044b03eecd454000624ec
:1017480005fd400f2330d30000000244000063442d
:101758000060824486b320460060e344e512410fee
:101768002000732a0800601232c13446060005457d
:1017780001002232050040140008914400c0804452
:101788000100312600c0e0440008914425180000fb
:101798000008e344a108a046a110164c21b3584cf8
:1017a8000163204632623446030008450080023c4b
:1017b800220003244c0343ac6800b8d76000b6d7b6
:1017c8005800b4d75400bf8f5000be8f4c00b78f5d
:1017d8004800b68f4400b58f4000b48f3c00b38feb
:1017e8003800b28f3400b18f253000023000b08f3e
:1017f800eb12410b7800bd27b2ff001000c6384637
:10180800039d023cc83e40d4b1ff0010b03ee2d474
:10181800050060501400b4af3c00028effff422464
:101828003c0002ae1400b4af1000b2af2538a002dd
:10183800253060022528c002423b400f25200002c7
:10184800fdfd00105400bf8f039d023cf9fd001000
:10185800e03e40d441ff00152e00042456fe00103f
:041868004c00028ea0
:020000040000fa
:020000041d01dc
:10186c000c00838c251080000d00672c0800848ce4
:10187c001800e0101000468c019d093c80400300cc
:10188c009c182a250a58487d0800600100000000b9
:10189c00e418019d5c1d019dd018019dec18019d63
:1018ac00ac19019dc419019d0c1a019d7c1a019d56
:1018bc00c41a019ddc1a019dd018019df41a019dda
:1018cc00e418019d0000af8c0300f92d02002017d5
:1018dc00000000001400458cca0e410b00000000f3
:1018ec000000b88c807f0b3c00f00c7f2b688b01c8
:1018fc00f9ffa0511400458c0400ae8c00f0cf7d94
:10190c002bc8eb01f4ff20531400458c0800a38c6a
:10191c0000f0677c2b40eb00efff00511400458c6e
:10192c000c00a98c00f02a7d2bc04b01eaff005360
:10193c001400458c1000ac8c00f08d7d2b70ab012d
:10194c00e5ffc0511400458c1400af8c00f0f97dfc
:10195c002b182b03e0ff60501400458c1800a78c4b
:10196c0000f0e87c2b480b01dbff20511400458c68
:10197c001c00aa8c00f0587d2b600b03d6ff805105
:10198c001400458c2000ad8c00f0ae7d2b58cb01a3
:10199c00d1ff60511400458ccfff001000000000f7
:1019ac000000a98c18002a2dcbff40511400458c47
:1019bc00c9ff0010000000000000b88c807f0b3cb9
:1019cc0000f00c7f2b688b01c3ffa0511400458cd9
:1019dc000400ae8c00f0cf7d2bc8eb01beff205372
:1019ec001400458c0800a38c00f0677c2b40eb00a6
:1019fc00b9ff00511400458cb7ff00100000000027
:101a0c000000b88c67060924b3ff091368060a2f77
:101a1c00d7004011de021924afff1913df02032f88
:101a2c000c0160105c010e24abff0e135d010f2f37
:101a3c003f01e011aa000d24a7ff0d13ab000e2fe0
:101a4c008601c01154000724a3ff07135500082f6b
:101a5c00b50100517e0009249fff00132a000a24bf
:101a6c009dff0a571400458c9bff001000000000de
:101a7c000000b88ce803192497ff1913e903032f0e
:101a8c00d300601064000d2493ff0d1365000e2f1e
:101a9c001b01c011190003248fff0313320007240c
:101aac008dff07130c0008248bff08571400458c7e
:101abc0089ff0010000000000000ae8c0500cf2d47
:101acc0085ffe0511400458c83ff001000000000de
:101adc000000ac8c02008d2d7fffa0511400458cb2
:101aec007dff0010000000004601c0100700ca3046
:101afc0025108000213086004f0040113f00182433
:101b0c0001000c2441004c1102000d2436004d1133
:101b1c0003000e242b004e1104000b2420004b114b
:101b2c0005000f2415004f11060019240b00595104
:101b3c000000a4800000a28079014010e0ff432443
:101b4c00ff0068305f00072d0a100703000082a019
:101b5c000100a524010082240000a4802d01801026
:101b6c00e0ff8924ff002a315f004c2d0a200c0372
:101b7c00000044a00100a524010042240000ad8017
:101b8c002201a011e0ffae25ff00cb315f006f2dcd
:101b9c000a680f0300004da00100a5240100422497
:101bac000000b980e0002013e0ff2327ff0068301d
:101bbc005f00072d0ac80703000059a00100a524e7
:101bcc00010042240000a480d4008010e0ff89248e
:101bdc00ff002a315f004c2d0a200c03000044a0aa
:101bec000100a524010042240000ad808800a01152
:101bfc00e0ffae25ff00cb315f006f2d0a680f03ad
:101c0c0000004da00100a524010042240000b98071
:101c1c007d002013e0ff2327ff0068305f00072db5
:101c2c000ac80703000059a00100a52401004224a2
:101c3c004500c210000000000000a480700080105d
:101c4c00e0ff8924ff002a315f004c2d0a200c0391
:101c5c00000044a00100a5240000ad807b00a01171
:101c6c0001004e24e0ffab25ff006f315f00f92d22
:101c7c000a68190301004da00100a5240000a280f0
:101c8c0070004010e0ff4324ff0068305f00072d18
:101c9c000a1007030100c2a10100a5240000a480c2
:101cac0066008010e0ff8924ff002a315f004c2d74
:101cbc000a200c030200c4a10100a5240000ad8081
:101ccc005c00a011e0ffab25ff006f315f00f92d28
:101cdc000a6819030300cda10100a5240000a2800d
:101cec0052004010e0ff4324ff0068305f00072dd6
:101cfc000a1007030400c2a10100a5240000a4805f
:101d0c0048008010e0ff8924ff002a315f004c2d31
:101d1c000a200c030500c4a10100a5240000ad801d
:101d2c003e00a011e0ffab25ff006f315f00f92de5
:101d3c000a6819030600cda10100a5240700c225dd
:101d4c00beffc2540000a4800800e003ffffc0a047
:101d5c000000a38c807f073c00f0687c2b480701b7
:101d6c00ddfe20511400458cdbfe0010000000004d
:101d7c00ba0a0b24d8fe0b13bb0a0c2f4800801197
:101d8c00350d0d2476080924d3fe091377080a2f84
:101d9c008f00405191090b2468070824cefe0813cc
:101dac006907092fb6002051ed070a24257000039e
:101dbc00a6060d2484310e7cc7fecd1126070f24f8
:101dcc00c5fe0f571400458cc3fe00100000000028
:101ddc00401f0724c0fe0713411f082f42000011ab
:101dec00803e0924d0070b24bbfe0b13a00f0c2440
:101dfc00b9fe0c571400458cb7fe00100000000013
:101e0c0095ff0010000040a088ff0010000040a0cb
:101e1c00000040a07dff001001004224c7ff00100d
:101e2c000600c0a1bdff00100500c0a1b3ff00104b
:101e3c000400c0a1a9ff00100300c0a19fff001067
:101e4c000200c0a195ff00100100c0a18bff001083
:101e5c00010040a08b0407249ffe07138c04082f5d
:101e6c004100001173050924af0303249afe0313e8
:101e7c00b003072f9200e0501b04082445030b24e9
:101e8c0095fe0b137a030c2493fe0c1311030d24f3
:101e9c0091fe0d571400458c8ffe001000000000c1
:101eac008dfe0d13360d0e2f3c00c011860e0f2427
:101ebc00f10b0c2488fe0c13f20b0d2f5700a051c4
:101ecc00910c0e24540b032483fe0313a20b072442
:101edc0081fe0713070b08247ffe08571400458c5e
:101eec007dfe0010000000007bfe0913007d0a241b
:101efc0079fe0a571400458c77fe00100000000094
:101f0c00c8000f2474fe0f13f401192472fe195724
:101f1c001400458c70fe001000000000000040a072
:101f2c0031ff00100100422425ff0010000040a0ea
:101f3c001802192468fe19131902032f6800601087
:101f4c007a020724b9010a2463fe0a13e8010b2460
:101f5c0061fe0b138a010c245ffe0c571400458c98
:101f6c005dfe0010000000005bfe091374050a2fd3
:101f7c0032004011eb050b24fd040e2456fe0e130b
:101f8c0038050f2454fe0f13c404192452fe19579c
:101f9c001400458c50fe0010000000004efe0f1384
:101fac00870e192f56002013340f0324dc0d09243f
:101fbc0049fe0913310e0a2447fe0a13880d0b241f
:101fcc0045fe0b571400458c43fe0010000000002a
:101fdc0041fe0b1392090c2f31008011240a0d24a1
:101fec00020919243cfe1913490903243afe031370
:101ffc00bb08072438fe07571400458c36fe00102a
:10200c000000000050ff001025308000e3fe00109f
:10201c00000040a0d8fe0010000040a02efe0e13c1
:10202c00e30c0f242cfe0f13410c19242afe195714
:10203c001400458c28fe00100000000026fe0b1337
:10204c0029060c2424fe0c13ae050d2422fe0d577c
:10205c001400458c20fe00100000000002010f242b
:10206c001dfe0f132f0119241bfe1913d500032479
:10207c0019fe03571400458c17fe001000000000d9
:10208c0015fe0a1331080b2413fe0b13aa070c249c
:10209c0011fe0c571400458c0ffe001000000000c0
:1020ac000dfe0d136f0a0e240bfe0e13da090f240e
:1020bc0009fe0f571400458c07fe001000000000ad
:1020cc0005fe08135304092403fe0913e5030a242f
:1020dc0001fe0a571400458cfffd001000000000a3
:1020ec00fdfd0713ac020824fbfd0813490209246b
:1020fc00f9fd09571400458cf7fd00100000000095
:10210c00f5fd03138b0f0724f3fd0713dd0e0824d5
:10211c00f1fd08571400458ceffd00100000000085
:10212c008cfe0010000080a0ebfd09571400458cbc
:08213c00e9fd001000000000a5
:020000040000fa
:020000041d01dc
:10214400b8ffbd272c00b0af2580a0003400b2af8b
:102154003000b1af0000c88c0400c58c4400bfaf90
:102164004000b5af3c00b4af3800b3af2590c00019
:1021740025888000e80000122400a0af010002249a
:10218400510003242400a2affe010212000083a028
:10219400020006242c000424253805012400a6afdf
:1021a4004d01e010010024a202000624cccc0b3c1b
:1021b400cdcc6d35254800001000ae27ffffaf25bc
:1021c4000061050002a7080025a8940100d8187d25
:1021d40000d8b97e2110190302fe050021205f00fa
:1021e40019008d00259820011018000001002925f0
:1021f400823803000408037c2150670023588a00b6
:1022040023600b0119088d012bc00c0118008f01ec
:1022140023c8b80012a0200000002d7342f8140057
:1022240080201f001210000010a820002118e403d1
:102234004038030021a85500235007012158c90143
:1022440030004c252510a000c0c7150042281400fa
:1022540025c80001ffff6ca125400503d8ff4014e9
:10226400422815000a003f2fd6ffe0530061050005
:1022740003006d3221c0d3012c00a0113f000f24b4
:102284002b98d0000900601221a0260200000483cc
:10229400e0ff8224ff0043305f00672c0a20e7013f
:1022a400000084a20100c62401000224ffff1827b5
:1022b400010015241d00b511255000030200092456
:1022c4000f00a9112bf8d0002b58d0000c0060513e
:1022d400ffff582500000c8321c02602e0ff99254a
:1022e400ff0028335f00052d0a60e50100000ca300
:1022f4000100c62401000224ffff58252bf8d0005a
:102304000900e0132198260200000d83e0ffa425b4
:10231400ff0094305f00822e0a68e20100006da283
:102324000100c62401000224ffff18272b18d00047
:102334000900601021a8260200000783e0ffea24b8
:10234400ff0049315f002b2d0a38eb010000a7a2e2
:102354000100c624010002242400d811ffff0c2729
:102364002b98d0000900601221a02602000084816d
:10237400e0ff8224ff0043305f00672c0a20e7015e
:10238400000084a20100c624010002242ba8d0006e
:102394000900a01221482602ffff8a81e0ff4b2595
:1023a400ff0078315f00192f0a50f90100002aa1bb
:1023b4000100c624010002242b40d00009000011b2
:1023c40021f82602feff8581e0ffad24ff00b33132
:1023d4005f00642e0a28e4010000e5a30100c6247e
:1023e40001000224d1ff0010fdff98250100405494
:1023f4002400a6af0800478e049d133c888e62c655
:10240400001887443e100346bf0001452400a88fee
:10241400049d063c8c8ec4c4002887443e2904468f
:10242400300105452400ae8f2400a627252800028c
:102434007259400f252020020c00478e888e69c6f1
:10244400005087443e4d0a4683001545049d0f3cc9
:102454008c8eebc53e560b46040119452400a62775
:10246400252800027259400f252020021000478eb3
:10247400888e6dc6007087443e6f0e4656001d451b
:10248400049d1f3c8c8eefc73e720f46d900094550
:102494002400a627252800027259400f2520200277
:1024a4001400478e888e71c6009087443e88124679
:1024b4002c000145049d123c8c8e53c63e9113465c
:1024c400af0005452400a627252800027259400fb5
:1024d400252020022400a28f2ba850001300a01254
:1024e40000000000218022020a001124010042247d
:1024f400000011a24400bf8f4000b58f3c00b48f90
:102504003800b38f3400b28f3000b18f2c00b08ffd
:102514000800e0034800bd27255005010d01405186
:102524000800c78c21ff001025300000f2ff0012c4
:102534004400bf8f213030020a000324ffffc3a0f0
:102544004400bf8f4000b58f3c00b48f3800b38f78
:102554003400b28f3000b18f2c00b08f0800e0033c
:102564004800bd272400b58f2b40b00204000011a1
:10257400211035022c001824000058a00100b526b3
:10258400019d0c3c2510a0022568000039000a2496
:1025940014a485253f000e24e0ff4f25ff00f231ef
:1025a4005f00532e2ba050000a50d3012138220281
:1025b400040080120100a5240000eaa001004224c6
:1025c40001000d240000aa80f4ff4015e0ff4f2510
:1025d400c1ff00100a10ad022400a48f2b789000d4
:1025e4000700e01101008a24214824022c000b2456
:1025f400252040012400aaaf00002ba12b78500114
:10260400019d193c25a8000039000e2414a42c2790
:102614003f001f24e0ffcd25ff00a8315f00022dfd
:102624000a70e20321c024020400e01101008c2599
:1026340000000ea3010084240100152400008e81f3
:10264400f4ffc0152b78900095ffa0562400a4af8a
:1026540094ff00101400478e2400a48f2bc8900010
:102664000700201301009824216024022c00052473
:10267400252000032400b8af000085a12bc8100357
:10268400019d0e3c2540000039000b2414a4c925eb
:102694003f000f24e0ff7425ff0087325f00f52c14
:1026a4000a58f501215024020400201301002925b1
:1026b40000004ba1010084240100082400002b81a8
:1026c400f4ff60152bc8900068ff00552400a4afe8
:1026d40067ff00101000478ead000612300008247a
:1026e400020028a20800478e049d133c888e62c60f
:1026f40000188744030005243e10034644ff0045a8
:102704002400a5af2400a88f2b281001a900a01035
:1027140021f82802010004252c000d242400a4af74
:102724000000eda3019d083c25c8000039000e24db
:1027340014a405253f001f24e0ffcd25ff00a6318a
:102744005f00c22c2bc090000a70e20321602402b7
:10275400040000130100a52400008ea101008424bc
:10276400010019240000ae80f4ffc015e0ffcd2560
:1027740031ff20572400a4af30ff00100c00478e17
:102784002400b58f2b98b0020400601221a03502fa
:102794002c000724000087a20100b526019d053cfa
:1027a4002510a002256800002d00042420a4bf24c5
:1027b4003f000a24e0ff8324ff0066305f00c92c39
:1027c4002b5850000a20490121c82202040060113c
:1027d4000100ff27000024a30100422401000d246e
:1027e4000000e483f4ff8014e0ff83243aff001028
:1027f4000a10ad022400a48f2b3090000700c010f3
:1028040001008d24214024022c0002242520a00153
:102814002400adaf000002a12b30b001019d183c93
:1028240025a800002d00032420a405273f000c2424
:10283400e0ff6e24ff00cf315f00f42d0a189401ed
:10284400213824020400c0100100a5240000e3a0e4
:1028540001008424010015240000a380f4ff601407
:102864002b30900078ff0010000000002400a48f9b
:102874002b3090000700c01001009424213824025a
:102884002c001524252080022400b4af0000f5a0fc
:102894002b309002019d0a3c254000002d000324aa
:1028a40020a442253f000924e0ff6b24ff00793176
:1028b4005f003f2f0a183f01216824020400c01062
:1028c400010042240000a3a1010084240100082483
:1028d40000004380f4ff60142b3090007aff001056
:1028e400000000002b78d0013400e01121c02e023a
:1028f4000100c4252c0019242400a4af000019a34e
:10290400019d0e3c25c800002d00032420a4cb25e6
:102914003f000f24e0ff7424ff0087325f00f52c92
:102924002b5090000a18f50121482402040040119c
:1029340001006b25000023a1010084240100192457
:1029440000006381f4ff6014e0ff742488ff00102a
:1029540000000000049d133c888e66c6003887443e
:102964003e33074611000d45049d0c3c8c8e88c5f2
:102974003e3c0846adfe12452400a627e0ff0010a9
:10298400252000002548050108fe20150100062425
:102994000800478e049d133c888e60c60008874457
:1029a4003e0201469bfe0845049d063c5dff001067
:1029b4002400a48f5bff001025200001d0ff00102d
:0429c4002520c00109
:020000040000fa
:020000041d01dc
:1029c80060fdbd27ecffc2286c02b5af6002b2af54
:1029d8005802b0af7c02bfafb002b08f7802beaf72
:1029e8007402b7af7002b6af6802b4af6402b3af97
:1029f8005c02b1af9002b8f78802b6f78002b4f76c
:102a0800a002a4af25a8a00006004014259000004d
:102a1800fdffc224180003241a004300f4016000db
:102a280012900000039d033c584f6324801010004f
:102a3800211043000000518cffffe3242350430280
:102a4800039d093c215823025001a8272510400165
:102a5800504e292523204a002a2064010d008010a9
:102a68001000b3272548e0002550600223202701e5
:102a78002a20240220008014c0200900000080447d
:102a88005001a2270000e04421208200130000101a
:102a98002540000000008044060040040000e04497
:102aa80080200200212024010000848c000084443e
:102ab80021008046000000f501004224e5ff0010d7
:102ac80008000825c05808008100624df8ff81d42d
:102ad800f8ff8424010008252110014c2a586800b9
:102ae800f8ff6011a002a28f000040f5010029251f
:102af800deff001008004a2501005726e8ff0424dd
:102b08000210e4728020110021b84600f001a227cb
:102b180021104400039d043cf03f98d4039d043cdd
:102b2800003f96d44002a2af25b02002039d063c88
:102b3800e03fc2d4039d063cc0201600e83fc4d441
:102b48000103934cf001a427254880002540c002ca
:102b58006400001d2530e002ac02a7af5002a4af0c
:102b680005fd400f4802a3af02033846b0ee400f00
:102b780006052046020036464802a38f5002a48f5d
:102b8800ac02a78f01a520460da0204600001444e2
:102b9800210080466000e01a01a52046ffffc626f6
:102ba8008030060021306602e001de8c180009241e
:102bb8002348370107403e0121a08802044028012c
:102bc80023f0c803e001deac170006242330d70049
:102bd80007f0de001e00c05b00008044ff000a3cd6
:102be800010094262548000025400000ffff4a35d3
:102bf80000010b3c2a3036015500c01400000000cb
:102c08000500e01a010004245e00e4120200042416
:102c18006300e412ffffc426020004240b00c4175b
:102c2800039d043cb03e8cd4080000110165344675
:102c38002530e002ac02a7af05fd400f4802a3af64
:102c480001a52046ac02a78f4802a38f000080444c
:102c58000000e04432a120468b000445ffffc42653
:102c680025300000254880002a409100510000517d
:102c7800804004006600c0504002a48f25b02001a7
:102c880080181600f001a227211843000000638c69
:102c98007b006010e8fff726039d033cb03e6cd430
:102ca80005fd400f2530e002039d043ce03f84d43d
:102cb8002518c002900061042520c002039d093c2c
:102cc800a8008004c0300400000080440000e044f4
:102cd800104e28252130d300253800009700001019
:102ce8002318c40202602246ffff0825c0300800ee
:102cf800040029250d002046210080468201244633
:102d0800016326464d6020460103d34cfcff21e5b4
:102d18008fff001000032c460600e016ffffc626b2
:102d28008030060021306602e001de8ca9ff001029
:102d3800c3f51e00039d063cc83ec0d43e00344681
:102d4800c2ff004525f00000a4ff001002001e2469
:102d58000a0000150000868c0500c05001002925d6
:102d680023306601000086ac0100062401002925f5
:102d7800040084249fff00102540c000f9ff0010c4
:102d880023304601ffffc42680200400212064026e
:102d9800e001868c00b0c67c9fff0010e00186ac85
:102da8008020040021206402e001868cfaff0010d4
:102db80000a8c67cf001a227214048000000088d29
:102dc800ffff8424a8ff00102530c8000100c62496
:102dd800fcff888cfdff0011fcff84242120c70222
:102de800c02004005001a227039d0a3c0100c82608
:102df800212044002130c602504e4a252a48c800e6
:102e08000500201125b0c00049ff0010039d063cb5
:102e1800efff0010010006242148480280480900fd
:102e2800214849010000298d255880000000894467
:102e38002548000021008046000080f400008044fe
:102e48000000e0442a60690006008011a002a28ff9
:102e5800c04808000900334d01000825e7ff0010ad
:102e680008008424c0600900000061d58100824dfb
:102e780001002925f8ff6b25f2ff00102110014cf5
:102e88007fff0010ffffd62606a3204605fd400f52
:102e980023301700039d033ce83f64d43e222046bc
:102ea8001100084580181600039d043ce03f82d4b9
:102eb8000100d626212063028200224680181600cf
:102ec800211863021800f7264d102046a1088046f5
:102ed80082102446010022460d002046e00180e4cd
:102ee8006dff0010e00161e4212063020d0020461f
:102ef80069ff0010e00180e480200300f001a227b0
:102f0800212044000000848cc03003000008844461
:102f1800ffff6324a1088046821020460200244651
:102f280064ff00100910d34c0000c1d40100e7244d
:102f3800080008252110014c0800c6242a50270241
:102f4800030040152a506700f7ff4051000002d5e2
:102f5800c018030021186302a00060f458ff001095
:102f6800ffff842403000224290002120400022a1d
:102f7800540040107c02bf8f61000012ffff102632
:102f88000200102e4f0000122510c0024002a0af10
:102f98004402a0afb000a4275d004304c01802009b
:102fa8004002a28f0500c0134402a38f4402a58fdc
:102fb8000080063c4002a28f2618c500b000a0d7aa
:102fc8004002a1d70000a2ae0400a3ae0100214632
:102fd8000100062400000844000069442a38c6029b
:102fe8005100e050000888440600c0130080023ced
:102ff800261049004002a8af4402a2af4002a88fa1
:103008004402a98f0800a8ae2d0000100c00a9ae3c
:10301800b000a827c0101600211002012518400092
:103028002520c0024800805cf8ff60d42518c00243
:10303800020064284d00801025300000253800006b
:103048000200c22a53004010b000a48fb400a58f1c
:10305800b800a88fbc00a98f5700c0170000a4ae05
:103068000400a5ae0800a8ae0c00a9ae1000a6aedc
:10307800130000101400a7ae4002a1d70100624c53
:10308800ffffd626000820464002a0f7faffc10637
:10309800c01816000800c0134002a28f4402a38f74
:1030a8004802a2af0080023c261043004c02a2afa7
:1030b8004802a0d74002a0f74002a0d70000a0f61f
:1030c8007c02bf8f070082329002b8d78802b6d739
:1030d8008002b4d77802be8f7402b78f7002b68fa1
:1030e8006c02b58f6802b48f6402b38f6002b28f2e
:1030f8005c02b18f5802b08f0800e003a002bd2720
:103108004002a0af4402a0afe0ff0010b000a22729
:103118004002a1d70100644cffff4224000820466a
:103128009dff00104002a0f7080080d40008e94481
:1031380008008424000820460100c6240000084432
:10314800a6ff001000006944000061d4f8ff632462
:10315800ffff84248000214601002246000062f41b
:1031680000002146afff0010080060f4f8ff40d4cb
:10317800000041d4f8ff4224ffff63248000214669
:1031880001002246000042f400002146a8ff00107a
:10319800080040f400088644c01016000100484c9e
:1031a8000008e744ffffd626000820460000064432
:1031b800a3ff0010000067440080023c2618450069
:1031c8000400a3ae26184900261047000800a8ae40
:1031d8000c00a3ae1000a6aeb9ff00101400a2aefa
:020000040000fa
:020000041d01dc
:1031e800ffff8224b0ffbd27feff432c4c00bfaf7a
:1031f8004800beaf4400b7af4000b6af3c00b5af23
:103208003800b4af3400b3af3000b2af2c00b1af68
:103218002800b0afc80060102000a0a32580c0001f
:103228000800c68c0300c728ed00e0100c00a83089
:103238000f00b33020ac057ce7000015c22905005b
:1032480000008990bc00201114000c240c00918c03
:1032580080201300215093006c00328ec0580a0061
:103268000a60050021686c0121904d020c004e8e09
:103278000100cf31dc00e0115400378e0400148eb9
:10328800040056961b009602f401c00210c000000c
:1032980017000013000000004200a10683ff02246b
:1032a800010034921d008016020023926a00601407
:1032b80001000224680026926500c2104c00bf8fee
:1032c8004800be8f4400b78f4000b68f3c00b58fd2
:1032d8003800b48f3400b38f3000b28f2c00b18f18
:1032e8002800b08f81ff02240800e0035000bd27aa
:1032f800ecffa306010034921000198e01003e3342
:10330800e8ffc05301003492e6ff80520100349276
:1033180080003f37e2ff001010001fae25a000001c
:1033280025f00000460060100000000025b00000f5
:103338002a00a006180000ae0000478e25200000d5
:1033480003000524200004ae2a00e010080005aea2
:1033580025b8e0001800e78cfeffe05425b8e0002f
:10336800030008241800f0ae1c0017ae080008aed1
:10337800010037920400e05602003e926a00c0172e
:103388000000000002003e920300c0170000000089
:103398006100c016000000000e0080160100142411
:1033a800251000004c00bf8f4800be8f4400b78f27
:1033b8004000b68f3c00b58f3800b48f3400b38f0f
:1033c8003000b28f2c00b18f2800b08f0800e003c6
:1033d8005000bd27f2ff0010680034a20000478e9d
:1033e8000400048e03000524200004aed8ffe01476
:1033f800080005ae04000924000050ae1c0000ae11
:103408001a006016080009ae5400a0061c012a8e96
:1034180001000b244a004b110000000002000424a4
:10342800d4ff4455010037920201f3921c0125aee6
:10343800c418737d0201f3a2ceff00100100379279
:10344800a308410f6400248eb9ff001025b0400086
:10345800680020a225a02001a308410f6000248e47
:1034680025f04000afff0010020023924500a0069f
:1034780000a9130021b8f5020601e49201008a3080
:10348800bcff4051010037922000ab272530600275
:103498001800a0af1400abaf1000b0af2538000083
:1034a800252840022e3e400f252020022000b393fd
:1034b800b0ff6056010037920601ec9204004d9669
:1034c800fe008e312b784d002000188e0400198ed6
:1034d8000601eea20500e0551800068e2bf8190328
:1034e800a4ffe057010037921800068e0c00038ee7
:1034f8002b103803080002ae040018ae200000aefe
:103508009bff6010000046ae09f86000252000020d
:1035180098ff0010010037920c0f410f6400248eb1
:103528009dff0010000000000c0f410f6000248e6a
:1035380095ff001002003e929aff001083ff0224bc
:103548000201ec9201008d318300a05554002e8eab
:103558000900172486ff00101c0137ae240049110a
:103568000500052483ff4555010037920600022413
:10357800480008241c0122ae0201e8a27dff0010c9
:10358800010037922000a527010015241400a5afdb
:103598001000b0af1800b5af010007242530600255
:1035a800252840022e3e400f252020022000b093ff
:1035b80070ff005601003792100072260039120081
:1035c8002140e702020009910400a97e020009a136
:1035d80068ff00100100379272ff001084ff022478
:1035e80070ff001085ff02246eff00108aff02247e
:1035f8000400499600000c8e2b508900d900401118
:103608005400398e0400158effff89304b0080105e
:103618002398a4022110930107009f302500e0138e
:1036280021704400010003241d00e31302000f244d
:103638001800ef13030018241300f81304000624dd
:103648000e00e613050007240900e7130600052409
:103658000500e55300004a9000004890010042240c
:10366800200028a300004a900100422420002aa339
:1036780000004b900100422420002ba3000053902f
:1036880001004224200033a300004c900100422492
:1036980020002ca30000559001004224200035a3ef
:1036a80000004d900100422420002da31500c251b6
:1036b8000400599600005f900800422420003fa3b0
:1036c800f9ff4390200023a3faff4f9020002fa377
:1036d800fbff5890200038a3fcff4690200026a34b
:1036e800fdff4790200027a3feff4590200025a35b
:1036f800ffff4890200028a3efffc25500005f900d
:10370800040059962000128e2b48390123204402c8
:10371800200004ae070010242000a0a30a002015f2
:103728001c0130ae0201ee9201000a2444084e7dcd
:103738000201eea20fff00100100379207000d24ce
:10374800200000ae1c012dae0a000b240201eba2e2
:1037580008ff00100100379200000f8e0801d88d75
:10376800ff3f1f335f00e0132000d9250700e63331
:10377800251800003100c01021a8e4012800ca1053
:10378800020002242200c210030068301a00c5108b
:10379800040005241300c510050007240c00c710f9
:1037a800060008240600c81003006b3000002993a7
:1037b80001000324ff002a310000aaa203006b3095
:1037c8008a212b7f2198a302000064a201006324b0
:1037d80003006c308a692c7f2170a3020000cda100
:1037e8000100632403006f308ac12f7f2130a302b8
:1037f8000000d8a001006324030062308a39227fc8
:103808002128a3020000a7a0010063240300683058
:103818008a49287f2150a302000049a1010063249e
:1038280003006b308a212b7f2198a30201006324b7
:10383800000064a22c00e3532000198e03006c30b2
:103848008a692c7f01006e242178a3020000eda173
:103858000300d8318a31387f020067242110ae0274
:10386800000046a00300e5308a41257f0300692453
:103878002150a702000048a103002b318a212b7f89
:103888002198a902000064a203006c308a692c7f89
:1038980004006e2405006f2421c0ae0200000da3b1
:1038a8000300e6318a39267f060065242110af021d
:1038b800000047a00300a8308a49287f07006a242f
:1038c8002158a502000069a1030044318a99247f88
:1038d8002160aa0208006324000093a1d8ffe3171f
:1038e80003006c302000198e040055962168f903f6
:1038f8002bf8f5030400038e2000a0a30a00e017ac
:1039080020000dae2b70a3010800c05118000f8ec7
:103918000201f092010012248431507e0201f0a2cb
:1039280094fe00100100379218000f8e0c00188ebc
:103938002b306d00080006ae04000dae0300001326
:1039480000004fae09f80003252000021400478e3e
:1039580007ffe014060002240500172484fe001067
:103968001c0137ae04000b8e03002011239864015c
:1039780028ff001025202001200004ae07000424a1
:0839880068ff00101c0124aed1
:020000040000fa
:020000041d01dc
:10399000a6060324d601a31025108000a706a42c98
:1039a0002100801011030a243001aa101203ab2c4d
:1039b0003b006011c4040c245c010c24c901ac1050
:1039c00008000d245d01ad2c9100a01118020e24f9
:1039d000aa000c246401ac1004000d24ab00ad2c33
:1039e000b500a0555400042402010e246501ae1058
:1039f00006000d242f010f245e01af10d500b8384a
:103a00000d000d2405001924aa000e241900052418
:103a100008000f240a0003240a6838030a70b8005b
:103a2000a10000100a787800070b06249e01a6105a
:103a3000080ba72c3400e010bb080a249e01aa1032
:103a4000bc08ab2c5d006011da090c24aa070b241a
:103a50001101ab10ab07ac2cdb008015260703244b
:103a600031080d248501ad1027000d2476080e24a1
:103a70007e01ae10ed07a53826000f240d000d24a1
:103a80000a68e501aa000e24a005182408000f24e6
:103a9000040019240a700503830000100a78250326
:103aa0008901ac1019000d24c504ad2c2f00a01104
:103ab000ae050e24e5030d240a01ad5015000d24ba
:103ac000e603ae2c9600c0157a03062453040f2497
:103ad0008f01af108b0418248901b8101b04b9386a
:103ae0000d000d2416000524aa000e24e80103246d
:103af00008000f24060004240a68b9000a7079003f
:103b0000690000100a789900880d08247101a81036
:103b1000890da92c52002011410c0b24e200ab109e
:103b2000420cac2cb6008015a20b0324e30c0d2430
:103b30003301ad1037000d24350d0e242c01ae10cd
:103b4000910ca53836000f240d000d240a68e501fc
:103b5000aa000e24800b182408000f240300192447
:103b60000a700503500000100a782503c700ae1044
:103b70001d000d24af05af2c8500e0153805072486
:103b800029061824e800b81067061924e200b910c5
:103b9000eb05a5380d000d241e000324aa000e24f9
:103ba0008003042408000f24050006240a68650029
:103bb0000a7085003c0000100a78c500be00ac10f9
:103bc0002d000d24db09ad2c6300a0154909042448
:103bd0006f0a0e24cd00ae102f000d24ba0a0f2458
:103be000c600af10240aa5380d000d242e0018249d
:103bf000aa000e244008192408000f2404000324fe
:103c00000a6805030a702503270000100a7865007a
:103c1000b700ae100c000d241902af2c3300e015d4
:103c2000b9010724ac021824aa00b810de02192436
:103c3000a400b9107a02a5380d000d240e0003244b
:103c4000aa000e24c400042408000f240700062440
:103c50000a6865000a708500130000100a78c50024
:103c6000dd0e0a24bc00aa10de0eab2c720060111f
:103c7000310e0424b400a410860e0624ae00a61053
:103c8000dc0da7380d000d243a000824aa000e24ec
:103c9000400d092408000f2403000a240a680701c4
:103ca0000a7027010a78470100004dac04004eacb1
:103cb0000800e00308004facb900a4107e00062401
:103cc000b300a6102a00a738010008240d000d2417
:103cd000aa000e2408000f240f0009240a68070117
:103ce0000a700701f0ff00100a782701d300a7101f
:103cf000e8010824cd00a8108a01a93809000a2487
:103d00000d000d24aa000e2451000b2408000f24de
:103d10000a6849010a706901e3ff00100a78490145
:103d2000a700a610af030724a100a7104503a838d9
:103d30000d000d2412000924aa000e2444010a24b7
:103d400008000f2407000b240a6828010a704801a4
:103d5000d5ff00100a786801c000a410910906245c
:103d6000ba00a6100209a7380d000d242a00082465
:103d7000aa000e24e006092408000f2404000a24e7
:103d80000a6807010a702701c7ff00100a78470177
:103d90009300a710730508248d00a810fd04a9380e
:103da0000d000d241a000a24aa000e24a8020b24d8
:103db00008000f2406000c240a6849010a706901f2
:103dc000b9ff00100a788901b300a3106807042422
:103dd000ad00a410e606a6380d000d24220007242d
:103de000aa000e248004082408000f2405000924da
:103df0000a68e6000a700601abff00100a78260187
:103e00008600a310f10b04248000a410540ba638e4
:103e10000d000d2432000724aa000e24c009082436
:103e200008000f24040009240a68e6000a7006014d
:103e30009dff00100a782601340f0c240f00ac10ef
:103e40000d0018248b0fa5383f000d24800f0e2481
:103e5000aa00192403000f24080003240b6805039b
:103e60000b70250390ff00100b78650011000d24e6
:103e700020010e248cff001007000f243e000d24ab
:103e8000000f0e2488ff001003000f2450030e249f
:103e900085ff001005000f2425000d2460050e2469
:103ea00081ff001004000f2435000d24000b0e24a8
:103eb0007dff001003000f24e0070e247aff00109e
:103ec00004000f2410000d2400010e2476ff0010c2
:103ed00007000f240f000d24e0000e2472ff0010d5
:103ee00007000f24b8010e246fff001006000f24f6
:103ef00090000e246cff001008000f2430000d24e9
:103f000000090e2468ff001004000f24a0080e24ee
:103f100065ff001004000f2420000d2400040e246f
:103f200061ff001005000f241f000d24c0030e24a4
:103f30005dff001005000f243c000d24000e0e2430
:103f400059ff001003000f243b000d24800d0e24a8
:103f500055ff001003000f243d000d24800e0e2499
:103f600051ff001003000f2410000e244eff00101c
:103f70000b000f2407000d2431000e244aff00100f
:103f800009000f2424000e2447ff00100a000f240c
:103f900003000d2409000e2443ff00100c000f2421
:103fa00002000d2404000e243fff00100d000f241a
:103fb00014000d2490010e243bff001006000f2476
:103fc00013000d2468010e2437ff001006000f2493
:103fd0001c000d2410030e2433ff001005000f24d5
:103fe0001b000d24e0020e242fff001005000f24fb
:103ff00038000d24400c0e242bff001003000f246a
:10400000c00b0e2428ff001003000f2434000d24e1
:10401000a00a0e2424ff001004000f2433000d24f6
:10402000200a0e2420ff001004000f240b000d2492
:104030007a000e241cff001008000f240a000d2433
:1040400064000e2418ff001008000f242c000d241b
:10405000a0070e2414ff001004000f242b000d24d1
:1040600040070e2410ff001004000f2428000d2428
:1040700040060e240cff001004000f2400060e243e
:1040800009ff001004000f2424000d2410050e2445
:1040900005ff001005000f2423000d24d0040e247a
:1040a00001ff001005000f2431000d2460090e24cb
:1040b000fdfe001004000f2429000d24a0060e248c
:1040c000f9fe001004000f2470020e24f6fe00100a
:1040d00006000f2439000d24c00c0e24f2fe00103f
:1040e00003000f2440000e24effe001009000f24ef
:1040f00021000d2440040e24ebfe001005000f24c7
:1041000018000d2440020e24e7fe001006000f24c4
:1041100017000d2410020e24e3fe001006000f24e9
:020000040000fa
:020000041d01dc
:1041200020febd27cc01b4afc801b3afc401b2af0c
:10413000bc01b0afdc01bfafd801b7afd401b6af9f
:10414000d001b5afc001b1af258080002590c0007f
:10415000b401a5afb001a0af259800001c01b427a1
:10416000b401a28f000042806e0040108000022443
:10417000b401a527252000029c01a0afa001a0af9b
:10418000a401a0afa801b4afcc04410fac01a2af11
:1041900025a84000b401a38f0000628003004010f6
:1041a000250004244f0044543c00028eb001a28f2d
:1041b00021105500b001a2af000064802500022448
:1041c000ae01821401006224b401a2afa401a0af29
:1041d000010064802a0002240400821425a8000043
:1041e00002006324b401a3af010015248603410f2c
:1041f000b401a48f2528400025200002010f410fa3
:10420000a401a2afb401a38f00006280d0ff4224ba
:104210000a00422c5f004014010063240e08410f85
:10422000b401a42725b04000b401a28f3011410f82
:104230000000448025b8400025000224ea00e21274
:1042400080000324a5fff7261e00e22e88014010ff
:10425000019d023c80b817006c4242242110570097
:104260000000428c08004000000000005846019dfc
:104270007048019d7048019d7048019d7048019de6
:104280007048019d0845019d7048019d4c45019d68
:104290009c43019d0845019d0845019d0845019de0
:1042a0007048019dd443019d7048019d7048019d57
:1042b0007048019d7048019dcc44019d5844019d6a
:1042c0009044019d7048019d7048019dac45019d41
:1042d0007048019d2044019d7048019d7048019dda
:1042e0007444019d4c00038e2b184300190060108c
:1042f000010043243c0003ae00005190b401a28fa2
:104300000000428019005110b001a28f4c00028eb3
:1043100005004010dc01bf8f3c00028effff4224ed
:104320003c0002aedc01bf8f25106002d801b78fc0
:10433000d401b68fd001b58fcc01b48fc801b38f33
:10434000c401b28fc001b18fbc01b08f0800e0037f
:10435000e001bd2784ee400f2520000225884000a3
:10436000ffff0224e5ff2216b001a28fb401a527aa
:1043700001004224b001a2afb401a28f25200002a7
:1043800001004224cc04410fb401a2af81ff001010
:1043900021a8a2029bff0010b401a3afb001a72780
:1043a0009c01a6271800a5273905410f25200002ea
:1043b00017004004ffff0324b401a28f0100422430
:1043c0000b00a012b401a2af2510000064ff001082
:1043d00021986202b001a7279c01a6271800a527f3
:1043e000fc8b400f25200002f1ff001000000000b0
:1043f00025384002010006242528c002d8d4400fe9
:104400001800a42756ff430421986202ffff0324eb
:10441000c5ff4314dc01bf8f1b010010000000002a
:10442000b001a7279c01a6271800a5275405410f16
:1044300025200002f6ff4004ffff0324b401a28ff1
:1044400001004224e0ffa016b401a2af25384002cb
:10445000e9ff001025300000b001a7279c01a62726
:104460001800a527d912410f25200002f1ff0010e6
:1044700000000000b001a7279c01a6271800a5276f
:10448000b9c6400f25200002eaff0010000000001e
:10449000b001a7279c01a6271800a527b9c6400f81
:1044a00025200002daff4004ffff0324b401a28f9d
:1044b00001004224c4ffa016b401a2af2538400277
:1044c00025300000cdff0010f0000524b401a28fbc
:1044d00001004224b401a2afb001a28f1800a2af24
:1044e000c3170200b8ffa0161c00a2af2538400277
:1044f000253000002528c002d8d4400f1800a4277a
:10450000b2ff001025100000b001a7279c01a627cc
:104510001800a527597d400f25200002bcff40044c
:10452000ffff0324b401a28f01004224a6ffa016be
:10453000b401a2af253040022528c0025dff400f24
:104540001800a427afff0010000000008000022424
:10455000c700c216a401a28f04004054b401a28f68
:1045600001000224a401a2afb401a28f01004224e1
:10457000b401a2af0500a016251000000000428e75
:1045800004004324000043ae0000428c1000a2afa0
:10459000b001a727253000009c01a527db12410fa1
:1045a0002520000297ff0010000000008000032477
:1045b000af00c316b401a28f01004224b401a2af20
:1045c0000500a016251000000000428e04004324c0
:1045d000000043ae0000428c1000a2afb001a7273c
:1045e000edff001001000624a100c316b401a28f44
:1045f000010042244c00038eb401a2af3c00028ea5
:104600002b18430009006010010043243c0003ae56
:10461000000042900d0057543c00028eb001a28f62
:104620000100422468ff0010b001a2af84ee400fe9
:1046300025200002faff5710b001a28f4c00028e15
:1046400062ff4010251000003c00028effff422454
:104650005dff00103c0002ae800002248500c216ff
:10466000b401a28f0600a01625b000000000428e03
:1046700004004324000043ae0000568cb401a28f16
:1046800001004324b401a3af010044805e00032471
:10469000040083142588000002004224b401a2af64
:1046a000010011241800a42701010624700f410ff6
:1046b00025282002b401a28f1800a0a30000438087
:1046c0002d0004241c0064145d0004240100422415
:1046d000b401a2af0100223a4600a2a35d00052466
:1046e0002d0006240100313ab401a38f000062803e
:1046f00017004514000000003600c01625a8000071
:104700003c00028e4c00038e2b18430054006010b6
:10471000010043243c0003ae000051901800a22782
:1047200021105100010042904900401425a80000ca
:10473000350000104c00028ee8ff64140100422492
:10474000b401a2af0100223ae4ff00107600a2a358
:10475000e9ff40100000000009004610b801a28fd8
:10476000b401a28f1800a427000043800100422456
:1047700021188300010071a0dbff0010b401a2af7b
:1047800000004280f7ff4050b401a28ff4ff4510b3
:1047900001006224b401a2afb001a28f00004280e8
:1047a000010064802a204400edff801001004224b3
:1047b0001800a42721208200f9ff0010000091a01a
:1047c000000051a0b001a28f0100b52601004224d3
:1047d000b001a2af3c00028e4c00038e2b184300a8
:1047e00017006010010043243c0003ae000051900c
:1047f0001800a2272110510001004290f0ff401440
:104800002110d5024c00028e05004010b401a28f89
:104810003c00028effff42243c0002aeb401a28f96
:10482000010042241200a012b401a2af1000c01275
:1048300021b0d5020000c0a2e4fe00100100022455
:1048400084ee400f25200002e9ff0010258840007b
:10485000b001a28f01004224a9ff0010b001a2af55
:1048600084ee400f25200002acff00102588400098
:10487000b401a28f01004224b401a2afffff0224c1
:10488000d2fe221625100000a6fe6052ffff132460
:08489000a5fe0010dc01bf8f42
:020000040000fa
:020000041d01dc
:10489800e8ffbd271c00a5af1c00a58f080080c439
:1048a80000f0a27c000882442400a7af3c00014627
:1048b8002800a38f2c00a78f3000a98f2000a6af57
:1048c8004000a8c72c00b1c73000a5c73400adc749
:1048d8003800b0c73c00acc72000a68f2400a88fc2
:1048e800280083ac2c0087ac06000145300089ac59
:1048f80000f0ca7c00108a443c010246d9000445f5
:1049080000f00b7d049d0f3c14008d8c208eebc5b0
:1049180001000e24280080ac2c0080ac300080ac54
:10492800340080ac380080ac3c0080ac40008ea0e5
:10493800500080ac540080ac580080ac5c0080ac67
:10494800600080ac640080ac680080a06c0080ac23
:1049580070008dac740080a0780080ac7c008dacb9
:104968004c008ea0480084c482410446c1590646c2
:1049780004008bc43c3b0b46d9000c45440087e43b
:1049880044008be4400080a04c0080a00000988c7c
:1049980018008ac40200192f200093c4240095c46b
:1049a800be0020131c00828c00388244049d0b3cfe
:1049b800108e63c54252074642501346a8516a4cae
:1049c800a09b354d2839354ca0a8d54c00700f4414
:1049d8002800b2c70078804401000c2432950f46a5
:1049e800340084e438008fac3c0082e407001445ae
:1049f80068008ca0328e0f4605001a45c28d1146fc
:104a0800322f0f4615011d45049d193cc28d1146d4
:104a1800049d193c308e39c71f5f0d3c1214ae251a
:104a2800049d033c348e7bc46097f24ee02fa54f63
:104a380002f8194600f80744434807002350c90103
:104a480000088a44c200014682190146c1d90646b7
:104a5800423a0146824b114600888f44c293094668
:104a6800c24d054642890e4602200e4642170f46a1
:104a7800c28f1746e020af4c28880f4c6810ee4fc5
:104a8800007080446012774c3c480e462001014576
:104a9800a821b74f40008e906c00878c500081e4ad
:104aa800540086e40800c015580080e4c230064669
:104ab8000c0087c4600a614ca003204d3e71074674
:104ac800030004450100e924680080a0f7ffe924f9
:104ad80070008a8c2a6049018700801114008b8c31
:104ae800680080a0e1002005700080ac00b8804418
:104af8002a386901326a17460a58270101000a2430
:104b08006c008bac8b00094574008aa001000b2453
:104b18001f010b13020009240d01095342521546c7
:104b2800e500001700288044049d0c3c004882449e
:104b3800108e83c5c257154682530946e8516a4c00
:104b4800e09de94fe89bd54d6099f34c1000b7e71d
:104b58001400afe7426704468214104600d88f4419
:104b6800308e27c7c2df0d461f5f0e3c1214cd25bd
:104b7800e810ad4fa8605b4e348e69c41400adc711
:104b88002824f04f021b03462011824d1000acc7a9
:104b9800e085904c42be074600b80f4443480f00da
:104ba8002338a90100708744c2cb0e46427c0e46ca
:104bb80000788044414f114682ec0e46c21e1246d0
:104bc800c2171246028112461000b0c7c2281b46ff
:104bd80082681f46c22d044642861b46a0637f4c4e
:104be8002863444c1400a2c7e810fb4ee82d3f4f41
:104bf8006011c44d3c2d0f46b600174542640c4663
:104c080040008c9078008e8c5c0083e460008ce41b
:104c180098008015640097e402640c46100099c45b
:104c2800a01b034ea0b8d74d3e1619469200194551
:104c38007c008d8c0100c9252a78a9019300e01118
:104c480014008b8ce5002005740080a02ac069013f
:104c58000b487801255800007c008bac3c00001004
:104c6800780089ac00188b443c02034626ff0945ae
:104c7800049d0f3c40008c903aff801544008bc483
:104c88000000988c18008ac40200192f200093c4d1
:104c9800240095c444ff20171c00828c02000324c2
:104ca800880003170090824482530a46c255124670
:104cb800049d093cc2ab154602901546108e3bc5b3
:104cc80000800a3c609ef54e41df0e462851134c89
:104cd80081e80f4600c807443dff00102678ea0027
:104ce80000488044325c094626ff134544008be4a3
:104cf80026ff0010c63a004668008e90590020052d
:104d080070008bac2a6869010b486d010400c01162
:104d18006c0089ac000080448601004646000046cd
:104d280000b8804401000a24326a174677ff084514
:104d380074008aa03283174675ff0c4501000b24c6
:104d48003264174672ff1045c6b8004606bb0046d7
:104d5800049d0c3c388e8fc50000174600b8884467
:104d68000088854442b90f4600908644428f0f461a
:104d7800c2910f46c0360c46400803460080053ce9
:104d8800e007ab4c263045002009ab4fe0daeb4c8e
:104d980000e88644308e26c71f5f083c02fc0846a0
:104da80012141925422608468258084600408244b3
:104db800348e69c41800bd27c28013468283084612
:104dc800c2851546c213134602131546021008463b
:104dd80042c9134660c86a4c6814ca4da8ecf94d1c
:104de800e0810a4cc10e0c46e0cf354e01911746c2
:104df80000dc0846413e054680220a46828010466d
:104e0800c0fc134640cd1546e0504a4c209a734cde
:104e1800a0ab154dc2730646007002444338020029
:104e28002318270300308344027b0646c2650646e2
:104e3800414a174602480646425100464284004607
:104e48004298004642af0046180085e41c0091e4f1
:104e5800200081e40800e00324009de4adff001079
:104e6800049d033ca9ff001025480000acff00107a
:104e78006c0080ac7c008d8cf7ffc9252a78a901cd
:104e880014008b8c6fffe015740080a05100200582
:104e9800740087902a5069010b486a016fffe0107f
:104ea8007c008bac00b8804406bb0046c6b8004600
:104eb800a7ff0010780089ac1400a0af25ff0010f0
:104ec8001000a5e70010804400100f44c0fe001039
:104ed80006110046601f234ea0bcb74fc29107467b
:104ee80000900a4443580a0023c0ab0100d89844f4
:104ef800c23f1b4602f91b46414a0446424b1b4629
:104f0800c2180d4602630d463dff0010c2bd0d4696
:104f1800c2330646e00de14d6004e04e428e19466c
:104f280000880b4443600b002368cc0100288d44a3
:104f380042cf054682ec0546c1de1246c2df054671
:104f480042081f4682311f46d2fe001002001f464b
:104f5800829b154600788244c2550a46049d0a3c45
:104f6800108e45c5429e1346609c2f4de856cf4d86
:104f780000800b3c412f17460088074441e9194639
:104f880026c0eb001400bbe7f2fe00101000b8af1b
:104f9800c253134642540a4600c88244049d0c3c3e
:104fa800c2c81946108e9dc5c29f194660c9f54de5
:104fb80081ec114600800e3cc1910346002818443c
:104fc8006851f54f26680e031000a7e7e1fe0010b0
:104fd8001400adafb1ff00102548000025580000af
:104fe800254800007c008bac59ff0010780089ac84
:020000040000fa
:020000041d01dc
:104ff800b8ffbd273400b2af3000b1af2c00b0af5e
:105008000000c88c0400c98c4400bfaf4000b5af95
:105018003c00b4af3800b3af2590c0002580a00095
:1050280025888000db00a0102400a0af0100022426
:10503800410003242400a2afb401a210000083a001
:10504800020005242c000424253009012400a5af02
:105058002001c010010024a202000624cccc0c3c84
:10506800cdcc8d35252000001000ae27ffffaf25e1
:1050780000a1090002af080025c0950200d8197ddb
:1050880000d81f7f21103f03021e0900212843007a
:105098001900ad00259880001050000001008424fc
:1050a80082380a0004080a7c215847012360ab00b3
:1050b80023a00c0119088d022bc8140112a8200086
:1050c80018008f0223f83901421815000000ed730b
:1050d8008028030010c0200012100000215865002d
:1050e80040380b002550a00223a0070121a8580032
:1050f8002160c401300098262510200142c80a000a
:10510800c04f150025f80001ffff98a1254039017f
:10511800d7ff4014424815000a00e32fd5ff60501e
:1051280000a1090003006d3221c0d3012b00a0119a
:105138003f000f242b98d00009006012215026024e
:1051480000000583e0ffa224ff004b305f00672dbd
:105158000a28e701000045a10100c6240100022435
:10516800ffff1827010015241c00b51125a0000316
:10517800020004240e00a4112b18d0002b60d000cc
:105188000900801121c8260200001883e0ff1f27ac
:10519800ff00e8335f00092d0ac0e901000038a3c9
:1051a8000100c62401000224ffff98262b18d00016
:1051b800090060102198260200000d83e0ffa52554
:1051c800ff00aa305f00422d0a68e20100006da2cc
:1051d8000100c62401000224ffff18272b58d00025
:1051e8000900601121a8260200000783e0fff424cb
:1051f800ff0084325f008c2c0a38ec010000a7a263
:105208000100c624010002242400d811ffff192739
:105218002b98d00009006012215026020000258337
:10522800e0ffa224ff004b305f00672d0a28e7014a
:10523800000045a10100c624010002242ba8d000cb
:105248000900a01221202602ffff3483e0ff8c26ec
:10525800ff0098315f001f2f0aa0ff01000094a0f3
:105268000100c624010002242b40d00009000011cf
:1052780021682602feff2983e0ff2325ff00733003
:105288005f00652e0a48e5010000a9a10100c624b7
:1052980001000224d1ff0010fdff3827010040540f
:1052a8002400a6af0800478e049d133c888e62c672
:1052b800001887443e110346930005452400a88f33
:1052c800049d063c8c8ec4c4002887443e2a0446ac
:1052d800e60009452400ae8f2400a62725280002f1
:1052e8007259400f252020020c00478e888e69c60f
:1052f800005087443e4b0a4656000d45049d0f3c1e
:105308008c8eebc53e540b46ba0011452400a627e7
:10531800252800027259400f252020021000478ed0
:10532800888e6dc6007087443e6d0e462c0015456c
:10533800049d123c8c8e4fc63e700f46900001456e
:105348002400a627252800027259400f2520200294
:105358002400a28f2b4850001300201100000000e9
:10536800218022020a00112401004224000011a217
:105378004400bf8f4000b58f3c00b48f3800b38f16
:105388003400b28f3000b18f2c00b08f0800e003da
:105398004800bd2725580901d00060510800c78c76
:1053a8002eff001025300000f2ff00124400bf8fce
:1053b800217030020a000f24ffffcfa14400bf8fe5
:1053c8004000b58f3c00b48f3800b38f3400b28fe3
:1053d8003000b18f2c00b08f0800e0034800bd27d3
:1053e8002400a98f2b3830010400e01021a82902dd
:1053f8002c0014240000b4a201002925019d0c3cb6
:1054080025102001254000003900062414a4992500
:105418003f001f24e0ffc324ff0072305f00532ebb
:105428002b6850000a30f30321c022020400a011a7
:1054380001003927000006a30100422401000824c6
:1054480000002683f4ffc014e0ffc324c1ff00104e
:105458000a1028012400a48f2bf890000700e013fd
:1054680001009924217024022c0005242520200302
:105478002400b9af0000c5a12bf83003019d0f3cf3
:10548800254000003900032414a4ec253f000a2419
:10549800e0ff6b24ff0067315f00f52c0a18550107
:1054a80021a024020400e01301008c25000083a23f
:1054b800010084240100082400008381f4ff6014a3
:1054c8002bf8900095ff00552400a4af94ff00101e
:1054d8001000478e900005123000082403000724ae
:1054e800020028a22400a7af049d133c0800478ea1
:1054f800888e62c6001887443e11034671ff044532
:10550800049d063c2400a88f2b4810018b00201115
:1055180021682802010004252c0003242400a4afdc
:105528000000a3a1019d093c25f8000039000324cf
:1055380014a425253f000d24e0ff6624ff00c23097
:105548005f00582c2bc890000a18b801217024025b
:10555800040020130100a5240000c3a10100842435
:1055680001001f240000a380f4ff6014e0ff6624fc
:105578005dffe0572400a4af5cff00100c00478ecd
:105588002400a98f2b983001040060122168290299
:105598002c0002240000a2a101002925019d183c2d
:1055a80025102001254000002d00042420a40527f3
:1055b8003f001924e0ff8624ff00ce305f00cf2d86
:1055c8002b5050000a202f032158220204004011ba
:1055d8000100a524000064a1010042240100082460
:1055e8000000a480f4ff8014e0ff862459ff001017
:1055f8000a1028012400a48f2b3090000700c01047
:1056080001008a24215824022c0007242520400167
:105618002400aaaf000067a12b305001019d153c62
:10562800254000002d00182420a4a2263f001424a1
:10563800e0ff0c27ff009f315f00e92f0ac08902b5
:10564800216824020400c010010042240000b8a10f
:10565800010084240100082400005880f4ff00178a
:105668002b30900097ff0010000000002b78d0012d
:105678003400e01121c02e020100c4252c001f2493
:105688002400a4af00001fa3019d0e3c25f80000d4
:105698002d00082420a4cc253f000f24e0ff0a2574
:1056a800ff004b315f00672d2ba890000a40e701ef
:1056b80021a024020400a01201008c25000088a269
:1056c8000100842401001f2400008881f4ff0015d4
:1056d800e0ff0a25a6ff001000000000049d133c0f
:1056e800888e66c6003887443e360746110019453d
:1056f800049d193c8c8e28c73e3f0846f7fe1e4580
:105708002400a627e0ff00102520000025500901ed
:1057180052fe4015010006240800478e049d133ce4
:10572800888e60c6000887443e000146e5fe0045b5
:10573800049d063c7bff00102400a48f79ff001015
:0c57480025200001d0ff00102520c0012a
:020000040000fa
:020000041d01dc
:1057540080ffe724ff00e9300a0008241000a38f2b
:105764001400aa8f250128110000c28cdb00192423
:10577400810039152b384500010047242b48e500ea
:10578400a401201121408200dbff0b240000c7ace0
:1057940000000ba10000c28cddff0e2401004c248c
:1057a400216882000000ccac0000aea10000c28cd5
:1057b400ff006f300a0009247900e911003a797c6e
:1057c400db0009245301e91101004c242b58450046
:1057d4006b01601121608200010049240000c9ac02
:1057e40000008fa10000c28c0a000d247d002d133f
:1057f40001004724db000e2467012e5301005924c5
:105804002b7845000500e011010058242110820086
:105814000000d8ac000059a00000c28c003c6f7c92
:105824000a000e248000ee11021e0300db00072490
:105834004601e751010047242b604500dc0080113c
:105844000a00092401004724211082000000c7ac8b
:1058540000004fa00a000d2483006d100000c28ccc
:10586400db000e24d7006e10010047242b7845007e
:105874001301e0110100582421c882000000d8acb3
:10588400000023a30000c28cff004d310a000e2447
:105894008700ae1101004f24db0007240f01a7513c
:1058a40001004d242b6045000500801101004724b0
:1058b400217082000000c7ac0000cda10000c28ca2
:1058c400003a4b7d0a000d248a006d1101004f241b
:1058d400db000c24ec006c1101004e242b18450055
:1058e400d500601001004924216082000000c9ac89
:1058f40000008ba10000c28c003c4b7d0a000e24ea
:105904008d006e11021e0a00db000a24d1006a1108
:1059140001004d242b3845005601e0102178820007
:105924000000cdac0000eba10a000b2492006b1028
:105934000000c28cdb000e2425016e542b28450088
:1059440001004a242b1845014801601021388200c7
:10595400dbff05240000caac0000e5a00000cd8cec
:10596400ddff18240100af2521208d000000cfacfd
:105974000800e003000098a08dffe0100100482417
:10598400215882000000c8acff006f30000069a1fc
:105994000a0009240000c28c89ffe915003a797cc9
:1059a400010047242b60e5001e018011dbff0d245c
:1059b400211082000000c7ac00004da00000ce8c76
:1059c400dcff07240100cf2521c08e000000cfacee
:1059d4000a000d24000007a386ff2d170000c28cc7
:1059e400010047242bc8e500ff0020132158820042
:1059f4000000c7acdbff0724000067a10000c98cce
:105a0400dcff0e2401002c25216889000000ccaca9
:105a1400003c6f7c0000aea10a000e240000c28c82
:105a240082ffee15021e0300010047242b78e500d7
:105a3400f100e01121c08200dbff19240000c7ac93
:105a4400000019a30000c88cdcff09242110880081
:105a540001000b250000cbac0a000d24000049a076
:105a64007fff6d140000c28c01004c242b3885018b
:105a740085ffe010dbff0d24211082000000ccac78
:105a840000004da00000ce8cdcff19240100cf25be
:105a940021c08e000000cfacff004d31000019a3df
:105aa4000a000e247cffae150000c28c01004f24b6
:105ab4002bc0e501e200001321c88200dbff0324b0
:105ac4000000cfac000023a30000c88cdcff0c2432
:105ad40001000b25214888000000cbac0a000d24ee
:105ae40000002ca1003a4b7d79ff6d150000c28c9b
:105af40001004f242bc0e5017fff0013dbff1924b5
:105b0400211082000000cfac000059a00000c88c16
:105b1400dcff092401000325215888000000c3ace0
:105b24000a000e24000069a1003c4b7d0000c28cd9
:105b340075ff6e15021e0a00010049242b40250141
:105b4400c5000011dbff0c24211082000000c9ac49
:105b540000004ca00000cb8cdcff072401006e2564
:105b640021508b000000ceac0a000b24000047a19a
:105b740070ff6b140000c28c010058242bc805036d
:105b8400ba00201321488200dbff08240000d8acaf
:105b9400000028a10000c28c01004c240000ccac01
:105ba40021588200dcff06240800e003000066a1ff
:105bb400aeff691001004c2434ff6714ff004d311f
:105bc400010047242b18e5002fff601021408200bc
:105bd400dbff0b240000c7ac00000ba10000c98c44
:105be400ddff022401002c25213889000000ccac03
:105bf4000000e2a024ff00100000c28c0100472432
:105c04002b58e50083006011dbff0c242110820077
:105c14000000c7ac00004ca00000cd8cdcff1824b1
:105c24000100ae2521788d000000ceac0000f8a163
:105c3400dffe00100000c28c003c587d0a001924cd
:105c4400bdff1913021e0a008b000c170a000f2453
:105c540001004d242b78a5017f00e01121c08200b2
:105c6400dbff19240000cdac000019a30000c98c8f
:105c7400ddff0c2401002825211089000000c8ac98
:105c840029ff001000004ca02b38c5011affe010ba
:105c940021688200dbff0f240000ceac0000afa11e
:105ca4000000d88cddff082421109800010019277a
:105cb4000000d9ac000048a00fff00100000c28c07
:105cc400ff0043310a00082478ff6810db000b242e
:105cd400fcfe6b14003a4b7d01004d242b70a50192
:105ce4005700c011dbff0f24211082000000cdac4f
:105cf40000004fa00000d88cddff03240100192709
:105d0400214098000000d9ac000003a1ecfe001073
:105d14000000c28c2b688501b3fea011dbff0e24aa
:105d2400211082000000ccac00004ea00000cf8cfb
:105d3400ddff07240100f82521408f000000d8acc6
:105d4400000007a1a8fe00100000c28c2b60e50033
:105d54002900801121688200dbff0e240000c7acfb
:105d64000000aea10000cf8cddff08240100f8255f
:105d740021c88f000000d8acb6fe0010000028a394
:105d84000a00082417ff281301004724a4fe29173a
:105d9400003c6f7c010059242b4025039ffe001119
:105da400dbff0b24211082000000d9ac00004ba0c3
:105db4000000c98cddff0d24010027252160890026
:105dc4000000c7ac00008da194fe00100000c28c3e
:105dd4002600a01001004d24212082000000cdac3b
:105de4000800e003000083a0003c6f7c0a00182434
:105df4008efef815021e03000a000b24a2fe6b108f
:105e0400db00092470ff69502b18e50098fe001090
:105e14002b784500ff006f300a00182468fef8153f
:105e2400003a797c0a000824efff2813db000b24d6
:105e34007bfe2b53003c6f7c72fe00102b784500d8
:105e4400003a4b7d0a000924a2fe6915db000c24ec
:105e5400aafe0010003c4b7d0a000a2403006a10cd
:105e6400db000724daff67142b2845000800e00351
:105e7400000000000a000f243fff6f10db000e2417
:105e8400b0fe6e1001004a240800e0030000000088
:020000040000fa
:020000041d01dc
:105e9400b8ffbd272500a22c2c00b3af2800b2af59
:105ea4005c00b38f5800b28f4400bfaf4000beaf58
:105eb4003c00b7af3800b6af3400b5af3000b4af74
:105ec4002400b1af060040102000b0af010002244e
:105ed40025f0800025a8a0000500a21425a0c0007c
:105ee4000080023c16000324410000104c0343ac24
:105ef4003c00c28f4c00c38f2b1843004c00601031
:105f0400010043243c00c3af000050902000022451
:105f1400f7ff0212f7ff02260500422cf4ff40149b
:105f2400d5ff02264408027c0c0040141000a0afe8
:105f34002d00103a0100102e231010004c00c38fc6
:105f44001000a2af3c00c28f2b1843003c0060102d
:105f5400010043243c00c3af00005090039d113c5a
:105f64004c00c28f8501a0124d7931261000032404
:105f74008601a3163000032485010316211830027c
:105f84003c00c38f2b1062003100401001006224da
:105f94003c00c2af00007090200002367800042458
:105fa4003a0044144c00c38f3c00c28f2b184300aa
:105fb4002b00601000000000010043243c00c3af2c
:105fc4000000509021103002000042901000422c3a
:105fd400b70040144c00c38f5b0160100000000048
:105fe400230080123c00c28ffeff42243c00c2af5b
:105ff40025400000254800004400bf8f4000be8fac
:106004003c00b78f3800b68f3400b58f3000b48fa2
:106014002c00b38f2800b28f2400b18f2000b08fe2
:1060240025100001251820010800e0034800bd27c1
:1060340084ee400f2520c003b4ff001025804000eb
:1060440084ee400f2520c003c4ff001025804000cb
:1060540084ee400f2520c003cfff001025804000b0
:1060640084ee400f2520c003d6ff00102580400099
:10607400ffff42243c00c2af25280000010f410f5e
:106084002520c003dbff0010254000000200a016fd
:106094001000152408001524ffffa82624a01501cc
:1060a400e7008016170002240210a272039d033c2d
:1060b4004011427c40796324211043000000578042
:1060c40021103002000056902b10d502040040101d
:1060d4000008023c2b108202770040543c00c28f1f
:1060e400254800002530e002ffff0424ffff0524bb
:1060f4001c00b4af370d410f1800a9af1c00a88fc6
:1061040025a060001400a2af254800002110300231
:10611400000056902b10d502a80040102b108902c5
:10612400a700401421103002040034151400a28f7b
:106134002b104800a2004014211030023c00c28ff2
:106144004c00c38f2b1843006800601001004324e7
:106154003c00c3af000050902520000125282001f9
:10616400460d410f2530e00225486000e7ff00108e
:106174002540c202c8ffa2169919163c25a00000aa
:106184000d0000109999d6364c00c38f2b1843008c
:106194003b00601000000000010043243c00c3af3a
:1061a400000042900a0003240220837221409000e0
:1061b400d0ff142525804000d0ff02260a00422c7f
:1061c400030040102b109602efff40543c00c28f96
:1061d4009919033c25408002254800009a996334ac
:1061e400d0ff14260a00822e790040102b102301c0
:1061f400720040104c00c48fffff62240600221579
:106204000a0002249999023c9a9942342b10020103
:106214006a0040100a00022419004800c33f140019
:1062240010b8000012b000000228497021b8b7006d
:10623400272807002b30b7006000c0142710140073
:106244000300e5162b1056005d00401421103002a7
:106254003c00c28f2b2044000d0080100100442418
:106264003c00c4af0000509021a096022b48960237
:106274002110e70225408002d9ff001021482201a5
:1062840084ee400f2520c003c7ff00100a0003243a
:106294002520c00384ee400f1400a7af25804000e2
:1062a4009919023c1400a78fefff00109a99433408
:1062b40079ff0010100015244c00c38f2b184300e5
:1062c40006006010010043243c00c3af000050905e
:1062d4000440f4027aff001025a0160184ee400f5a
:1062e4002520c003faff0010258040002520c003ac
:1062f4001c00a9af84ee400f1800a8af2580400011
:106304001c00a98f94ff00101800a88f4c00c38fa5
:106314002b18430046006010010043243c00c3af27
:10632400000050900210b47221a0560021103002d7
:10633400000056902b10d502050040101c07023cab
:10634400c77142242b108202f0ff40543c00c28fdc
:10635400254080022548000021103002000054909e
:106364002b109502150040101900a80212200000fd
:1063740009002011102800001900a9021260000071
:10638400106800002110ac002b104c0021104d00af
:106394000b0040542110300202103571ffff03241a
:1063a40021b8450025b080002700e316271014000b
:1063b4002b104400250040503c00c28f21103002b5
:1063c400000042902b1055003700405421803002c9
:1063d4004c00c28f050040102b1033013c00c28fcb
:1063e400ffff42243c00c2af2b1033014e00401487
:1063f4001000a38f030069162b1012014b004014e8
:10640400ffff022401004232390040141000a28f21
:10641400510040140080023c220003240100492e54
:106424004c0343acffff4826f3fe001023486902e7
:1064340084ee400f2520c003baff001025804000e1
:10644400baff001025a000003c00c28f4c00c38f8f
:106454002b18430008006010010043243c00c3af24
:106464000000509021a096022bb096022540800295
:10647400b9ff00102148d70284ee400f2520c00345
:10648400f8ff0010258040003c00c28f2b18430009
:106494001300601000000000010043243c00c3af5f
:1064a4000000509021803002000002922b10550011
:1064b400f5ff40144c00c38f0080023c22000324eb
:1064c4004c0343ac1000a38f010042320b180200ae
:1064d4002540400225486002bdff00101000a3af14
:1064e40084ee400f2520c003eeff001025804000fd
:1064f4002b106902060040140080023c0900331589
:106504002b104802080040101000a38f0080023caa
:10651400220003244c0343ac25404002b6fe001085
:10652400254860021000a38fffff0224b3fe62140b
:106534004400bf8f2b100800234809002348220180
:10654400adfe001023400800a9fe80162528000097
:10655400cafe0010000000002b106902ecff40147a
:106564000080023cf3ff33152b104802e7ff401470
:106574002b100800f1ff0010234809003000032409
:1065840080fe03523c00c38f0a00152421183002f8
:10659400000063902b187500f6fe60540a00022474
:1065a40004004010252800003c00c28fffff422455
:1065b4003c00c2af010f410f2520c00349fe00106b
:0465c4000080023c15
:020000040000fa
:020000041d01dc
:1065c8000000c28cf8ffbd272b1845004c01601055
:1065d8001400a7af00088744000080440100482445
:1065e8003c080046211082002c0007240000c8ac9b
:1065f800000047a02e0101450000c28c049d193cf3
:10660800548e30c71400b1c73e8211467100094547
:106618001400b3c78d8c004600900b4475006015bc
:106628002b6045002b3845006800e0100100582415
:106638002148820030000e240000d8ac00002ea1b2
:106648000000c28c2518600100c88344255800004a
:106658001400bdc700c8eb44548e24c7e0cea04642
:10666800c1ef1b46049d193c049d0f3c848e20c736
:10667800108ee2c5e0f8404c3e23034607010f4563
:10668800811904464d19004600280d442b40450049
:106698004e0000116210093c010047242e00182406
:1066a80021108200d34d23250000c7ac1900a30197
:1066b800000058a00000ce8c105800002bc8c5015f
:1066c8004200201380396f7d1000ec25ff008a31cd
:1066d8005f00482d0100d8251901001121708e0096
:1066e8003000e725201c077ceb51023c1f8549340c
:1066f8001900a901cccc0f3c10580000cdccec35ca
:1067080042c90b0019002c030000d8ac105000003f
:106718000000c3a1c2400a0080c00800217008031d
:106728000000c78c40180e002310230330004b24b0
:106738002b48e5002500201120cc0b7c1900ac016a
:106748000100f8241078000021508700c2700f0063
:106758001900cc010000d8ac10600000000059a15d
:10676800c2400c00803808002118e8000000cb8cdb
:10677800401003002348c201300039252b786501f9
:106788001200e01120c4197c01006c2521508b00f7
:1067980080400e000000ccac21700e01000058a112
:1067a8000000cb8c40380e002368a7013000a325d9
:1067b8002b2865010500a010204c037c01007925d9
:1067c80021208b000000d9ac000089a00800e0035c
:1067d8000800bd2700800d3c419d1046cdad004608
:1067e80000b80a4425584d018fff60112b38450029
:1067f8002b604500cccc0e3ccdcccf3519006f01b9
:106808000a00632d10c00000c2401800803808003c
:106818002148e8004050090023686a013000ae258d
:10682800203c0e7c0a0160140000a7a319000f0188
:106838006400632d10c00000c24818008050090091
:106848002168490140700d0023400e0130001825d1
:10685800d10060140100b8a319002f01e8036e2dc0
:1068680010500000c2400a008068080021c0a8013a
:10687800401818002348230130002a25ce00c015ef
:106888000200aaa319000f011027782d1068000034
:10689800c2180d00804803002150230140700a00ef
:1068a80023400e0130000d25ce0000170300ada3d4
:1068b80019006f0010480000c270090080500e00d7
:1068c80021404e01406808000100093c23186d0072
:1068d800a0862a35300078242b406a01c5000015af
:1068e8000400b8a31900cf0110780000c2680f0097
:1068f80080180d0021c06d00404818002370c901a0
:106908003000ca25960080110500aaa305000c24b2
:106918002140ac03000003813f000e24e0ff6f24f8
:10692800ff00ed315f00b82d010049240a18d80195
:10693800211082000000c9ac000043a00000c28cf6
:1069480040ff8011ffff8f252b6045000c00801150
:10695800000000002140af030000038101004d2426
:10696800e0ff7824ff0009335f002e2d0000cdac36
:106978008100c01121108200000043a00000c28cd9
:1069880030ffe011ffffe8252b7845000b00e011f0
:106998002150a8030000438101004d24e0ff782422
:1069a800ff0009335f002e2d0000cdac7600c0112a
:1069b80021608200000083a10000c28c21ff001129
:1069c800ffff0f252b5045000b0040112118af0386
:1069d80000006d8001005824e0ffa925ff002e313a
:1069e8005f00cc2d0000d8ac6f0080112110820010
:1069f80000004da00000c28cfeff0825ffff0a24fe
:106a080010ff0a112b1845000eff60102168a8031b
:106a18000000b8813f000a24e0ff0927ff002e315b
:106a28005f00cf2d01004c240ac04f0121108200c5
:106a38000000ccac000058a002ff00110000c28c7e
:106a48002b404500fffe0011010043240000c3aca9
:106a5800251860012168820000c883440000a7a1ae
:106a6800255800001400bdc700c8eb44548e24c745
:106a7800e0cea046c1ef1b46049d193c049d0f3c87
:106a8800848e20c7108ee2c5e0f8404c3e230346b2
:106a9800fcfe0c450000c28c8119044600800a3cab
:106aa800cd31004600380c44f8fe001025688a01f4
:106ab8002b604500570080110100492421508200b5
:106ac8002d000b240000c9ac00004ba10000c28cb3
:106ad8001400a78f0080083c2648e8001400a9afde
:106ae800049d193c548e30c71400b1c73e8211462c
:106af80038ff09451400b3c7c7fe00108d8c004647
:106b08001400a9c7004080443c4c0846f0ff1145da
:106b1800049d193c548e2ac71400abc73e550b463a
:106b2800090015451400adc70d5b004600600b4415
:106b380030ff60152b6045000800e0030800bd2702
:106b4800e9fe00103f0003240080033c816b0a46e5
:106b5800cd73004600780c44f5ff001025588301da
:106b680004000f242b5045007bff40552140af0304
:106b780085ff0010ffffe8253f000c2400004ca013
:106b88007fff00100000c28c3f000224000082a199
:106b98008aff00100000c28c0b00801101000c2439
:106ba8005cff00102140ac033f000f2400004fa001
:106bb80091ff00100000c28c0800801102000c2414
:106bc80054ff00102140ac032b7845009dfee011d6
:106bd8002578000060ff00102140af03e1ff00109e
:106be80001000f240700801103000c2449ff001046
:106bf8002140ac030500801104000c2445ff00105f
:106c08002140ac03d7ff001002000f24d5ff00106d
:106c180003000f241400ae8f00800d3c049d193c26
:106c28002678ae01548e22c700188f443e110346c1
:106c38000b0005451400afaf0d19004600200b44aa
:106c4800e2fe6011cccc0e3cecfe0010cdcccf3572
:106c58007cfe8011256000002eff00102140ac034f
:106c68001400a5c781290246cd31004600381844d2
:086c7800f3ff001025580d0385
:020000040000fa
:020000041d01dc
:106c800068ffbd27a400a7af0000c0d40800a28cf5
:106c90007400b7af1800a0f7000080441800a1d717
:106ca0000000e0442000a2af3c0820461000a28c67
:106cb0006c00b5af5c00b1af5800b0af0000b58c50
:106cc0000400b78c0c00b08c7c00bfaf7800beaf66
:106cd0007000b6af6800b4af6400b3af6000b2af8d
:106ce0008800b6f78000b4f79800a4af2588a0000c
:106cf0000a0001452400a2af0400a2323a00401469
:106d00000800b432120080122000b68f2000022446
:106d1000000002a20c0000102510c0021800a28f73
:106d20001c00a38f2800a2af0080023c2610430065
:106d30002c00a2af2800a1d72d0002241800a1f733
:106d4000000002a22000a28fffff5624010014249d
:106d50001c00a28f1800a48f2800801400f0427c31
:106d6000f07f033c26004314f07f073ca400a28f71
:106d7000bfff51241a00312e1d00201221201402c1
:106d8000019d053cdca8a5248e0f410f00000000ea
:106d9000d50e410f252000022000a78f9800a48f58
:106da0001000b5af25280002ede1400f253040006e
:106db0007c00bf8f8800b6d78000b4d77800be8f24
:106dc0007400b78f7000b68f6c00b58f6800b48ff9
:106dd0006400b38f6000b28f5c00b18f5800b08f39
:106de0000800e0039800bd27d5ff00102b00022407
:106df000019d053ce4ff0010bca8a524f07f073ce2
:106e00000100e3242b18430005006050a400a28f6a
:106e10000d0047141800a1d70b008010a400a28f0a
:106e2000bfff51241a00312e040020122120140229
:106e3000019d053cd4ff0010e0a8a524019d053c60
:106e4000d1ff0010c0a8a524039d123c039d023c65
:106e500032092046b03e56d62800a2afb000044505
:106e600025f000003011410fa400a48f2014027cf3
:106e70002b01e006670004240b0044142538400071
:106e80000100e05201001724fcffc42b0f00801406
:106e9000650007242a20d7030d00801006b5204680
:106ea0000b00c10766000724660004240700e414f1
:106eb0000100f7260300c10767000424b03e56d640
:106ec00025f000000100445421b8fe0206b520461a
:106ed0001800b28f1c00b38f2520000000009244e0
:106ee0004c00a4af0000f3444800a7af03033446ae
:106ef000b0ee400f5000a2af00800b3c2610730193
:106f00003000b2af3400a2af060320463000a0d755
:106f100086a320464000acf7cc5c400f1000a0f7e1
:106f20002800a28f00000844000069444c00a48f90
:106f3000083f40d400800b3c0100842403a5204678
:106f40004800a78f5000a28f25900001e3ffe416b0
:106f500026986901039d043c103f80d402a5204679
:106f6000000088440000f3443c0434467e0013458e
:106f700000a0804432a52046070014454000acd74d
:106f80000d6020460000044400008044010084306d
:106f90000000e044120524461800a0d72800a38f63
:106fa00000003446083f74d402b534460000124451
:106fb0003ea620466e001845000073446600042477
:106fc0006c00e4140100de270100f7262558c003f9
:106fd000231877011800a3af25b8800225200000f0
:106fe000256000001800a38f060063112548e00209
:106ff0001000288efbff08252b40e8026100005599
:1070000000009244060080151000a23204004010d7
:10701000214809022e0002240100f726000022a1c7
:1070200021201702650002242100e214000080a044
:107030000300c1072540000023f01e0001000824c2
:107040002400a28f02001224ffff42242128020202
:107050000000a0a00a0009249f00c0170000000043
:107060009d00401e2d0005242b0003240b18a800b2
:1070700021280202ffffa3a0a400a38ffeff422449
:10708000bfff71241a00312e450003240b38710014
:10709000212802022a50e202030040110000a7a0aa
:1070a0008e0f410f0000000021905602fcff562673
:1070b0000300a2320200032435ff43140000000045
:1070c00033ffc01a00000000d50e410f252000023a
:1070d0002a1854008b0060102530c00230000524af
:1070e000700f410f2120140229ff00102000a0afd3
:1070f000860520460100de2702b022461800a1d7ef
:107100003c0a2046faff08452800a38f039d043c53
:10711000f83e80d4083f62d40e0000102510000015
:10712000f5ff0010083f42d40800805083b5224686
:10713000050040141800a1d782b5204601000224a2
:10714000420820461800a1f783b52246ffffde273c
:107150001800a1d73c0b3646f3ff0d45d4fec42bd7
:1071600040ff0010000000008bff001000a0e04472
:1071700006b520466500e4382558c00394ff00108a
:107180000a5804005400a9af0000f3445000a2af15
:10719000030334464c00a4af4800acaf4000abaf93
:1071a000b0ee400f3000a7af860320460d0020460a
:1071b0000000084409000d240a000e290a40ae010f
:1071c0001000ad322568a8013000a78f4000ab8fba
:1071d0004800ac8f4c00a48f5000a28f2300a01554
:1071e0005400a98f67000d2420004d1400000000fa
:1071f0001e006105000000000100842400800d3c99
:107200005000a2af2610b3013800b2af3c00a2afcd
:107210003800a0d706a320464c00a4af1000a0f76a
:107220004800acaf4000abafcc5c400f3000a7af24
:107230002800a28f0000084400006944083f40d4a1
:107240004000ab8f00800d3c03a520465000a28f6c
:107250004c00a48f4800ac8f3000a78f2590000110
:107260002698a9015fff0010ffff6b250a0080151b
:107270002168040209006305214817022e000c242e
:107280002148090200002ca10100f726ffffd626a5
:1072900001000c2421680402214817022168b7016b
:1072a0000200001030000e2401002925feff2d559c
:1072b00000002ea121489700010037252320c40299
:1072c0002148090230000825ffff9624000028a16c
:1072d000caff0010252000001a00c903f401200194
:1072e000ffff422421580202ffff5226102800000f
:1072f000121800003000a524000065a156ff001000
:1073000025f0600021180202000064802118c202ea
:1073100021180302000064a06dff0010ffff42244b
:10732000d9fe441006001724dffe00102538400067
:020000040000fa
:020000041d01dc
:1073300060ffbd2700600644006067448000b4f72a
:107340003000a427b000b4d77c00bfaf5800b0af66
:107350009000b8f78800b6f77800beaf7400b7affa
:107360007000b6af6c00b5af6800b4af6400b3afe7
:107370006000b2af8efd400f5c00b1af00700644fc
:10738000007067442000a4278efd400f3800a88fae
:1073900000a0064400a067441000a4278efd400f03
:1073a0002800b08fcb0302298665204604004010d8
:1073b00006762046cb03022a120040141800aa8f3a
:1073c00021b5984e7c00bf8f06a020469000b8d70c
:1073d0008800b6d78000b4d77800be8f7400b78f0e
:1073e0007000b68f6c00b58f6800b48f6400b38fe7
:1073f0006000b28f5c00b18f5800b08f0800e003ce
:10740000a000bd27cb03422905004014cb03022472
:10741000ebff42157c00bf8fecff001006a020465a
:107420003000a28f2000a48f2400a68f19004400f2
:107430003400ab8f12600000106800001900460095
:107440004400adaf121000001018000019006401d4
:10745000218008021220000010280000213844007a
:107460002b90e20019006601211065002190420274
:107470004400a28f122000004400a38f2138e200b4
:1074800021909200102800002b88e3002b1044026a
:10749000218851024000acaf211045002b903202f0
:1074a00023f050011000b68f1400b38f4000a98f55
:1074b0009700c01b219042024000c22b6700401081
:1074c0002520c002252860022530c0034c00a7af4c
:1074d000460d410f4800a9af400006242520c002f8
:1074e000252860022330de0025b84000370d410f0b
:1074f0004000a3af4000a88f4800a98f4c00a78f81
:107500002598600025b040002c00a28f3c00b58f6c
:1075100026a8a2021c00a28fa20055142150e90245
:107520002bf057012138070121f0c7032b10c803a6
:107530000600401401000b2403001e152bb8570150
:107540000300e01621a0d1022558000021a0d1029d
:107550002bb096022198720221a0740121b0d302af
:107560002b588b02215876012528600125208002a6
:107570008a05410f4800abafffff512440000624ad
:10758000252040012330d1002528c003370d410fad
:107590004000aaaf4800ab8f2530200225286001ab
:1075a0002520800225984000460d410f259060005f
:1075b0004000aa8f25302002252040012528c00345
:1075c00025986202460d410f25904302251843007d
:1075d0002b180300400010262510630225204000d0
:1075e0000600a01225284002233802002b180200b2
:1075f000233012002520e0002328c300000084442b
:10760000233011020000e544c4fbc328c100601010
:107610002103a046c3fb0324cd00c35480251200e0
:107620009f00a016039d033c903e62d432102c466e
:107630009e000045401d0200039d023c403f40d497
:10764000039d023c02632046483f40d4206320460d
:10765000216500465bff001002a52046c0ffde2723
:10766000c0ff502525b80000a7ffc013254000002b
:107670004000c22b3e00401040000a2423505e010f
:107680004000a48f253040012528e0005000a8af1d
:107690004c00aaaf460d410f4800a7af4800a78f86
:1076a0004000a48f2528e000251043002530c003aa
:1076b000370d410f2ba802004c00aa8f2520200275
:1076c000253040012528400225a8a202460d410f81
:1076d0004000a3af4000a78f2548a2022538e30051
:1076e00025202002252840022530c0034800a9afec
:1076f000370d410f4000a7af259060004000a78fd5
:107700004800a98f258840007fff00102540000019
:107710001c000a1223a00a024000822a1e00401008
:10772000400006242520c002252860022330d40012
:107730004800a7af460d410f4000a9af25b8430050
:107740002520c00225286002370d410f2530800218
:107750002bb817004000a98f4800a78f2540600074
:1077600025b8e20225b0000067ff00102598000050
:1077700001000924253800002588000062ff001060
:107780002590000025b8c0022540600225b0000009
:107790005dff00102598000001001724fbff00107a
:1077a00025400000235037012b202a0123f0e80058
:1077b00023f0c4032b28fe00010003240600a014bc
:1077c000251000000400c75725180000030080148e
:1077d0002320360225180000232036022b282402fd
:1077e000235853022358650123a083002b209400c3
:1077f0002358620123586401130061052348e902fc
:107800002bb8e902234007012388d10223f0170196
:107810002bb0d1022398720225a03e012118230229
:10782000239876022ba014002b8871002198620205
:1078300023a07400218833022b18740025502001e6
:10784000235823020100b52e25108b0246ff401459
:1078500025105e01dafe4010252040018a05410f07
:107860002528c003ffff512407002106c01f1e006a
:1078700042100a002510620001004a3125104a001a
:1078800056ff001042901e002530200225204001a6
:10789000460d410f2528c00350ff001025906000c1
:1078a000039d033c61ff0010383f62d41900601053
:1078b00042180200c0271200251883000100423040
:1078c00042901200252062000040023c0600a012f7
:1078d000252852002b10040023380400231805002b
:1078e0002520e0002328620000008444039d023c20
:1078f0000000e544483f4cd42100a046000020464b
:107900000100224602032c468100204602632c46d9
:107910002163024c9000b8d78800b6d78000b4d756
:107920007c00bf8f7800be8f7400b78f7000b68f59
:107930006c00b58f6800b48f6400b38f6000b28fa5
:107940005c00b18f5800b08f05fd400ba000bd2733
:10795000801d020082120200251082002b180300f5
:10796000251862000448127c821502002528520066
:107970000600a012802203002b100400233804000c
:10798000231805002520e00023286200000084441d
:0c7990000000e544dfff00102103a046ca
:020000040000fa
:020000041d01dc
:10799c000000cc8c70ffbd270400cd8c00008c4403
:1079ac007800b8f700c080440000ed4400c0e0440b
:1079bc001000a28c3c0038464c00b3af4800b2af6c
:1079cc004400b1af4000b0af0000b28c0400b18ce9
:1079dc000800b38c0c00b08c6400bfaf6000beaf6d
:1079ec005c00b7af5800b6af5400b5af5000b4afa1
:1079fc008000baf77000b6f76800b4f79000a4af37
:107a0c00080001452000a2af040044323800801465
:107a1c00080055320d00a01225b8600208000010b5
:107a2c00200004240080023c26104d001800acaf4e
:107a3c001c00a2af1800ac8f1c00ad8f2d000424cd
:107a4c00000004a2ffff772601001524bfffe724e6
:107a5c002550800100f0a57d270080151a00e92c27
:107a6c00f07f043c2500a414f07f073c019d113ce1
:107a7c002120150203002011bca82526019d053ce0
:107a8c00dca8a5248e0f410f00000000bca8242602
:107a9c00d50e410f000000009000a48f1000b2af73
:107aac002538600225280002ede1400f253040000a
:107abc006400bf8f8000bad77800b8d77000b6d7f3
:107acc006800b4d76000be8f5c00b78f5800b68fcb
:107adc005400b58f5000b48f4c00b38f4800b28f58
:107aec004400b18f4000b08f0800e0039000bd2728
:107afc00d3ff00102b000424f07f073c0100e62488
:107b0c002b30a6000500c010212015020c00a75434
:107b1c0000008c440a00405100008c44019d113c33
:107b2c0003002011c0a82526019d053ce0a8a52432
:107b3c008e0f410f00000000d5ff0010c0a82426b6
:107b4c00300005240000ed44000085a032013846c9
:107b5c007800072458000524039d063cb03ed4d47d
:107b6c000b38a900ae00044525b0000000d08c44b1
:107b7c0000002a2a180006240a302a0286a520466c
:107b8c0000d0ed44010087a00100de2425a00000f8
:107b9c0003d336462400a9af1800acaf1c00adaf20
:107bac00b0ee400f0100942682003646039d023c45
:107bbc001800ac8f1c00ad8f2400a98f2c00a2af35
:107bcc0081d62246f03e42d40400210682b52246dc
:107bdc0032d5384603001545039d043cecff9e1638
:107bec00039d043c003f82d482b022463cd6224600
:107bfc00a600194532d7224608001e4500008c44c9
:107c0c000d00204600000444000080440100843034
:107c1c000000e0449200244600008c440200b5268b
:107c2c000000ed44000022461800a0f71c00a38fb2
:107c3c001800a28f0400401400f0637cf07f023c1b
:107c4c008bff6250019d113c2000a28ffbff422450
:107c5c002400a2af2b10a202cd004010fefff7268d
:107c6c00231014002800a2af25f0a0022520a002aa
:107c7c0025a0000025580000255000001800a0d7b2
:107c8c003c00a9af3800a4af030334463400aaafbc
:107c9c00b0ee400f3000abaf860520460d002046fd
:107cac00000002443000ab8f3400aa8f3800a48f40
:107cbc00790040143c00a98f7700401100000000af
:107ccc000100942682b534461800a0d72c00a28f50
:107cdc00ffff4a252520c003010036461800a0f7f7
:107cec00f03e40d42800a28f0500421102a5204688
:107cfc002400a28f2b10c203e1ff40541800a0d720
:107d0c001400605521201e02a300801a100042327c
:107d1c00a000201a010042329e0040142e000424c0
:107d2c0021101e02000044a021209e0221200402ea
:107d3c0030000a2401004aa001004224fdff8214f5
:107d4c002118d4032738140001007e2421b8f70031
:107d5c0021201e02000080a00300c106253800006f
:107d6c0023b01600010007242000a28f0100142468
:107d7c00ffff512421101102000040a001000b2430
:107d8c000a000a247000c016000000006e008b125e
:107d9c002d0005242b0002240b10a7002128110212
:107dac00ffffa2a0feff3126500005247000022424
:107dbc000b10a900212811022a88d10303002012dc
:107dcc000000a2a08e0f410f000000000300423201
:107ddc00020003240e004314ffffe6262188d40082
:107dec00feff34262aff801a25200002d50e410ff3
:107dfc00252000022a1855005e00601025308002f4
:107e0c0030000524700f410f212015022598000029
:107e1c001fff001025200002060520460100d62673
:107e2c0000a0344600088c440008ed443c0a20466f
:107e3c00f9ff0845039d063cc83ec0d4039d063c93
:107e4c00f83ec2d400088c440008ed443c0c344687
:107e5c0047ff124500d08c4402a1204632233846fd
:107e6c0008000e4502a5204600088c4402a52246b7
:107e7c000008ed444208224600080c4400086d44fa
:107e8c0002a52046efff0010ffffd626001080440d
:107e9c0061ff00100010e0440a006015216014021c
:107eac000900405121201e022e000b242120040227
:107ebc0000008ba00100de27fffff72601000b243a
:107ecc002160140221201e0221609e01020000107c
:107edc0030000d2401008424feff8c5400008da082
:107eec000a004c280200801157004424300044241e
:107efc000d002011200082349fff42241a00422cd6
:107f0c000a0040102110d4033800a9af3400aaafe6
:107f1c003e11410f3000abaf3800a98f3400aa8f4f
:107f2c003000ab8f252040002110d4032338f402fd
:107f3c0001005e2421100202000044a0fffff72480
:107f4c0060ff001025a000001a00ca02f4014001d5
:107f5c00ffff312621601102ffff94261010000054
:107f6c001228000030004224000082a185ff00107e
:107f7c0025b0a00021180202000064802118220202
:107f8c0021180302feff64a09aff0010ffff422499
:107f9c0025f0a002100042326dff401021101e028d
:107fac002e000424000044a069ff00100100de270d
:020000040000fa
:020000041d01dc
:107fbc0018ffbd27dc00b5afd800b4afd400b3af09
:107fcc00d000b2afe400bfafe000b6afcc00b1afb1
:107fdc00c800b0af259880002590c000b800a5afb0
:107fec0025a00000019d153cb800a58f0000a280c3
:107ffc00c9004010ffff02249c00a2af1800a2276a
:10800c00a400a2af800002249800a0afa000a0aff3
:10801c00a800a2af25800000250003242188b00011
:10802c00000022820300401000000000fbff4354bc
:10803c000100102604000012253000026cfd400fd8
:10804c0025206002b800b1afb800a58f250002242e
:10805c000000a380a90062140100b624b800b6afda
:10806c000200a52425180000300007242d00082448
:10807c002b0009242c000a2420000b2423000624a6
:10808c00ffffa2802a0047509800a38f31004c2894
:10809c003d018011ffffa424200048509800a38fbd
:1080ac002e004c283801801100000000220049509d
:1080bc009800a38f34014a100000000020004b50a0
:1080cc009800a38f200046509800a38f01006054a5
:1080dc00b800a4af2a0003241d0043500000428eb8
:1080ec008603410f00000000b800a38fa000a2afd0
:1080fc00252800002520600000008280d0ff42244b
:10810c000a00422c5f004014010063241c00a054a0
:10811c00b800a4af1b0000109800a28f01006334bc
:10812c009800a3af0100a524d5ff00100100032483
:10813c00fbff001002006334f9ff001004006334ed
:10814c00f7ff001008006334f5ff001010006334d3
:10815c0001008424040043240000428c000043ae40
:10816c00b800a4af9800a38f05004104a000a2aff3
:10817c0001006338231002009800a3afa000a2af47
:10818c009800a28f01004330020060104408027c6a
:10819c009800a2afb800a28f2e00032400004480e8
:1081ac000d008314010051249c00a0af01004480f9
:1081bc002a00032435008314b800b1af0200422416
:1081cc00b800a2af0000428e040043240000428c91
:1081dc00000043ae9c00a2af0e08410fb800a427cc
:1081ec00b800b18fc000a2af3011410f0000248243
:1081fc0025000324cf004310c000a58f9fff42240d
:10820c001800432cd6006010029d033c8010020025
:10821c0030826324211062000000428c0800400070
:10822c0000000000d882019d6c85019dd884019dc1
:10823c005083019da484019da484019da484019d6f
:10824c006c85019d5083019d6c85019d6c85019d04
:10825c006c85019d6c85019d8884019db883019d71
:10826c002484019d6c85019d6c85019d1885019d63
:10827c006c85019d8483019d6c85019d6c85019da0
:10828c00ec83019d9bff0010010005248603410f28
:10829c00252020029c00a2af2520000025182002da
:1082ac0000006280d0ff42240a00422c05004014da
:1082bc0001003126c8ff8054b800a3afc6ff0010e0
:1082cc0000000000f5ff00100100042425304002de
:1082dc00e70a410fb000a4276c00401001002226d1
:1082ec0000002782b000a6279800a5272520600251
:1082fc00675e400fb800a2af21800202218090027d
:10830c002aa014029e0080120080023c4f0003241d
:10831c004c0343acffff1424e400bf8f25108002f4
:10832c00e000b68fdc00b58fd800b48fd400b38fcb
:10833c00d000b28fcc00b18fc800b08f0800e00322
:10834c00e800bd272538400201000624dcce400f92
:10835c00b000a4274d004010b000a6270100312624
:10836c009800a527252060022ed3400fb800b1af8e
:10837c00e2ff001021800202253840022530000067
:10838c00dcce400fb000a42740004010b000a62760
:10839c00010031269800a527252060021ce8400f1b
:1083ac00b800b1afd5ff0010218002022538400281
:1083bc0025300000dcce400fb000a4273300401065
:1083cc00b000a627010031269800a52725206002c1
:1083dc0069e2400fb800b1afc8ff00102180020263
:1083ec002538400225300000dcce400fb000a42719
:1083fc00260040100100222600002782b800a2af00
:10840c00b000a6279800a5273baf400f252060029f
:10841c00baff0010218002022538400225300000ee
:10842c00f0000524dcce400fb000a427170040104c
:10843c00b000a28fb400a38f010031262510430099
:10844c000c004014b800b1afd50e410fd0a8a42633
:10845c009800a38fa000a78f1000a3af2530400079
:10846c00d0a8a526ede1400f25206002a3ff001047
:10847c0021800202e2ff0010780007242538400218
:10848c0021309002f0da400fb000a4270100312611
:10849c009aff0010b800b1af25304002e70a410f37
:1084ac00b000a427f9ff401001002226000027820b
:1084bc00b000a6279800a52725206002205b400f5e
:1084cc00b800a2af8dff00102180020280000224b0
:1084dc00eeffa214010007240000428e0100312699
:1084ec00040043240000428cb800b1af000043ae3e
:1084fc00b000a2a3b000a6279800a5279af2400fbf
:10850c00252060027dff00102180020280000224e1
:10851c00deffa214253800000000428e0100312637
:10852c0004004324000043ae0000468cf2ff001010
:10853c00b800b1af80000224d4ffa2149800a28f1f
:10854c0001003126a000a78fb800b1af1000a2af78
:10855c00019d053c01000624c2ff0010d8a8a524eb
:10856c00ffff0224b800b6af9800a0afa000a0afe8
:10857c009c00a2af1000a0aff5ff00102538000042
:10858c0099fe001025a00002d5fe6054b800a4afdf
:08859c00d3fe001000000000f6
:020000040000fa
:020000041d01dc
:1085a40098ffbd27252000006400bfaf6000beaf68
:1085b4005c00b7af5800b6af5400b5af5000b4afcd
:1085c4004c00b3af4800b2af4400b1af73f7400ff3
:1085d4004000b0af049d043c7fd5400f6046842426
:1085e400250c410f0100103c84c8400f2520400099
:1085f400019d023c0e0b410f90a644242706410f17
:10860400049d113ccccb400f049d123c2ecc400f5a
:10861400019d133c90cc400f019d143cf2cc400fc3
:10862400019d153c54cd400f019d163cb6cd400f25
:10863400019d173c18ce400f019d1e3cd1fd400ffb
:10864400a0860436f2fd400fa086043613fe400fc8
:10865400a086043634fe400fa086043655fe400f33
:10866400a0860436049d033ceee0400f7049642468
:10867400f0e3400f2849242685db400f28492426af
:10868400cfdb400f2849242626e4400f284924261e
:1086940019dc400f28492426a9f8400f019d103cfd
:1086a400edfb400f019d113c36ca400f0000000055
:1086b400acb1400f000000003e0f410f25204000e8
:1086c400019d063ca0a6c424fb0c410f25284000b4
:1086d400049d053c03e9400fe043a4245c0f410fd3
:1086e40025204000019d073cb4a6e424fb0c410f67
:1086f40025284000049d083c03e9400f8c430425d1
:108704005c0f410f25204000019d093cc8a624258b
:10871400fb0c410f25284000049d0a3c03e9400f4f
:10872400704344255c0f410f25204000019d0b3c04
:10873400dca66425fb0c410f25284000049d0c3c5d
:1087440003e9400fc44384255c0f410f25204000fa
:10875400019d0d3cf0a6a425fb0c410f25284000eb
:10876400049d0e3c03e9400f5443c4255c0f410fa4
:1087740025204000019d0f3c04a7e425fb0c410f7c
:108784002528400003e9400fa84344265c0f410f0d
:108794002520400025284000fb0c410f18a7642623
:1087a4003bf3400f0180133c520f410f2520400042
:1087b40025284000fb0c410f2ca78426f3f4400f1e
:1087c4000180143c520f410f252040002528400011
:1087d400fb0c410f40a7a42643f5400f0180153c34
:1087e400520f410f2520400025284000fb0c410f6b
:1087f40054a7c4266bf5400f0180163c520f410f5d
:108804002520400025284000fb0c410f68a7e426e2
:1088140093f5400f0180173c520f410f2520400073
:10882400019d183c7ca70427fb0c410f2528400020
:10883400bbf5400f0180123c520f410f2520400030
:10884400019d193c90a72427fb0c410f25284000cb
:10885400e3f5400f00000000520f410f25204000b7
:1088640025284000fb0c410fa4a7c4270bf6400f9a
:1088740001801e3c520f410f25204000019d043c05
:1088840025284000fb0c410fb8a7842433f6400f81
:1088940000000000520f410f252040002528400011
:1088a400019d023cfb0c410fcca7442463f3400f11
:1088b40000000000520f410f2520400025284000f1
:1088c400fb0c410fe0a704268bf3400f0180103c02
:1088d400520f410f25204000019d033cf4a764245e
:1088e400fb0c410f25284000b3f3400f00000000ab
:1088f400520f410f2520400025284000fb0c410f5a
:1089040008a82426dbf3400f0180113c520f410fcd
:1089140025204000019d063c1ca8c424fb0c410feb
:108924002528400003f4400f00000000520f410fbf
:1089340025204000019d073c30a8e424fb0c410f96
:10894400252840002bf4400f00000000520f410f77
:1089540025204000019d083c44a80425fb0c410f40
:108964002528400053f4400f00000000520f410f2f
:1089740025204000019d093c58a82425fb0c410feb
:10898400252840007bf4400f00000000520f410fe7
:1089940025204000019d0a3c6ca84425fb0c410f96
:1089a40025284000a3f4400f00000000520f410f9f
:1089b40025204000019d0b3c80a86425fb0c410f41
:1089c40025284000cbf4400f00000000520f410f57
:1089d40025204000019d0c3c94a88425fb0c410fec
:1089e400252840001bf5400f00000000520f410fe6
:1089f40025204000019d0d3c25284000fb0c410f23
:108a0400a8a8a4250180053c01800e3c01800f3cf0
:108a14000180183c0180193c0180043c0180023c27
:108a24000180033c0180063c0180073c0180083c36
:108a34001000a5af1400aeaf1800afaf1c00b8af64
:108a44002000b9af2400a4af2800a2af2c00a3af2c
:108a54003000a6af3400a7af3800a8af440e410fd2
:108a640000000000d766400fd0a1c427d766400f8e
:108a740060a0e426d766400ff09ec426d766400f58
:108a8400809da426d766400f109c8426d766400f8d
:108a9400a09a6426d766400f30994426d766400fc3
:108aa400c0972426d766400f509604261000a98f3d
:108ab400d766400fe09424251400aa8fd766400f90
:108ac400709344251800ab8fd766400f009264253d
:108ad4001c00ac8fd766400f909084252000ad8f8a
:108ae400d766400f208fa4252400a58fd766400f9a
:108af400b08da4242800ae8fd766400f408cc425c7
:108b04002c00af8fd766400fd08ae4253000b88f91
:108b1400d766400f608904273400b98fd766400fa9
:108b2400f08724273800a48fd766400f80868424da
:108b3400392a400f0000000056a3400f0000000037
:108b440097d8400f00000000c4ff00100000000090
:020000040000fa
:020000041d01dc
:108b54001000828cb0febd270001b0af1401bfaf7e
:108b64001001b4af0c01b3af0801b2af0401b1af4f
:108b74004001bef73801bcf73001baf72801b8f755
:108b84002001b6f71801b4f71000401425808000c6
:108b9400400080ac1401bf8f4001bed73801bcd760
:108ba4003001bad72801b8d72001b6d71801b4d7f5
:108bb4001001b48f0c01b38f0801b28f0401b18f7f
:108bc4000001b08f0800e0035001bd272588a000f4
:108bd4000800a58c8d0d410ff000a427f000a3938d
:108be4003c0004920b016450f100a593f000ab8f9c
:108bf4000400258e0000248e6fe1400f3c000bae74
:108c0400f000ad8f04000c8ea000a2afa400a3afaf
:108c1400a800adaf1000b227a000a6272000801145
:108c24004b000524a46a400f252040022530400053
:108c340025380000252840029eca400f2520000246
:108c440010000e8e0200cf2d0700e0550800198e8b
:108c54004000138e010074262bc08e02cdff001736
:108c6400400014ae0800198e05003f2fc9ffe01321
:108c7400400000ae029d023c80181900908c4424f0
:108c84000a30837c0800c0000800258e348f019dc3
:108c94005c8e019d388d019db48c019d948f019d46
:108ca4004170400f25204002e1ff001025304000b4
:108cb400480f410fd000a4270800258eddef400f98
:108cc400e000a4270400258e0000248e6fe1400fed
:108cd4001000b427d000a0c7d400a1c7d800a2c7f1
:108ce400dc00a3c7e000a4c7e400a5c7e800a6c74a
:108cf4000400078ea000a2afa400a3afa800a0e7c1
:108d0400ac00a1e7b000a2e7b400a3e7b800a4e771
:108d1400bc00a5e7c000a6e7a000a627ca00e0148f
:108d2400720005245ada400f252080023800001012
:108d340025304000480f410fd000a427d000b4c70d
:108d4400d400b6c7dc00b8c782a6144602a31646f0
:108d5400d800bec7049d133c108e67c6049d123c08
:108d6400a0c3584f20f3984d1aa0400f81730746b3
:108d740002b21846049d053c448eabc4488e49c6d5
:108d8400a8a21e4d00530a463e600b46be00014594
:108d940002070946049d083c1c8e0dc53e690c461d
:108da400c1000445049d093c408e31c5008814442b
:108db400c2a4184660b5564f108e77c620b37e4eb7
:108dc4001aa0400f81ab1746488e59c60400258e61
:108dd4000000248e6fe1400f0205194604000b8e3b
:108de400ac00b4afa000a2afa400a3afa800bce73e
:108df400b000b4e71000b427a000a627a6006015b1
:108e04003e000524667b400f25208002253040006b
:108e140025288002252000029eca400f2538000024
:108e24001401bf8f4001bed73801bcd73001bad777
:108e34002801b8d72001b6d71801b4d71001b48fd0
:108e44000c01b38f0801b28f0401b18f0001b08f00
:108e54000800e0035001bd27480f410fe000a4279c
:108e6400e000a1c7e800bdc7e400bfc70008014691
:108e7400049d0c3c80f91f46c0e81d461c8e84c529
:108e8400ec00a2c702eb0646a80b804cc2110046b8
:108e94004211064602ee00468215034602fa0046d7
:108ea40080170246a0fec64d20edc34d4162074621
:108eb400a0f7c24d802a1846c1b208460400258e88
:108ec40000670746012e184680b508460000248e28
:108ed40000481244005011446fe1400f00581344fd
:108ee40004000d8ea000a2afa400a3afa800bae7af
:108ef400ac00b2afb000b1afb400bce7b800b4e7a7
:108f0400bc00b3afc000b8e7c400b6e7c800bee712
:108f14001000b427a000a6275700a0158c00052434
:108f24002fd4400f25208002b9ff001025304000c7
:108f3400480f410fd000a4270400258e0000248e82
:108f44006fe1400f1000b427d000adc7d400afc705
:108f5400d800b0c7dc00b1c704000e8ea000a2afd9
:108f6400a400a3afa800ade7ac00afe7b000b0e742
:108f7400b400b1e7a000a6273b00c0154b000524b0
:108f84006072400f25208002a1ff001025304000b0
:108f9400480f410fd000a4270800258e0400400f7d
:108fa400e000a4270400258e0000248e6fe1400f0a
:108fb4001000b427d000b2c7d400b3c7d800b5c7d7
:108fc400dc00b7c7e000b9c7e400bbc7e800bdc711
:108fd40004000f8ea000a2afa400a3afa800b2e7c4
:108fe400ac00b3e7b000b5e7b400b7e7b800b9e741
:108ff400bc00bbe7c000bde7a000a6271600e01533
:1090040072000524a5da400f2520800280ff00109d
:10901400253040003d000692f5fea614f000ab8f0b
:10902400f200a7933e000892f2fee8540400258e55
:10903400f300a9933f000a92eefe2a550400258e00
:1090440000ff001010000e8e3c35400f25208002da
:109054006fff0010253040003f38400f252080026c
:109064006bff0010253040005148400f252080023e
:1090740067ff0010253040004a2e400f2520800253
:1090840063ff001025304000049d0a3c3c8e52c50d
:1090940047ff001000901444fe53400f2520800227
:1090a4005bff00102530400068cb400ff800a9e7b3
:1090b400f800afc702040f463dff001000801444bf
:020000040000fa
:020000041d01dc
:1090c4000000a68c1000a8941400a28cad00a790f8
:1090d400540000114010cb7c0000438cffff052599
:1090e40024486301a30020150700aa3001000324cb
:1090f4002b3068004b00c01014004224940040112f
:10910400204c0a7c3b002311020005243200251167
:1091140003000a2429002a1104000c241d002c1128
:1091240005000d2414002d1106000e240c002e51f0
:1091340000004d8c00004f8c24c06f0105000053cb
:1091440001006324040059902c0127530500469024
:109154000100632414004224ff00633000004d8c9e
:1091640024706d010e01c05504004f9001006a2463
:1091740014004224ff00433100004c8c24686c012d
:10918400ea00a05504004e90010063241400422418
:10919400ff0063300000458c245065010500401138
:1091a4000100662404004c900a01875105004d908b
:1091b4000100662414004224ff00c3300000498cdf
:1091c400242869018600a05404004a900100632405
:1091d40014004224ff0063300000598c24307901cc
:1091e4007200c0540400499001006f24140042240a
:1091f400ff00e3310000588c24c878010500205397
:109204000100632404004690db00c7500500499028
:1092140001006324ff0063302b7068004c00c0150c
:1092240014004224251000000800e00300000000a0
:109234002b488600ca00205106004a9014004d8c29
:10924400010063241400422424706d012578400039
:109254000400c011ff007830040059906d002753ba
:10926400050046901400e28d01000d272470620170
:10927400ff00a3310400c0111400e225040058903b
:109284006e000753050059902800ec8d01006d24f1
:1092940024706c012800e2250400c011ff00a331f2
:1092a400040058906f000753050059903c00e28d6c
:1092b40001006c2424686201ff008e310400a011b7
:1092c4003c00e2250400439070006750050058906c
:1092d4005000e58d0100cc25246865015000e2258d
:1092e4000400a011ff008e31040043907100675008
:1092f400050058906400e28d0100c52524606201d8
:10930400ff00ad30040080116400e22504004e909b
:109314007200c751050043907800ea8d0100a5252d
:1093240024606a017800e22504008011ff00ad305a
:1093340004004e907300c751050043900100a2251c
:10934400ff0043302b506800b6ff40118c00e2252b
:1093540000004f8c24c06f01b9ff005314004d8ce2
:1093640004005990b6ff275714004d8cb0ff00102d
:109374000500469004004c905dff8715010003240e
:1093840005004d902b708d005affc0152b306800de
:1093940006004f9021c0ed012ac8980053ff201306
:1093a400000000000800e003000000008fff271504
:1093b40001006f2405004a902b288a008cffa054da
:1093c4001400422406004c9021688a012a708d0002
:1093d40087ffc051140042240800e003000000008d
:1093e4007bff47150100632405004c902b688c001b
:1093f40077ffa0150000000006004e902178cc01f4
:109404002ac08f0073ff0053140042240800e003b5
:10941400000000002b48860093ff20551400e28dc5
:1094240006004a90212846012a6085008eff80515b
:109434001400e28d0800e003000000002b309900c6
:1094440092ffc0542800ec8d060049902150390148
:109454002a288a008dffa0502800ec8d0800e00324
:10946400000000002b30990091ffc0543c00e28db5
:1094740006004990215039012a288a008cffa05007
:109484003c00e28d0800e003000000002bc89800b7
:1094940090ff20575000e58d060046902148d800e3
:1094a4002a5089008bff40515000e58d0800e003ed
:1094b400000000002bc898008fff20576400e28d45
:1094c400060046902148d8002a5089008aff40515e
:1094d4006400e28d0800e003000000002bc083005c
:1094e4008eff00577800ea8d06005990213023033f
:1094f4002a48860089ff20517800ea8d0800e0039d
:10950400000000002bc083008dff00570100a2253e
:1095140006005990213023032a48860088ff2051f1
:109524000100a2250800e0030000000017ffc71592
:109534000100632405004f902bc08f0013ff001718
:10954400000000000600599021302f032a488600ad
:109554000fff2051140042240800e0030000000023
:10956400212846012a60850035ff805114004d8c66
:109574000800e003000000002b50890025ff40157f
:1095840001006324060045902160a9002a688c002c
:1095940021ffa011ff0063300800e0030000000079
:1095a400f3fee71501006a24050058902bc89800c3
:1095b400f0fe205714004224060046902148d800ab
:1095c4002a288900ebfea050140042240800e0037e
:1095d400000000002b708d00f6fec015010066240b
:1095e40006004f9021c0ed012ac89800f2fe2053d6
:1095f400140042240800e003000000002b48860009
:10960400d4fe201501006324060045902150a600d5
:109614002a608a00d0fe8051140042240800e0032e
:049624000000000042
:020000040000fa
:020000041d01dc
:10962800d0ffbd272400b4af1800b1af2c00bfafe6
:109638002800b5af2000b3af1c00b2af1400b0af24
:109648000000928c10009494ad0093901400918cbb
:10965800af0080124010527e0000228effff952638
:1096680024184202b30060140700b5320100102428
:109678002b381402a600e010140031265f00a01257
:109688002044157c510010110200092448000911da
:1096980003000a243c000a1104000b2433000b11b8
:1096a80005000c241f000c1106000d2414000d5198
:1096b80000003f8e00002e8e24784e020d00e051ef
:1096c80001001026040038920a00135701001026e2
:1096d8001000398e07002053010010260400228f45
:1096e800040040500100102609f8400008002496a4
:1096f8000100102614003126ff00103200003f8eb2
:1097080024185f0205006010010006260400359247
:109718000701b3521000248e0100062614003126da
:10972800ff00d0300000278e244047020d000011b2
:1097380001000c26040029920b0033551400312631
:1097480010002a8e080040511400312604004b8d69
:10975800050060511400312609f8600108002496bc
:1097680001000c2614003126ff00903100002d8ed8
:1097780024704d028800c05504002f920100022673
:1097880014003126ff00503000003f8e24185f027d
:10979800050060500100102604003592db00b3522a
:1097a8001000248e0100102614003126ff0010320c
:1097b8000000268e243846026b00e05404002892ec
:1097c80001000b2614003126ff00703100002c8e9a
:1097d80024684c020500a0110100192604002e92ed
:1097e800c100d35110002f8e01001926ff0030331d
:1097f8002b101402460040101400312600003f8e42
:1098080024185f02050060501400268e040035926b
:109818006d00b3521000248e1400268e010010260d
:1098280024384602140031260400e010ff001532e7
:10983800040028926d0013511000298e14002b8efd
:109848000100ac2624684b020400a011ff009031ef
:1098580018002e926e00d35124002f8e2800398ec6
:1098680001001f262410590204004010ff00f533a0
:109878002c002392780073503800248e3c00268eea
:109888000100a7262440460204000011ff00f03022
:1098980040002992790033514c002a8e50002c8eba
:1098a80001000d2624704c020400c011ff00b531e0
:1098b80054002f927a00f3516000388e64003f8e76
:1098c8000100a42624105f0204004010ff0090301d
:1098d800680023927b0073507400258e7800278ed1
:1098e800010008262448470204002011ff00153112
:1098f8007c002a924f00535188002b8e0100ad2620
:10990800ff00b0312b701402bcffc0158c0031264b
:109918002c00bf8f2800b58f2400b48f2000b38f90
:109928001c00b28f1800b18f1400b08f0800e0033c
:109938003000bd27040024924dff93140100102429
:109948001000258e4bffa0102b3814020400a68ca3
:1099580048ffc0100000000009f8c0000800249665
:1099680043ff00100100102496ff131501000b2679
:109978001000298e94ff20511400312604002a8dee
:1099880091ff40511400312609f84001080024963f
:109998008cff001001000b2679fff3150100022649
:1099a8001000388e77ff0053140031260400198ff9
:1099b80074ff20531400312609f820030800249668
:1099c8006fff00100100022694ff80501400268ebd
:1099d8000400858c91ffa0501400268e09f8a00081
:1099e800080024968dff00101400268e94ff205145
:1099f80014002b8e04002a8d91ff405114002b8ee9
:109a080009f84001080024968dff001014002b8ee1
:109a180093ffe0512800398e0400f88d90ff005321
:109a28002800398e09f800031c0024968cff0010ca
:109a38002800398eb2ff60110100ad2604006c8d3c
:109a4800b0ff8011ff00b03109f880018000249632
:109a5800abff00100100ad2689ff80503c00268e28
:109a68000400858c86ffa0503c00268e09f8a000d3
:109a78003000249682ff00103c00268e88ff40515b
:109a880050002c8e04004b8d85ff605150002c8ea9
:109a980009f860014400249681ff001050002c8ec4
:109aa80087ff005364003f8e0400198f84ff205302
:109ab80064003f8e09f820035800249680ff0010a8
:109ac80064003f8e86ffa0507800278e0400a68c85
:109ad80083ffc0507800278e09f8c0006c002496d8
:109ae8007fff00107800278e40ffe0110100192643
:109af8000400f88d3eff0053ff00303309f80003df
:109b08000800249639ff00100100192626ff80500e
:109b1800010010260400858c23ffa05001001026a8
:109b280009f8a000080024961fff00100100102665
:109b3800fafe8010010006260400858cf8fea0506d
:109b48001400312609f8a00008002496f3fe00103e
:049b580001000626dc
:020000040000fa
:020000041d01dc
:109b5c00980082904501401000000000039d033cda
:109b6c00803e60d4e8febd27d800beafcc00b5afb8
:109b7c00dc00bfafd400b7afd000b6afc800b4aff5
:109b8c00c400b3afc000b2afbc00b1afb800b0af4f
:109b9c000801bef70001bcf7f800baf7f000b8f7ff
:109bac00e800b6f7e000b4f725f08000b000a0f7ad
:109bbc00049d153c6801c48f6ce6400f0001052420
:109bcc00a2004010dc00bf8f9400c58f0800b08c41
:109bdc0009f800022000a4279b0040142c00a3c706
:109bec003400c2c77000c1c73800a6c72800c5c75b
:109bfc0001190246c13101466400c8c73000c9c70b
:109c0c0002260546c23e08466c00cac73400acc7e3
:109c1c002800abc72400d5c741670a46015f094637
:109c2c000400cec71000c0c71c00d9c76000d2c743
:109c3c004000cdc74c00c5c75800d7c782e01546b9
:109c4c0042e8124682c20e46c2c019463800d4c73a
:109c5c000c00c7c71400c6c77400d3c76800d0c7b0
:109c6c003c00c9c702c1004602df054602de0d46b4
:109c7c002c00d1c70000dec70800dfc71800cfc713
:109c8c002000ccc74400dac74800c8c75000d6c76c
:109c9c00c2de17463000abc73c00bdc75400cec770
:109cac00415d144601ed1346a00c094fa0175e4d03
:109cbc0042ac114642a610462010874ce0136f4c64
:109ccc00e00c884f200c6e4f5c00c9c78000c49319
:109cdc00e08fdf4fe089064ca0ce5a4ea089ec4da8
:109cec00a0cd764ec100801420ce094ea000b22724
:109cfc009400bfe79800a7e79c00a6e77c00d18ff3
:109d0c009400a58f9800a68f9c00a78f2520400259
:109d1c006b7a400f1000b1afa000aa8fa400ab8fdc
:109d2c00a800ac8f8800bae78c00b6e79000b8e7c3
:109d3c008c00a68f9000a78f8800a58f9400aaafe7
:109d4c009800abaf9c00acaf252040021000b1af27
:109d5c009400b8c79800bec76b7a400f9c00bcc774
:109d6c00a000ad8fa400ae8fa800af8f8800adaf60
:109d7c008c00aeaf9000afaf8800bac78c00b6c7ee
:109d8c009000b4c76801c48f2000b38f2400b48f37
:109d9c004800a5274800b3af4c00b4af5000b8e75b
:109dac005400bee75800bce75c00bae76000b6e7b9
:109dbc0065a4400f6400b4e74000acc72000b68f28
:109dcc002400b78f6801c48f7800a5277800b6af40
:109ddc007c00b7afacdc400f8000ace78400d88fc0
:109dec0074ff0013010019244b0019536001d28f2a
:109dfc005801df8f2600e0574c01cdc70048804446
:109e0c006801c48fc0c70946c0f1094680e1094604
:109e1c0000d3094640b3094600a209465801d9af00
:109e2c004001dfe74401c7e74801c6e74c01cce736
:109e3c005001cde75401c8e76ce6400f0001052442
:109e4c0062ff40549400c58fdc00bf8f0801bed761
:109e5c000001bcd7f800bad7f000b8d7e800b6d7e5
:109e6c00e000b4d7d800be8fd400b78fd000b68f27
:109e7c00cc00b58fc800b48fc400b38fc000b28fb4
:109e8c00bc00b18fb800b08f0800e0031801bd27eb
:109e9c005001c8c75401d7c74001c5c74401c2c748
:109eac004801c1c780c2054600f10246c0e0014628
:109ebc00c06e1a46c042164640bd14460100e32748
:109ecc002b1078004001cae74401c4e74801c3e7fe
:109edc004c01dbe75001cbe75401d5e735ff4014cb
:109eec005801c3af00e88344252800001c8ebcc673
:109efc0000e8e54420eda04683e3144602760a46ca
:109f0c00827704460277034682761b4682750b469f
:109f1c00027515466001d28f6401c88f2000a78f8f
:109f2c002400a48f258048025801c0af6001c7af40
:109f3c0020ff00126401c4af2398f2002b30f30011
:109f4c00234888002388260125380000253000008e
:109f5c002520600225282002c000d4279400b8e7f1
:109f6c009800bee79c00bce78800bae78c00b6e717
:109f7c00d30a410f9000b4e7310040180088934495
:109f8c000088f144e18ba046b000b2d78800b68fb0
:109f9c008c00b78fc27c32469000b88f9400a58f8e
:109fac009800a68f9c00a78f252080021000b6afca
:109fbc001400b7af209c20461c00b0e74400400fb3
:109fcc001800b8af2000b98f2400a28f6801c48f8d
:109fdc006800a5276800b9af6c00a2afd562400f2e
:109fec007000b4aff4fe00106801c48f9c00a6e7ab
:109ffc009400bfe79800a7e79c00a88f9400a68f59
:10a00c009800a78fa000b2271000a8af9c00c5270e
:10a01c0069e5400f25204002a000a68fa400a78f61
:10a02c00a800a98f9400a6af9800a7af9c00a9af79
:10a03c009400bfc79800a7c72dff00109c00a6c7af
:10a04c00c05711004258130001006c3225684b01b7
:10a05c0025708d0100c88e444278110000c8ef4471
:10a06c0021c8a046c8ff0010c00320460800e0032a
:04a07c0000000000e0
:020000040000fa
:020000041d01dc
:10a080001c00829050ffbd27a800b0af2530000013
:10a0900025808000253800000000848cac00bfaf14
:10a0a000080006ae060140140c0007ae2000098e21
:10a0b0008900201100000000500e410f12000524fd
:10a0c000ef0040500000048ea112410f0000048eea
:10a0d00091014a900000048ea112410f1000aaa322
:10a0e00094014b8c0000048ea112410f1400abaf01
:10a0f00098014c8c0000048ea112410f1800acafe7
:10a100002000048e9c014d8c94008e8c1c00adaf01
:10a110000000cf8d09f8e0011000a4272000188e60
:10a120006d0000130000048e500e410f0100052445
:10a13000960040500000048ea112410f0000048ed2
:10a14000200043241000a5274000592400007f8ce4
:10a150000400628c0800668c0c00678c100063247d
:10a160000000bfac0400a2ac0800a6ac0c00a7ac79
:10a17000f6ff79141000a5240000688c0000048efe
:10a18000a112410f0000a8ac4400498c48004a8c41
:10a190004c004b8c0000048e3400a9af3800aaafed
:10a1a000a112410f3c00abaf50004c8c54004d8cc1
:10a1b00058004e8c0000048e4000acaf4400adafa0
:10a1c000a112410f4800aeaf5c0046244c00a72707
:10a1d0007c004f240000d88c0400d98c0800df8c50
:10a1e0000c00c48c1000c6240000f8ac0400f9accc
:10a1f0000800ffac0c00e4acf6ffcf141000e7241d
:10a200000000c28c0000048ea112410f0000e2acdd
:10a210008000458c8400438c8800488c0000048eac
:10a220007000a5af7400a3afa112410f7800a8afd2
:10a230008c00498c90004a8c94004b8c0000048e5a
:10a240007c00a9af8000aaafa112410f8400abaf80
:10a250009c014c8c2568000000008c440000048e9a
:10a260000000ed446000a046a112410f8800a1e764
:10a27000a0014e8c0000048ea112410f8c00aeafe5
:10a28000a4014f900000048ea112410f9000afa3d3
:10a29000a801588c0000048ea112410f9400b8afa1
:10a2a000ac01598c0000048ea112410f9800b9af87
:10a2b000b00142c40000048ea112410f9c00a2e72d
:10a2c000b40143c42000048e1000a52716d1400f0e
:10a2d000a000a3e70000048e500e410f1c000524cf
:10a2e00006004014000000000000048e500e410fd4
:10a2f0001d0005248b0040500000048ea112410f68
:10a300000000048eb801468c0000048ea112410f9b
:10a310001000a6afbc01478c0000048ea112410fb3
:10a320001400a7afc001428c0000048ea112410f9f
:10a330001800a2afc401458c0000048ea112410f89
:10a340001c00a5afc801438c0000048ea112410f70
:10a350002000a3afcc01488c0000048ea112410f55
:10a360002400a8afd001498c1400048e1000a5274a
:10a37000830c410f2800a9af0000048eac00bf8ff2
:10a38000a800b08f84d4400bb000bd27500e410f01
:10a390000200052468ff4014000000000000048e45
:10a3a000500e410f0300052463ff4014000000001d
:10a3b0000000048e500e410f040005245eff40147f
:10a3c000000000000000048e500e410f050005241f
:10a3d00059ff4014000000000000048e500e410f91
:10a3e0000600052454ff4014000000000000048e05
:10a3f000500e410f150005244fff401400000000cf
:10a400000000048e500e410f160005244aff401430
:10a41000000000000000048e500e410f17000524bc
:10a4200045ff4014000000000000048e500e410f54
:10a430001800052440ff4014000000000000048eb6
:10a44000500e410f190005243bff4014000000008e
:10a450000000048e500e410f1a00052436ff4014f0
:10a46000000000000000048e500e410f1b00052468
:10a4700031ff40140000000097ff00100000048e20
:10a48000500e410f130005240fff40140000000080
:10a490000000048e500e410f140005240aff4014e2
:10a4a000000000000000048e500e410f150005242e
:10a4b00005ff40140000000019ff00102000188e56
:10a4c000500e410f0f00052406004014000000004c
:10a4d0000000048e500e410f100005242b00405048
:10a4e0000000048ea112410f0000048e88014390e9
:10a4f0000000048ea112410f1000a3a38c01458c13
:10a500000000048ea112410f1400a5af90014890e5
:10a510001000a427beff400f1800a8a3e3fe001000
:10a520000000048e500e410f1e00052473ff4014de
:10a53000000000000000048e500e410f1f00052493
:10a540006eff4014000000000000048e500e410f0a
:10a550002000052469ff4014000000000000048e64
:10a56000500e410f2100052464ff4014000000003c
:10a570000000048e500e410f220005245fff40149e
:10a58000000000007dff00100000048e500e410fff
:10a5900011000524d3ff401400000000c3fe00108a
:04a5a0000000048e25
:020000040000fa
:020000041d01dc
:10a5a400c0ffbd273000b1af2c00b0af0000c88c95
:10a5b4000400c98c3c00bfaf3800b3af3400b2af65
:10a5c4002580a00025888000be00a0102400a0af34
:10a5d40001000224540003242400a2af1b01a21092
:10a5e400000083a0020005242c000424253809015e
:10a5f4002400a5afc400e010010024a202000e2430
:10a60400cccc0c3ccdcc9935256800001000bf277c
:10a61400ffff252700790900029708002598f20119
:10a6240000d8187d00d8627e21380203021e09007a
:10a634002120e300190099002560a00110500000ba
:10a644000100ad2582580a0004080a7c21784b01d8
:10a6540023908f0023981201190879022bc013014b
:10a664001800650223383801129020000000f970a8
:10a674004218120080500300101020001220000025
:10a6840021586a0040780b002198820023100f01a2
:10a694003000432421c0ed0325102001423812006c
:10a6a400c04f130025200001ffff03a3254027010d
:10a6b400d8ff4014424813000a008a2cd6ff4011e8
:10a6c40000790900030099312178ec032b00201351
:10a6d4003f0005242b60d0010900801121582e026f
:10a6e4000000f281e0ff5326ff0062325f004d2c30
:10a6f4000a90ad00000072a10100ce2501000224e1
:10a70400ffffef25010018241c0038132520e00169
:10a71400020003240e0023132b60d0012b38d00138
:10a724000900e01021402e020000ef81e0ffe9253e
:10a73400ff002a315f00592d0a78b90000000fa1eb
:10a744000100ce2501000224ffff8f242b60d001dd
:10a754000900801121582e020000f281e0ff5326e7
:10a76400ff0062325f004d2c0a90ad00000072a120
:10a774000100ce2501000224ffffef252bc0d001ec
:10a784000900001321182e020000e481e0ff872451
:10a79400ff00e8305f00092d0a20a900000064a032
:10a7a4000100ce25010002242400ef13ffffea2557
:10a7b4002b68d0010900a01121202e02000058812d
:10a7c400e0ff0227ff0043305f00672c0ac0a700a8
:10a7d400000098a00100ce25010002242b40d001e6
:10a7e4000900001121782e02ffff4981e0ff39257d
:10a7f400ff002c335f00922d0a48b2000000e9a14b
:10a804000100ce25010002242b58d001090060115b
:10a8140021682e02feff5381e0ff7826ff000433f7
:10a824005f00822c0a98a2000000b3a10100ce258b
:10a8340001000224d1ff0010fdff4f250100405408
:10a844002400aeaf0800c78c049d0e3c888ec2c5a0
:10a85400001887443e100346370001452400ac8f9e
:10a86400049d063c8c8ec4c4002887443e290446bb
:10a874004d0005452400bf8f2400a627252800028b
:10a884007259400f252020022400a28f2b1850005b
:10a894001100601000000000218022020a0011242f
:10a8a40001004224000011a23c00bf8f3800b38f86
:10a8b4003400b28f3000b18f2c00b08f0800e00359
:10a8c4004000bd2725580901530060112570000080
:10a8d4004cff0010cccc0c3cf4ff00123c00bf8faa
:10a8e40021c830020a000c24ffff2ca33c00bf8fb8
:10a8f4003800b38f3400b28f3000b18f2c00b08f8a
:10a904000800e0034000bd2753000512300009246d
:10a91400020029a20800c78c049d0e3c888ec2c583
:10a9240000188744030008243e100346ccff00456a
:10a934002400a8af2400ac8f2b9090014f0040124c
:10a9440021582c022c00132401008925000073a136
:10a95400019d0d3c251020012540000039000424f0
:10a9640014a4a7253f001824e0ff8e24ff00cf3154
:10a974005f00ea2d2b3050000a200a0321f822023e
:10a984000400c0100100e7240000e4a301004224f5
:10a99400010008240000e480f4ff8014e0ff8e240a
:10a9a400baff00100a1028012b28f0033500a0106c
:10a9b40021783f022c0019240100e9270000f9a1a5
:10a9c400019d1f3c25102001254000002d0013246b
:10a9d40020a4e5273f000724e0ff6326ff00793029
:10a9e4005f002c2f2b9050000a98ec002158220273
:10a9f400040040120100a524000073a101004224b8
:10aa0400010008240000b380f4ff6016e0ff632611
:10aa14009eff00100a1028010800c78c049d0a3c00
:10aa2400888e46c5003887443e32074611000945e2
:10aa3400049d063c8c8ec8c43e3b08468fff0c45e3
:10aa44002400a627deff0010254800002550090138
:10aa5400ebfe401501000e240800c78c049d063c43
:10aa6400888ec0c4000887443e0401467dff10451b
:10aa7400049d063cb6ff00102400a98fb4ff00100b
:0caa840025488001ceff00102548e003ab
:020000040000fa
:020000041d01dc
:10aa9000c0ffbd273400b2af3000b1af2c00b0af63
:10aaa0000000c88c0400c98c3c00bfaf3800beafaa
:10aab0002590c0002580a00025888000cc00a01033
:10aac0002400a0af01000224550003242400a2affb
:10aad0002201a210000083a0020005242c000424ff
:10aae000253009012400a5afc600c010010024a232
:10aaf00002000624cccc183ccdcc193725680000c8
:10ab00001000ac27ffff2e2700f1090002ff08000c
:10ab10002518df0300d8027d00d8657c2138450068
:10ab2000022609002150e400190059012578a001ee
:10ab3000105800000100ad2582c00b0004080b7cfa
:10ab400021f0780123f85e0123181f01190879000c
:10ab50002b28030118006e002320250112f020008d
:10ab60000000997042501e0080580a00101020000a
:10ab70001238000021c04b014018180021f8e200f3
:10ab80002310030121388d0130004b2425182001aa
:10ab900042281e00c04f1f0025200001ffffeba030
:10aba00025402501d8ff601442481f000a008a2c66
:10abb000d6ff405100f109000300f93121c08f0197
:10abc0002d0020133f000e242b78d0000b00e05105
:10abd000ffff182700001e8321182602e0ffdf2751
:10abe000ff00e2335f004d2c0af0cd0100007ea093
:10abf0000100c62401000324ffff182701000b24d5
:10ac00001d002b1325380003020005240e00251318
:10ac10002b78d0002b20d000090080102140260284
:10ac200000001883e0ff0927ff002a315f00592d3b
:10ac30000ac0d901000018a10100c62401000324a4
:10ac4000fffff8242b78d0000b00e051ffff1827fe
:10ac500000001e8321182602e0ffdf27ff00e233f9
:10ac60005f004d2c0af0cd0100007ea00100c6243b
:10ac700001000324ffff18272b58d00009006011a2
:10ac80002128260200000783e0ffe424ff0088302b
:10ac90005f00092d0a38c9010000a7a00100c624e1
:10aca0000100032424009811ffff0a272bf0d00095
:10acb0000900c01321f8260200004381e0ff62244e
:10acc000ff004d305f00ab2d0a18cb010000e3a35d
:10acd0000100c624010003242b38d0000900e01035
:10ace00021202602ffff4581e0ffa824ff00093153
:10acf0005f00382d0a28d801000085a00100c62475
:10ad0000010003242bc8d0000900201321f02602e3
:10ad1000feff4f81e0ffe325ff007f305f00e22f61
:10ad20000a78c2010000cfa30100c6240100032459
:10ad3000d1ff0010fdff5825010060542400a6af8c
:10ad400008004c922400a62700408c4425280002cd
:10ad500060428046004807447259400f2520200277
:10ad600009004e922528000200508e442520200222
:10ad7000e05280467259400f005807440a0058922a
:10ad80002528000200609844252020026063804648
:10ad90007259400f006807440b00529225280002a8
:10ada0000070924425202002e07380467259400fc3
:10adb000007807442400a28f2b3050004100c010bf
:10adc00000000000218022020a0011240100422418
:10add000000011a23c00bf8f3800be8f3400b28f3c
:10ade0003000b18f2c00b08f0800e0034000bd2779
:10adf000257809013700e0510800ca903dff001096
:10ae00002530000004000512300008240300072448
:10ae10002400a7af020028a2080049922400a62718
:10ae2000000089442528000260008046000807448d
:10ae30007259400f2520200209004b92252800025c
:10ae400000108b4425202002e01080467259400fec
:10ae5000001807440a004c922528000200208c4468
:10ae600025202002602180467259400f00280744a7
:10ae70000b004d922528000200308d442520200231
:10ae8000e03180467259400f003807442400a28ff9
:10ae90002b705000ccffc0552180220221c8300207
:10aea0000a000f24ffff2fa33c00bf8f3800be8f86
:10aeb0003400b28f3000b18f2c00b08f0800e00357
:10aec0004000bd27f6ff001621c83002c2ff001067
:10aed0003c00bf8f2400a62700808a4460848046ff
:10aee0007259400f0088074409004c922520200227
:10aef00000908c4425280000e09480467259400f51
:10af0000009807440a004e922520200200a88e4493
:10af100025280000e0ad80467259400f00b8074474
:10af20000b0052922520200200c8924425280000e0
:10af3000e0ce80467259400f00d807443c00bf8fd6
:10af40002400a28f3800be8f3400b28f3000b18f42
:10af50002c00b08f0800e0034000bd2725500901f8
:10af6000adff401101000624e3fe0010cccc183cdc
:020000040000fa
:020000041d01dc
:10af70004500a01000000000c248050084008b249a
:10af8000253800002528000025400000251000007d
:10af900020000c2424000d240000668d25180000dc
:10afa0000650660001004e313900c055010063248f
:10afb0000a2802010a38620001004224430022519b
:10afc0002400aa2c01006324067866000100f831f1
:10afd00034000017010079240a2802010a386200af
:10afe0000100422438002211010079240650260372
:10aff00001004e313000c0510a2802012510000026
:10b0000002006f2406c0e60101001933c10020537d
:10b010000a28020103006e240650c60101004f31c8
:10b02000c400e011251000000400782406c80603bf
:10b0300001002e33c800c0112510000005006f2448
:10b040000650e60101005831cc0000132510000025
:10b0500006007924067026030100cf31d000e011ec
:10b06000251000002510000007006324cdff6c149c
:10b0700006506600150049102400aa2c010008257e
:10b08000c5ff0d1504006b250800e003ffff023427
:10b09000067866000100f831cfff0013251000008c
:10b0a000010079240650260301004e31d3ffc0155c
:10b0b000251000000a2802010a3822030100422458
:10b0c000d0ff221502006f242400aa2ccb004011cf
:10b0d0002530e000e0ffbd270000b0af8080050014
:10b0e0001000b4af1c00b7af1800b6af1400b5af76
:10b0f0000c00b3af0800b2af0400b1af2140900024
:10b1000090009424010009248400118d0490c9004a
:10b1100025183202ffff532471006012840003ad32
:10b12000e0ffd52421c8a20223b8790225b040004f
:10b130000700ee32251060023800c0112130c6022f
:10b140002378d3000460e90125186c00ffff622614
:10b1500063004010840003ad01000d242f00cd11c9
:10b1600002000b242700cb1103000a241f00ca1180
:10b17000040004241700c411050018240f00d8117e
:10b18000060010240800d0112398c2002388c200b2
:10b190000490290225187200ffff4224500040103d
:10b1a000840003ad2398c20004a869022518750025
:10b1b000ffff42244a004010840003ad23b0c200c8
:10b1c00004b8c90225187700ffff4224440040104c
:10b1d000840003ad2370c2000478c90125186f00f4
:10b1e000ffff42243e004010840003ad2360c200f4
:10b1f0000468890125186d00ffff422438004010c3
:10b20000840003ad2358c2000450690125186a0068
:10b21000ffff422432004010840003adfcff5524a0
:10b2200023b0d5000468c902feff5124faff56245a
:10b2300023c0d1002350d60004600903ffff50242f
:10b2400004c049012350c2002320d000045049010a
:10b250000458890025506a00fdff52242398d2002b
:10b2600025584b010470690225606c01fbff5324d3
:10b2700023b8d30025708e010478e9022568cd013a
:10b28000f9ff57242320d7002578af010420890037
:10b2900025c0f8014900221325180403f8ff4224b1
:10b2a0000f00001284000aad0d00201284000badc7
:10b2b0000b00401284000cad0900a01284000eadfa
:10b2c0000700601284000dad0500c01284000fadb0
:10b2d0000300e012840018add0ff4014840003add9
:10b2e00040110500212847001c00b78f1800b68fb9
:10b2f0001400b58f1000b48f0c00b38f0800b28f0c
:10b300000400b18f0000b08fffffa2300800e003ff
:10b310002000bd270a38e201010042246aff221101
:10b3200003006e240650c60101004f313fffe015b7
:10b33000040078240a2802010a38c20101004224cc
:10b3400061ff22110400782406c8060301002e3391
:10b350003bffc01505006f240a2802010a380203ca
:10b360000100422458ff221105006f240650e60117
:10b370000100583137ff0017060079240a2802011e
:10b380000a38e201010042244fff2211060079240d
:10b39000067026030100cf3133ffe0552510000071
:10b3a0000a2802010a382203010042242fff2255f5
:10b3b0000700632445ff00102400aa2c0400082580
:10b3c00051ff1415253000004011050021284700c9
:10b3d0001c00b78f1800b68f1400b58f1000b48f03
:10b3e0000c00b38f0800b28f0400b18f0000b08f43
:10b3f000ffffa2300800e0032000bd274021050028
:0cb4000021c087000800e003ffff0233ba
:020000040000fa
:020000041d01dc
:10b40c00d0ffbd272400b2af2590a0001400a527c3
:10b41c002800b3af2000b1af1c00b0af2c00bfaf01
:10b42c002580800071d1400f2598c0001500401474
:10b43c00258840001b0040121400a28f0000688e6b
:10b44c000600492c0f00201180280800029d0b3c9f
:10b45c008050020074b46c250a688a7d019d0e3cf4
:10b46c000800a001c499c62500b7019dacb6019d8a
:10b47c0094b5019d18b5019de8b4019d38b7019da7
:10b48c00258840002c00bf8f251020022800b38f88
:10b49c002400b28f2000b18f1c00b08f0800e00395
:10b4ac003000bd270600432cf6ff6010029d053cc2
:10b4bc0080200200d0b4a6240a38c47c0800e00026
:10b4cc00000000000cb7019db8b6019da0b5019d10
:10b4dc0024b5019df4b4019d44b7019d019d0f3c21
:10b4ec00fb0c410fb099e4252c00bf8f2800b38fc3
:10b4fc002400b28f2000b18f252000021c00b08fd9
:10b50c002528000061d7400b3000bd27019d183c59
:10b51c00fb0c410fa49904271000a52771d1400ff3
:10b52c0025200002d6ff40141000b98f03001f2401
:10b53c0089003f178000043c0000028e0100432468
:10b54c00040000101300862401006c31840080116b
:10b55c0001006324000003ae00006780f7ffe524c0
:10b56c00ff00a8301800092df7ff2015065806011a
:10b57c005d000a247b00ea5400006d8e01007224e9
:10b58c00c0ff0010000012ae019d183cfb0c410fd7
:10b59c00989904271000a52771d1400f252000028f
:10b5ac00b7ff40141000b98f02001f246a003f1728
:10b5bc008000043c0000028e0100432404000010b3
:10b5cc0013008624010085310b00a01001006324b8
:10b5dc00000003ae00006780f7ffe824ff0009318c
:10b5ec0018002a2df7ff4015066026017d000b245c
:10b5fc00e3ffeb50010072240000638e01006d2408
:10b60c0000006dae2530000025280000aee1400f93
:10b61c00252000029aff40142530600225284002a4
:10b62c00036d400f2520000295ff401480000e3c56
:10b63c0000000d8e020000101300cf2500000dae8f
:10b64c000000a281f7ff5f24ff00f8331800192fc8
:10b65c006d00201306200f0301008630f7ffc05445
:10b66c000100ad258000073c040000101300e82405
:10b67c0000000dae0000a281f7ff5f24ff00e9334c
:10b68c0018002a2d6f0040110618280101006e3099
:10b69c00f7ffc0550100ad257aff001003001124ff
:10b6ac00019d133cfb0c410f8c9964261000a527bf
:10b6bc0071d1400f2520000272ff401425884000f4
:10b6cc001000ad8f01000f242300af152c00bf8f8d
:10b6dc002800b38f2400b28f2000b18f25200002e8
:10b6ec001c00b08f253000002528000012c8400b2c
:10b6fc003000bd27019d183cfb0c410f809904279d
:10b70c002c00bf8f2800b38f2400b28f2000b18f84
:10b71c00252000021c00b08f2538000025300000c9
:10b72c00252800001382400b3000bd27019d193cd9
:10b73c00fb0c410fbc9924272c00bf8f2800b38f22
:10b74c002400b28f2000b18f252000021c00b08f86
:10b75c008fe7400b3000bd274aff00100200112478
:10b76c0000006d8e0100ae2500006eae253060022b
:10b77c0025284002036d400f2520000240ff401495
:10b78c0080000f3c00000d8e020000101300f82505
:10b79c0000000dae0000ae81f7ffcf25ff00f931a0
:10b7ac0018003f2f1300e013063038030100c73098
:10b7bc00f7ffe0540100ad258000083c04000010a8
:10b7cc001300092500000dae0000ae81f7ffcf2558
:10b7dc00ff00ea3118004b2d1100601106284901b9
:10b7ec000100a330f7ff60540100ad2525ff0010c8
:10b7fc00040011242c0002240900c2150100a42508
:10b80c00daff0010000004ae2c001f240e005f14a1
:10b81c007d000b240100a2257aff0010000002ae6f
:10b82c005d000c2417ffcc55040011240000728e0f
:10b83c000100ac25ffff452600000cae11ff0010e7
:10b84c00000065ae7d000b24f9ff4b500000728e9a
:08b85c000cff00100300112491
:020000040000fa
:020000041d01dc
:10b864000000c98cba00a0100400ca8c4e00032446
:10b8740001000224f400a210000083a02c0008247c
:10b8840025382a01c200e010010088a00200072424
:10b89400d8ffbd271c00b0afcccc103ccdcc0b36b0
:10b8a4002400b3af2000b2af25c00000ffff79250c
:10b8b40000910a00029f09002518530200d8227d36
:10b8c40000d86c7c21684c0002460a002170a80153
:10b8d4001900cb012580000310780000010018270f
:10b8e40082900f0004080f7c2198f2012318d301e1
:10b8f4002310230119084b002b4022011800590082
:10b9040023684801129020000000ab7142781200b5
:10b9140080700f002198ee011210000010602000ca
:10b924004018130021604c00234023012178b80300
:10b9340030000e252510400142901200c0570c0023
:10b9440025982001ffffeea125485201d8ff40149d
:10b9540042500c000a006c2ed6ff805100910a0060
:10b9640003000b322b98e5002180b00329006011fd
:10b974003f00192409006012216887000000038237
:10b98400e0ff6824ff0018315f000f2f0a182f030f
:10b994000100e7240000a3a12b98e500ffff102677
:10b9a40001000e241b006e112590000202000224e7
:10b9b4000d006211000000000b006052ffff5026d2
:10b9c4000000108221988700e0ff0926ff002a3139
:10b9d4005f004c2d0a802c030100e724000070a2b4
:10b9e4002b98e500ffff50260900601221188700fc
:10b9f40000000b82e0ff6d25ff00a8315f00182dc9
:10ba04000a5838030100e72400006ba02b98e500d6
:10ba1400ffff1026090060122178870000000e82c3
:10ba24000100e724e0ffd225ff0042325f00532cdf
:10ba34000a7033030000eea12b98e500214887002b
:10ba44002100b013ffff0d26f2ff6012fdffb025a9
:10ba54000000a2810100e724e0ff5324ff007032bc
:10ba64005f000a2e0a102a032b98e5002160870044
:10ba740013006012000022a1ffffa9810100e72446
:10ba8400e0ff2b25ff0063315f00782c0a48380360
:10ba94002b98e5002178870009006012000089a135
:10baa400feffa8810100e724e0ff0e25ff00d2314c
:10bab4005f00422e0a4022030000e8a12b98e50013
:10bac400d4ff0010fdffb025260060120800cf8cc3
:10bad40021c887002c000624000026a30000f08162
:10bae4000100e724100000122b40e5002b40e50084
:10baf4003f000a24e0ff0c26ff008b315f00632d1a
:10bb04000a80430121c08700040000110100ef25d1
:10bb14000100e724000010a32b40e5000000f081a1
:10bb2400f5ff0016e0ff0c26110000110100e224cd
:10bb3400212087000a000524000085a02400b38f7b
:10bb44002000b28f1c00b08f0800e0032800bd273e
:10bb540025c02a0136000013253800004cff0010d0
:10bb6400000000000000f081e1ff00162b40e5001a
:10bb74002b00a014217085002510e0002400b38f51
:10bb84002000b28f1c00b08f0800e0032800bd27fe
:10bb9400020009243b00a91030000b2403000a24ee
:10bba40002008ba02b6045013c0080110800cb8c67
:10bbb40021688a002c0006240000a6a100006e81e2
:10bbc40001004a251000c0112b1845012b1845010e
:10bbd4003f000d24e0ffd925ff0026335f00cc2c65
:10bbe4000a70ac0121488a000400601001006b2532
:10bbf40001004a2500002ea12b18450100006e818a
:10bc0400f5ffc015e0ffd92516006010010042259c
:10bc140021208a000a0005240800e003000085a012
:10bc24000a001224ffffd2a1d4ff00102510e00067
:10bc34000800cb8c00006e81e4ffc0152550000085
:10bc44000800e0032510400125782a0110ffe015c3
:10bc5400010007240800cb8c00006e81dbffc015b7
:10bc640001000a240500a0502510400121c08500d0
:10bc74000a000f24ffff0fa3251040010800e00372
:10bc8400000000000800cb8c00006e81cfffc015bf
:10bc940002000a24f6ff001021c0850000006e8116
:10bca400cbffc0152b184501eeff0010000000006b
:020000040000fa
:020000041d01dc
:10bcb4000000c98cba00a0100400ca8c46000324fa
:10bcc40001000224f400a210000083a02c00082428
:10bcd40025382a01c200e010010088a002000724d0
:10bce400d8ffbd271c00b0afcccc103ccdcc0b365c
:10bcf4002400b3af2000b2af25c00000ffff7925b8
:10bd040000910a00029f09002518530200d8227de1
:10bd140000d86c7c21684c0002460a002170a801fe
:10bd24001900cb01258000031078000001001827ba
:10bd340082900f0004080f7c2198f2012318d3018c
:10bd44002310230119084b002b402201180059002d
:10bd540023684801129020000000ab714278120061
:10bd640080700f002198ee01121000001060200076
:10bd74004018130021604c00234023012178b803ac
:10bd840030000e252510400142901200c0570c00cf
:10bd940025982001ffffeea125485201d8ff401449
:10bda40042500c000a006c2ed6ff805100910a000c
:10bdb40003000b322b98e5002180b00329006011a9
:10bdc4003f001924090060122168870000000382e3
:10bdd400e0ff6824ff0018315f000f2f0a182f03bb
:10bde4000100e7240000a3a12b98e500ffff102623
:10bdf40001000e241b006e11259000020200022493
:10be04000d006211000000000b006052ffff50267d
:10be14000000108221988700e0ff0926ff002a31e4
:10be24005f004c2d0a802c030100e724000070a25f
:10be34002b98e500ffff50260900601221188700a7
:10be440000000b82e0ff6d25ff00a8315f00182d74
:10be54000a5838030100e72400006ba02b98e50082
:10be6400ffff1026090060122178870000000e826f
:10be74000100e724e0ffd225ff0042325f00532c8b
:10be84000a7033030000eea12b98e50021488700d7
:10be94002100b013ffff0d26f2ff6012fdffb02555
:10bea4000000a2810100e724e0ff5324ff00703268
:10beb4005f000a2e0a102a032b98e50021608700f0
:10bec40013006012000022a1ffffa9810100e724f2
:10bed400e0ff2b25ff0063315f00782c0a4838030c
:10bee4002b98e5002178870009006012000089a1e1
:10bef400feffa8810100e724e0ff0e25ff00d231f8
:10bf04005f00422e0a4022030000e8a12b98e500be
:10bf1400d4ff0010fdffb025260060120800cf8c6e
:10bf240021c887002c000624000026a30000f0810d
:10bf34000100e724100000122b40e5002b40e5002f
:10bf44003f000a24e0ff0c26ff008b315f00632dc5
:10bf54000a80430121c08700040000110100ef257d
:10bf64000100e724000010a32b40e5000000f0814d
:10bf7400f5ff0016e0ff0c26110000110100e22479
:10bf8400212087000a000524000085a02400b38f27
:10bf94002000b28f1c00b08f0800e0032800bd27ea
:10bfa40025c02a0136000013253800004cff00107c
:10bfb400000000000000f081e1ff00162b40e500c6
:10bfc4002b00a014217085002510e0002400b38ffd
:10bfd4002000b28f1c00b08f0800e0032800bd27aa
:10bfe400020009243b00a91030000b2403000a249a
:10bff40002008ba02b6045013c0080110800cb8c13
:10c0040021688a002c0006240000a6a100006e818d
:10c0140001004a251000c0112b1845012b184501b9
:10c024003f000d24e0ffd925ff0026335f00cc2c10
:10c034000a70ac0121488a000400601001006b25dd
:10c0440001004a2500002ea12b18450100006e8135
:10c05400f5ffc015e0ffd925160060100100422548
:10c0640021208a000a0005240800e003000085a0be
:10c074000a001224ffffd2a1d4ff00102510e00013
:10c084000800cb8c00006e81e4ffc0152550000031
:10c094000800e0032510400125782a0110ffe0156f
:10c0a400010007240800cb8c00006e81dbffc01563
:10c0b40001000a240500a0502510400121c085007c
:10c0c4000a000f24ffff0fa3251040010800e0031e
:10c0d400000000000800cb8c00006e81cfffc0156b
:10c0e40002000a24f6ff001021c0850000006e81c2
:10c0f400cbffc0152b184501eeff00100000000017
:020000040000fa
:020000041d01dc
:10c104000000c28c0400c38cd0ffbd272800b2af4e
:10c114001000a2af2590c0001400a3af550007245f
:10c124001800a6272c00bfaf2400b1af2000b0af89
:10c134002588a00025808000d555400f1800a0afa9
:10c144000800479225200002000087441800a62713
:10c1540060008046000807444f86400f25282002cf
:10c16400090044920a00082400108444e010804628
:10c1740000180944ff002a31ae004811db000f24e7
:10c1840057004f151800a68f1800a28f01005824dd
:10c194002bc811030800201321f8020221181802e9
:10c1a40002004224dbff0724ddff04240000e7a390
:10c1b4001800a2af000064a0003a2a7d0a000524fa
:10c1c4005100455101004f24db000b24ac004b11fe
:10c1d400010046242b6051000500801101004d240c
:10c1e400217002021800adaf0000caa12510a00101
:10c1f400003c2d7d0a0018245100b811024e09009c
:10c20400db000824a900a81101004a242b7851005e
:10c214006400e0110100592421f802021800b9afaa
:10c224000000eda30a000324530023510100292731
:10c23400db000224af0022152b383103010038271c
:10c244002b7811035c00e01121f81902211818025f
:10c2540002003927dbff0224ddff07240000e2a3ec
:10c264001800b9af000067a00a0044921800a6277e
:10c2740000208444252820026021804600280744a9
:10c284004f86400f252000020b0052921800a6276b
:10c294000030924425282002e031804600380744cb
:10c2a4004f86400f252000021800a28f2b3051002a
:10c2b4005800c01021581102218002020a001124e2
:10c2c40001004224000011a22c00bf8f2800b28f6d
:10c2d4002400b18f2000b08f0800e0033000bd2798
:10c2e4002b10d100600040100100c224214006023e
:10c2f40000000aa10a000524003a2a7db2ff451570
:10c304001800a2af01004f242bc8f1017f002013b5
:10c3140021f8020221180f0202004224dbff072445
:10c32400dcff0424003c2d7d0a0018240000e7a350
:10c334001800a2af024e0900b1ffb815000064a0b6
:10c3440001004f242bc8f1017400201321f80202cc
:10c354000200592421180f02dbff0224dcff07240a
:10c364000000e2a3000067a00a000324b0ff231525
:10c374001800b9af010029272b4031010e0000112c
:10c384002158190202002c2721680902dbff052429
:10c39400dcff0e24000065a11800acafb2ff001052
:10c3a4000000aea10a000a2465002a5101004924b4
:10c3b40061002811010058240a004a921800a62797
:10c3c40000408a44252820026042804600480744f1
:10c3d4004f86400f252000020b0049921800a62723
:10c3e4000050894425282002e05280460058074422
:10c3f4004f86400f252000021800a28f2b405100c9
:10c40400aeff005521800202b0ff20122c00bf8f26
:10c41400215811020a000c24ffff6ca12c00bf8fcd
:10c424002800b28f2400b18f2000b08f0800e003f1
:10c434003000bd271800a28f010046242b28d1000c
:10c444005dffa0102158020221600602020042246e
:10c45400dbff0d24dcff0e2400006da11800a2af49
:10c4640055ff001000008ea1003a387da5ff081387
:10c474002510c0005fff0f17003c2d7d01004624ee
:10c484002b40d10021000011215002022158060244
:10c4940002004224dbff0524ddff0c24000045a13b
:10c4a4001800a2af52ff001000006ca12b585101dc
:10c4b40009006011212802020200592421600a02a5
:10c4c400dbff0d24ddff0e240000ada01800b9af82
:10c4d40054ff001000008ea10a001824b7ff385141
:10c4e4000a004a92b5ff2d510a004a9225c840001d
:10c4f4002b383103b0ffe010010026272120190258
:10c504001800a6af58ff0010000089a0003c2d7d44
:10c514000a000e243affae15024e09000a00042454
:10c52400a5ff2411db000624a4ff26510a004a9229
:10c53400efff001025c8400041ff001025c840004f
:08c544008dff001025c8400026
:020000040000fa
:020000041d01dc
:10c54c00d8f7bd272008b4af1c08b3af1008b0afa4
:10c55c002408bfaf1808b2af1408b1af25988000fb
:10c56c002580a000019d143c0400028e2800668edc
:10c57c000008052409f840001000a427b80040105a
:10c58c001000b127030043305a00601021902202a2
:10c59c000100052419006510020006240d006650e8
:10c5ac000c040e8e0c04078e1000a8932148070271
:10c5bc000a000a240c0028a1db000a110100e72460
:10c5cc000004eb2c610060110c0407ae1100b127c4
:10c5dc000c040e8e00002f9221c00e020a001924aa
:10c5ec000c000fa3c700f9110100c7250004ff2c94
:10c5fc005000e0130c0407ae010031260c04058e2c
:10c60c0000002692212005020a0008240c0086a0b6
:10c61c009b00c8100100a7240004e92c8100201104
:10c62c000c0407ae01003126cfff32120a000e2493
:10c63c000c04078e00002c92216807020c00aca1a0
:10c64c0033008e150100e7240c0018925e001924ab
:10c65c000c000626252800029200191325206002e2
:10c66c00cf83400f000000000c0400ae0c041f8ea2
:10c67c000100229221281f020a0003240100312606
:10c68c000c00a2a06d0043100100e7270004e62c6b
:10c69c004f00c0100c0407ae0c04098e01002a9246
:10c6ac00215809020a000c240c006aa154004c11f8
:10c6bc00010027250004ed2c3000a0110c0407ae5e
:10c6cc000c04078e0200389221c807020a001f24ae
:10c6dc000c0038a335001f130100e7240004e22ce2
:10c6ec00200040100c0407ae030031269fff32528d
:10c6fc000400028e0c04078e00002c9221680702a5
:10c70c000a000e240c00aca1cfff8e110100e7240f
:10c71c000004ef2cd5ffe0150c0407ae0000068ecc
:10c72c0018a38526e207410f25206002cfff0010d9
:10c73c000c0400ae0000068e18a38526e207410ffc
:10c74c0025206002acff00100c0400ae0000068e29
:10c75c0018a38526e207410f252060029bff0010dd
:10c76c000c0400ae0000068e18a38526e207410fcc
:10c77c0025206002dcff00100c0400ae0000068ec9
:10c78c0018a38526e207410f252060020c0400ae99
:10c79c000c04078e0200389221c807020a001f24dd
:10c7ac000c0038a3cdff1f170100e7240c000592e5
:10c7bc005e0003244900a3100c0006262528000265
:10c7cc00cf83400f25206002c7ff00100c0400ae81
:10c7dc000000068e18a38526e207410f2520600273
:10c7ec000c0400ae0c04098e01002a922158090297
:10c7fc000a000c240c006aa1aeff4c150100272581
:10c80c000c000e925e000f242f00cf110c00062698
:10c81c0025280002cf83400f25206002a8ff0010be
:10c82c000c0400ae0000068e18a38526e207410f0b
:10c83c00252060027bff00100c0400ae0c0004925b
:10c84c005e0008241b0088100c0006262528000218
:10c85c00cf83400f252060028fff00100c0400ae28
:10c86c002408bf8f2008b48f1c08b38f1808b28f10
:10c87c001408b18f1008b08f0800e0032808bd27fa
:10c88c000c000a925e000b2419004b110c000626ba
:10c89c0025280002cf83400f2520600261ff001085
:10c8ac000c0400aebee7400f000000006fff00104c
:10c8bc000c0400ae25280002bee7400f25206002c4
:10c8cc0075ff00100c0400ae25280002bee7400fd7
:10c8dc00252060027aff00100c0400ae252800020f
:10c8ec00bee7400f252060027fff00100c0400ae55
:10c8fc0025280002bee7400f2520600249ff0010ea
:10c90c000c0400ae0c0003925e00022414006210b2
:10c91c000c00062625280002cf83400f252060023c
:10c92c0035ff00100c0400ae0c000c925e000d24c0
:10c93c0006008d110c00062625280002cf83400f1f
:10c94c002520600221ff00100c0400ae25280002f7
:10c95c00bee7400f252060021cff00100c0400ae47
:10c96c0025280002bee7400f2520600222ff0010a0
:04c97c000c0400aef9
:020000040000fa
:020000041d01dc
:10c980000000c28c0400c38cd0ffbd271000a2aff2
:10c990001400a3af2800b2af510007242590c000b7
:10c9a0001800a6272c00bfaf2400b1af2000b0af05
:10c9b0002588a00025808000d555400f1800a0af25
:10c9c0000800478e1800a627252820024f86400f12
:10c9d000252000020c00478e252000021800a62703
:10c9e0004f86400f252820021000488e0a00092497
:10c9f000ff000431a5008910db000d244c008d14cc
:10ca00001800a68f1800a28f01004e242b78d101a8
:10ca10000800e01121c0020221c80e0202004224d7
:10ca2000dbff1f24ddff032400001fa31800a2afbb
:10ca3000000023a3003a047d0a0005244600855027
:10ca400001004d24db000724a300871001004624c9
:10ca50002b5051000500401101004b2421600202bf
:10ca60001800abaf000084a125106001003c0b7dd5
:10ca70000a000e2446006e1102460800db0009245d
:10ca8000a0006911010047242b6851006a00a01121
:10ca900001004f2421c002021800afaf00000ba319
:10caa0000a001924480019510100e825db0002247e
:10cab000a60002152bf8f1010100ed252b20b10194
:10cac0006200801021c00f0221c80d020200ef2574
:10cad000dbff0224ddff1f24000002a31800afaf1c
:10cae00000003fa31400478e1800a6272528200227
:10caf0004f86400f252000021800a28f2b90510076
:10cb00004500401221301102218002020a00112446
:10cb1000000011a22c00bf8f2800b28f2400b18f1b
:10cb20002000b08f010042240800e0033000bd2740
:10cb30002b10d100620040100100c22421480602df
:10cb4000000024a10a000524003a047dbdff8514dd
:10cb50001800a2af01004d242b78b1018100e01133
:10cb600021c0020221c80d0202004224dbff1f2463
:10cb7000dcff0324003c0b7d0a000e2400001fa3f1
:10cb80001800a2af02460800bcff6e15000023a3e8
:10cb900001004d242b78b1017600e01121c0020282
:10cba00002004f2421c80d02dbff0224dcff1f24fa
:10cbb000000002a300003fa30a001924bbff1915bf
:10cbc0001800afaf0100e8252b4811011f0020110c
:10cbd00021500f020200eb2521600802dbff052433
:10cbe000dcff0e24000045a11800abaf00008ea1b1
:10cbf0001400478e1800a627252820024f86400fd4
:10cc0000252000021800a28f2b905100bfff405634
:10cc100021800202213011020a000724ffffc7a071
:10cc20002c00bf8f2800b28f2400b18f2000b08f5e
:10cc30000800e0033000bd270a0007245600075112
:10cc4000010048245200091101004d241400478eb0
:10cc50001800a627252820024f86400f2520000215
:10cc60001800a28f2b185100a8ff605421800202e7
:10cc7000e8ff20162c00bf8f2800b28f2400b18f50
:10cc80002000b08f0800e0033000bd271800a28ffd
:10cc9000010046242b28d10066ffa0102138020293
:10cca0002150060202004224dbff0b24dcff0c248f
:10ccb0000000eba01800a2af5eff001000004ca126
:10ccc000003a0e7da3ffc9112510c00068ffcd15e5
:10ccd000003c0b7d010046242b48d100210020118f
:10cce000212802022120060202004224dbff072441
:10ccf000ddff0a240000a7a01800a2af5bff001010
:10cd000000008aa02b28f1000900a0102150020287
:10cd100002004f2421580702dbff0c24ddff0e2404
:10cd200000004ca11800afaf5dff001000006ea125
:10cd30000a000424c6ff04511400478ec4ff0b519f
:10cd40001400478e257840002bf8f101bfffe01357
:10cd50000100e32521300f021800a3af61ff00108e
:10cd60000000c8a0003c0b7d0a000c2443ff6c159a
:10cd7000024608000a000324b4ff0311db00062466
:10cd8000b3ff06511400478eefff001025784000d6
:10cd90004aff0010257840008bff001025784000e6
:020000040000fa
:020000041d01dc
:10cda0000c00a230ff00401400000000ffff8324ad
:10cdb000feff682cf50000110000000000008990c3
:10cdc000f200201100000000b8ffbd273400b5af0d
:10cdd0002c00b3af0c00958c0f00b33080201300f3
:10cde0003c00b7af3800b6af25b8c00025b0e000b2
:10cdf0006c00a68e21389300c05007004000beafe3
:10ce00002800b2af4400bfaf5400b28e3000b4afc0
:10ce10002400b1af2000b0af25f060021c00601606
:10ce20002158ca000c00758d2000668d0100be36a9
:10ce30000100c73401001324000060ad040076a592
:10ce4000080077ad0c007ead140060ad180076a52b
:10ce50001c0077ad200067ad060053a64400bf8fcd
:10ce60004000be8f3c00b78f3800b68f3400b58fbe
:10ce70003000b48f2c00b38f2800b28f2400b18f04
:10ce80002000b08f251000000800e0034800bd27f7
:10ce9000c261050014000d240a680c0021886d0190
:10cea0000c002e8e0100b4920100cf35202c057ca1
:10ceb0000200b0921000a5af000020ae040036a61c
:10cec000080037ae6c0080160c002fae060000166e
:10ced000010019246800b892e1ff19174400bf8fc0
:10cee0006800a0a225a02001a308410f6000a48e25
:10cef0000200b092630000161800a2afa308410f11
:10cf00006400a48e6100c0121400a2af01001f24af
:10cf1000a000df12010005240100102440101000c1
:10cf2000ffff50302b181602fdff60144010100058
:10cf300025280002dc6b400f2520a00225200000e0
:10cf4000428010000100083225488000fcff0011db
:10cf500001008424feff26250f00c7301000ab8f90
:10cf6000100022a6ff007332ff07d6324c00600586
:10cf7000ff1f4a300c004c8e0e004d920100112410
:10cf800004186d7e0e004da214004e96001c8f7d7d
:10cf90000450ce7e14004ea6660045960460457d82
:10cfa000660045a616005892c439387e160058a26d
:10cfb000630059920418f97c630059a25b00f112d6
:10cfc00003001f246900ff120000000017005792a1
:10cfd0000421177c170057a2170042928431027c6b
:10cfe000170042a20e004992010006240418e97db0
:10cff0000e0049a20800449604f0c6032538c40375
:10d00000fffff330080053a60100b292050040561e
:10d010000200a9921800a88f4d0000150000000022
:10d020000200a992030020151400a48f440080146c
:10d03000000000008aff80124400bf8f010014240a
:10d040006800b4a24400bf8f4000be8f3c00b78f81
:10d050003800b68f3400b58f3000b48f2c00b38ffa
:10d060002800b28f2400b18f2000b08f251000005f
:10d070000800e0034800bd2725a000009fff001224
:10d080001800a0afa1ffc0161400a0af2528000013
:10d09000dc6b400f2520a002a8ff001025800000b7
:10d0a0000c004b8e0e004c9201000d2404186c7e77
:10d0b0000e004ca210005196ff00ee320450d17ebb
:10d0c000100051a664005696001c6f7d0460567dca
:10d0d000640056a612004a928431aa7d12004aa228
:10d0e000620045920418e57c620045a21300589244
:10d0f0001b00cd518431d87d8431187c130058a297
:10d100000e005992010017240418f97d0e0059a24f
:10d1100006005f960410d70325185f00ffff7030ec
:10d12000060050a6b9ff00100100b2921700489205
:10d130008431e87e170048a2aaff0010000000001a
:10d140000c0f410f6400a48ebaff00100000000015
:10d150000c0f410f6000a48eb2ff00100200a992d4
:10d16000130058a2e6ff00100000000017004392d1
:10d170000421237e170043a2170050928431107cb3
:10d18000170050a297ff0010000000000800e00305
:10d1900083ff0224dc6b400f2520a0026fff0010ec
:0cd1a0000d0007240800e00384ff0224b7
:020000040000fa
:020000041d01dc
:10d1ac00888888888888888e888888e8888888ee27
:10d1bc0088888e8888888e8e88888ee888888eeeff
:10d1cc008888e8888888e88e8888e8e88888e8ee87
:10d1dc008888ee888888ee8e8888eee88888eeee5f
:10d1ec00888e8888888e888e888e88e8888e88eecf
:10d1fc00888e8e88888e8e8e888e8ee8888e8eeea7
:10d20c00888ee888888ee88e888ee8e8888ee8ee2e
:10d21c00888eee88888eee8e888eeee8888eeeee06
:10d22c0088e8888888e8888e88e888e888e888ee26
:10d23c0088e88e8888e88e8e88e88ee888e88eeefe
:10d24c0088e8e88888e8e88e88e8e8e888e8e8ee86
:10d25c0088e8ee8888e8ee8e88e8eee888e8eeee5e
:10d26c0088ee888888ee888e88ee88e888ee88eece
:10d27c0088ee8e8888ee8e8e88ee8ee888ee8eeea6
:10d28c0088eee88888eee88e88eee8e888eee8ee2e
:10d29c0088eeee8888eeee8e88eeeee888eeeeee06
:10d2ac008e8888888e88888e8e8888e88e8888ee0e
:10d2bc008e888e888e888e8e8e888ee88e888eeee6
:10d2cc008e88e8888e88e88e8e88e8e88e88e8ee6e
:10d2dc008e88ee888e88ee8e8e88eee88e88eeee46
:10d2ec008e8e88888e8e888e8e8e88e88e8e88eeb6
:10d2fc008e8e8e888e8e8e8e8e8e8ee88e8e8eee8e
:10d30c008e8ee8888e8ee88e8e8ee8e88e8ee8ee15
:10d31c008e8eee888e8eee8e8e8eeee88e8eeeeeed
:10d32c008ee888888ee8888e8ee888e88ee888ee0d
:10d33c008ee88e888ee88e8e8ee88ee88ee88eeee5
:10d34c008ee8e8888ee8e88e8ee8e8e88ee8e8ee6d
:10d35c008ee8ee888ee8ee8e8ee8eee88ee8eeee45
:10d36c008eee88888eee888e8eee88e88eee88eeb5
:10d37c008eee8e888eee8e8e8eee8ee88eee8eee8d
:10d38c008eeee8888eeee88e8eeee8e88eeee8ee15
:10d39c008eeeee888eeeee8e8eeeeee88eeeeeeeed
:10d3ac00e8888888e888888ee88888e8e88888eea5
:10d3bc00e8888e88e8888e8ee8888ee8e8888eee7d
:10d3cc00e888e888e888e88ee888e8e8e888e8ee05
:10d3dc00e888ee88e888ee8ee888eee8e888eeeedd
:10d3ec00e88e8888e88e888ee88e88e8e88e88ee4d
:10d3fc00e88e8e88e88e8e8ee88e8ee8e88e8eee25
:10d40c00e88ee888e88ee88ee88ee8e8e88ee8eeac
:10d41c00e88eee88e88eee8ee88eeee8e88eeeee84
:10d42c00e8e88888e8e8888ee8e888e8e8e888eea4
:10d43c00e8e88e88e8e88e8ee8e88ee8e8e88eee7c
:10d44c00e8e8e888e8e8e88ee8e8e8e8e8e8e8ee04
:10d45c00e8e8ee88e8e8ee8ee8e8eee8e8e8eeeedc
:10d46c00e8ee8888e8ee888ee8ee88e8e8ee88ee4c
:10d47c00e8ee8e88e8ee8e8ee8ee8ee8e8ee8eee24
:10d48c00e8eee888e8eee88ee8eee8e8e8eee8eeac
:10d49c00e8eeee88e8eeee8ee8eeeee8e8eeeeee84
:10d4ac00ee888888ee88888eee8888e8ee8888ee8c
:10d4bc00ee888e88ee888e8eee888ee8ee888eee64
:10d4cc00ee88e888ee88e88eee88e8e8ee88e8eeec
:10d4dc00ee88ee88ee88ee8eee88eee8ee88eeeec4
:10d4ec00ee8e8888ee8e888eee8e88e8ee8e88ee34
:10d4fc00ee8e8e88ee8e8e8eee8e8ee8ee8e8eee0c
:10d50c00ee8ee888ee8ee88eee8ee8e8ee8ee8ee93
:10d51c00ee8eee88ee8eee8eee8eeee8ee8eeeee6b
:10d52c00eee88888eee8888eeee888e8eee888ee8b
:10d53c00eee88e88eee88e8eeee88ee8eee88eee63
:10d54c00eee8e888eee8e88eeee8e8e8eee8e8eeeb
:10d55c00eee8ee88eee8ee8eeee8eee8eee8eeeec3
:10d56c00eeee8888eeee888eeeee88e8eeee88ee33
:10d57c00eeee8e88eeee8e8eeeee8ee8eeee8eee0b
:10d58c00eeeee888eeeee88eeeeee8e8eeeee8ee93
:10d59c00eeeeee88eeeeee8eeeeeeee8eeeeeeee6b
:10d5ac00888888888888888e888888e8888888ee23
:10d5bc0088888e8888888e8e88888ee888888eeefb
:10d5cc008888e8888888e88e8888e8e88888e8ee83
:10d5dc008888ee888888ee8e8888eee88888eeee5b
:10d5ec00888e8888888e888e888e88e8888e88eecb
:10d5fc00888e8e88888e8e8e888e8ee8888e8eeea3
:10d60c00888ee888888ee88e888ee8e8888ee8ee2a
:10d61c00888eee88888eee8e888eeee8888eeeee02
:10d62c0088e8888888e8888e88e888e888e888ee22
:10d63c0088e88e8888e88e8e88e88ee888e88eeefa
:10d64c0088e8e88888e8e88e88e8e8e888e8e8ee82
:10d65c0088e8ee8888e8ee8e88e8eee888e8eeee5a
:10d66c0088ee888888ee888e88ee88e888ee88eeca
:10d67c0088ee8e8888ee8e8e88ee8ee888ee8eeea2
:10d68c0088eee88888eee88e88eee8e888eee8ee2a
:10d69c0088eeee8888eeee8e88eeeee888eeeeee02
:10d6ac008e8888888e88888e8e8888e88e8888ee0a
:10d6bc008e888e888e888e8e8e888ee88e888eeee2
:10d6cc008e88e8888e88e88e8e88e8e88e88e8ee6a
:10d6dc008e88ee888e88ee8e8e88eee88e88eeee42
:10d6ec008e8e88888e8e888e8e8e88e88e8e88eeb2
:10d6fc008e8e8e888e8e8e8e8e8e8ee88e8e8eee8a
:10d70c008e8ee8888e8ee88e8e8ee8e88e8ee8ee11
:10d71c008e8eee888e8eee8e8e8eeee88e8eeeeee9
:10d72c008ee888888ee8888e8ee888e88ee888ee09
:10d73c008ee88e888ee88e8e8ee88ee88ee88eeee1
:10d74c008ee8e8888ee8e88e8ee8e8e88ee8e8ee69
:10d75c008ee8ee888ee8ee8e8ee8eee88ee8eeee41
:10d76c008eee88888eee888e8eee88e88eee88eeb1
:10d77c008eee8e888eee8e8e8eee8ee88eee8eee89
:10d78c008eeee8888eeee88e8eeee8e88eeee8ee11
:10d79c008eeeee888eeeee8e8eeeeee88eeeeeeee9
:10d7ac00e8888888e888888ee88888e8e88888eea1
:10d7bc00e8888e88e8888e8ee8888ee8e8888eee79
:10d7cc00e888e888e888e88ee888e8e8e888e8ee01
:10d7dc00e888ee88e888ee8ee888eee8e888eeeed9
:10d7ec00e88e8888e88e888ee88e88e8e88e88ee49
:10d7fc00e88e8e88e88e8e8ee88e8ee8e88e8eee21
:10d80c00e88ee888e88ee88ee88ee8e8e88ee8eea8
:10d81c00e88eee88e88eee8ee88eeee8e88eeeee80
:10d82c00e8e88888e8e8888ee8e888e8e8e888eea0
:10d83c00e8e88e88e8e88e8ee8e88ee8e8e88eee78
:10d84c00e8e8e888e8e8e88ee8e8e8e8e8e8e8ee00
:10d85c00e8e8ee88e8e8ee8ee8e8eee8e8e8eeeed8
:10d86c00e8ee8888e8ee888ee8ee88e8e8ee88ee48
:10d87c00e8ee8e88e8ee8e8ee8ee8ee8e8ee8eee20
:10d88c00e8eee888e8eee88ee8eee8e8e8eee8eea8
:10d89c00e8eeee88e8eeee8ee8eeeee8e8eeeeee80
:10d8ac00ee888888ee88888eee8888e8ee8888ee88
:10d8bc00ee888e88ee888e8eee888ee8ee888eee60
:10d8cc00ee88e888ee88e88eee88e8e8ee88e8eee8
:10d8dc00ee88ee88ee88ee8eee88eee8ee88eeeec0
:10d8ec00ee8e8888ee8e888eee8e88e8ee8e88ee30
:10d8fc00ee8e8e88ee8e8e8eee8e8ee8ee8e8eee08
:10d90c00ee8ee888ee8ee88eee8ee8e8ee8ee8ee8f
:10d91c00ee8eee88ee8eee8eee8eeee8ee8eeeee67
:10d92c00eee88888eee8888eeee888e8eee888ee87
:10d93c00eee88e88eee88e8eeee88ee8eee88eee5f
:10d94c00eee8e888eee8e88eeee8e8e8eee8e8eee7
:10d95c00eee8ee88eee8ee8eeee8eee8eee8eeeebf
:10d96c00eeee8888eeee888eeeee88e8eeee88ee2f
:10d97c00eeee8e88eeee8e8eeeee8ee8eeee8eee07
:10d98c00eeeee888eeeee88eeeeee8e8eeeee8ee8f
:10d99c00eeeeee88eeeeee8eeeeeeee8eeeeeeee67
:10d9ac00888888888888888e888888e8888888ee1f
:10d9bc0088888e8888888e8e88888ee888888eeef7
:10d9cc008888e8888888e88e8888e8e88888e8ee7f
:10d9dc008888ee888888ee8e8888eee88888eeee57
:10d9ec00888e8888888e888e888e88e8888e88eec7
:10d9fc00888e8e88888e8e8e888e8ee8888e8eee9f
:10da0c00888ee888888ee88e888ee8e8888ee8ee26
:10da1c00888eee88888eee8e888eeee8888eeeeefe
:10da2c0088e8888888e8888e88e888e888e888ee1e
:10da3c0088e88e8888e88e8e88e88ee888e88eeef6
:10da4c0088e8e88888e8e88e88e8e8e888e8e8ee7e
:10da5c0088e8ee8888e8ee8e88e8eee888e8eeee56
:10da6c0088ee888888ee888e88ee88e888ee88eec6
:10da7c0088ee8e8888ee8e8e88ee8ee888ee8eee9e
:10da8c0088eee88888eee88e88eee8e888eee8ee26
:10da9c0088eeee8888eeee8e88eeeee888eeeeeefe
:10daac008e8888888e88888e8e8888e88e8888ee06
:10dabc008e888e888e888e8e8e888ee88e888eeede
:10dacc008e88e8888e88e88e8e88e8e88e88e8ee66
:10dadc008e88ee888e88ee8e8e88eee88e88eeee3e
:10daec008e8e88888e8e888e8e8e88e88e8e88eeae
:10dafc008e8e8e888e8e8e8e8e8e8ee88e8e8eee86
:10db0c008e8ee8888e8ee88e8e8ee8e88e8ee8ee0d
:10db1c008e8eee888e8eee8e8e8eeee88e8eeeeee5
:10db2c008ee888888ee8888e8ee888e88ee888ee05
:10db3c008ee88e888ee88e8e8ee88ee88ee88eeedd
:10db4c008ee8e8888ee8e88e8ee8e8e88ee8e8ee65
:10db5c008ee8ee888ee8ee8e8ee8eee88ee8eeee3d
:10db6c008eee88888eee888e8eee88e88eee88eead
:10db7c008eee8e888eee8e8e8eee8ee88eee8eee85
:10db8c008eeee8888eeee88e8eeee8e88eeee8ee0d
:10db9c008eeeee888eeeee8e8eeeeee88eeeeeeee5
:10dbac00e8888888e888888ee88888e8e88888ee9d
:10dbbc00e8888e88e8888e8ee8888ee8e8888eee75
:10dbcc00e888e888e888e88ee888e8e8e888e8eefd
:10dbdc00e888ee88e888ee8ee888eee8e888eeeed5
:10dbec00e88e8888e88e888ee88e88e8e88e88ee45
:10dbfc00e88e8e88e88e8e8ee88e8ee8e88e8eee1d
:10dc0c00e88ee888e88ee88ee88ee8e8e88ee8eea4
:10dc1c00e88eee88e88eee8ee88eeee8e88eeeee7c
:10dc2c00e8e88888e8e8888ee8e888e8e8e888ee9c
:10dc3c00e8e88e88e8e88e8ee8e88ee8e8e88eee74
:10dc4c00e8e8e888e8e8e88ee8e8e8e8e8e8e8eefc
:10dc5c00e8e8ee88e8e8ee8ee8e8eee8e8e8eeeed4
:10dc6c00e8ee8888e8ee888ee8ee88e8e8ee88ee44
:10dc7c00e8ee8e88e8ee8e8ee8ee8ee8e8ee8eee1c
:10dc8c00e8eee888e8eee88ee8eee8e8e8eee8eea4
:10dc9c00e8eeee88e8eeee8ee8eeeee8e8eeeeee7c
:10dcac00ee888888ee88888eee8888e8ee8888ee84
:10dcbc00ee888e88ee888e8eee888ee8ee888eee5c
:10dccc00ee88e888ee88e88eee88e8e8ee88e8eee4
:10dcdc00ee88ee88ee88ee8eee88eee8ee88eeeebc
:10dcec00ee8e8888ee8e888eee8e88e8ee8e88ee2c
:10dcfc00ee8e8e88ee8e8e8eee8e8ee8ee8e8eee04
:10dd0c00ee8ee888ee8ee88eee8ee8e8ee8ee8ee8b
:10dd1c00ee8eee88ee8eee8eee8eeee8ee8eeeee63
:10dd2c00eee88888eee8888eeee888e8eee888ee83
:10dd3c00eee88e88eee88e8eeee88ee8eee88eee5b
:10dd4c00eee8e888eee8e88eeee8e8e8eee8e8eee3
:10dd5c00eee8ee88eee8ee8eeee8eee8eee8eeeebb
:10dd6c00eeee8888eeee888eeeee88e8eeee88ee2b
:10dd7c00eeee8e88eeee8e8eeeee8ee8eeee8eee03
:10dd8c00eeeee888eeeee88eeeeee8e8eeeee8ee8b
:10dd9c00eeeeee88eeeeee8eeeeeeee8eeeeeeee63
:10ddac00888888888888888e888888e8888888ee1b
:10ddbc0088888e8888888e8e88888ee888888eeef3
:10ddcc008888e8888888e88e8888e8e88888e8ee7b
:10dddc008888ee888888ee8e8888eee88888eeee53
:10ddec00888e8888888e888e888e88e8888e88eec3
:10ddfc00888e8e88888e8e8e888e8ee8888e8eee9b
:10de0c00888ee888888ee88e888ee8e8888ee8ee22
:10de1c00888eee88888eee8e888eeee8888eeeeefa
:10de2c0088e8888888e8888e88e888e888e888ee1a
:10de3c0088e88e8888e88e8e88e88ee888e88eeef2
:10de4c0088e8e88888e8e88e88e8e8e888e8e8ee7a
:10de5c0088e8ee8888e8ee8e88e8eee888e8eeee52
:10de6c0088ee888888ee888e88ee88e888ee88eec2
:10de7c0088ee8e8888ee8e8e88ee8ee888ee8eee9a
:10de8c0088eee88888eee88e88eee8e888eee8ee22
:10de9c0088eeee8888eeee8e88eeeee888eeeeeefa
:10deac008e8888888e88888e8e8888e88e8888ee02
:10debc008e888e888e888e8e8e888ee88e888eeeda
:10decc008e88e8888e88e88e8e88e8e88e88e8ee62
:10dedc008e88ee888e88ee8e8e88eee88e88eeee3a
:10deec008e8e88888e8e888e8e8e88e88e8e88eeaa
:10defc008e8e8e888e8e8e8e8e8e8ee88e8e8eee82
:10df0c008e8ee8888e8ee88e8e8ee8e88e8ee8ee09
:10df1c008e8eee888e8eee8e8e8eeee88e8eeeeee1
:10df2c008ee888888ee8888e8ee888e88ee888ee01
:10df3c008ee88e888ee88e8e8ee88ee88ee88eeed9
:10df4c008ee8e8888ee8e88e8ee8e8e88ee8e8ee61
:10df5c008ee8ee888ee8ee8e8ee8eee88ee8eeee39
:10df6c008eee88888eee888e8eee88e88eee88eea9
:10df7c008eee8e888eee8e8e8eee8ee88eee8eee81
:10df8c008eeee8888eeee88e8eeee8e88eeee8ee09
:10df9c008eeeee888eeeee8e8eeeeee88eeeeeeee1
:10dfac00e8888888e888888ee88888e8e88888ee99
:10dfbc00e8888e88e8888e8ee8888ee8e8888eee71
:10dfcc00e888e888e888e88ee888e8e8e888e8eef9
:10dfdc00e888ee88e888ee8ee888eee8e888eeeed1
:10dfec00e88e8888e88e888ee88e88e8e88e88ee41
:10dffc00e88e8e88e88e8e8ee88e8ee8e88e8eee19
:10e00c00e88ee888e88ee88ee88ee8e8e88ee8eea0
:10e01c00e88eee88e88eee8ee88eeee8e88eeeee78
:10e02c00e8e88888e8e8888ee8e888e8e8e888ee98
:10e03c00e8e88e88e8e88e8ee8e88ee8e8e88eee70
:10e04c00e8e8e888e8e8e88ee8e8e8e8e8e8e8eef8
:10e05c00e8e8ee88e8e8ee8ee8e8eee8e8e8eeeed0
:10e06c00e8ee8888e8ee888ee8ee88e8e8ee88ee40
:10e07c00e8ee8e88e8ee8e8ee8ee8ee8e8ee8eee18
:10e08c00e8eee888e8eee88ee8eee8e8e8eee8eea0
:10e09c00e8eeee88e8eeee8ee8eeeee8e8eeeeee78
:10e0ac00ee888888ee88888eee8888e8ee8888ee80
:10e0bc00ee888e88ee888e8eee888ee8ee888eee58
:10e0cc00ee88e888ee88e88eee88e8e8ee88e8eee0
:10e0dc00ee88ee88ee88ee8eee88eee8ee88eeeeb8
:10e0ec00ee8e8888ee8e888eee8e88e8ee8e88ee28
:10e0fc00ee8e8e88ee8e8e8eee8e8ee8ee8e8eee00
:10e10c00ee8ee888ee8ee88eee8ee8e8ee8ee8ee87
:10e11c00ee8eee88ee8eee8eee8eeee8ee8eeeee5f
:10e12c00eee88888eee8888eeee888e8eee888ee7f
:10e13c00eee88e88eee88e8eeee88ee8eee88eee57
:10e14c00eee8e888eee8e88eeee8e8e8eee8e8eedf
:10e15c00eee8ee88eee8ee8eeee8eee8eee8eeeeb7
:10e16c00eeee8888eeee888eeeee88e8eeee88ee27
:10e17c00eeee8e88eeee8e8eeeee8ee8eeee8eeeff
:10e18c00eeeee888eeeee88eeeeee8e8eeeee8ee87
:10e19c00eeeeee88eeeeee8eeeeeeee8eeeeeeee5f
:10e1ac00888888888888888e888888e8888888ee17
:10e1bc0088888e8888888e8e88888ee888888eeeef
:10e1cc008888e8888888e88e8888e8e88888e8ee77
:10e1dc008888ee888888ee8e8888eee88888eeee4f
:10e1ec00888e8888888e888e888e88e8888e88eebf
:10e1fc00888e8e88888e8e8e888e8ee8888e8eee97
:10e20c00888ee888888ee88e888ee8e8888ee8ee1e
:10e21c00888eee88888eee8e888eeee8888eeeeef6
:10e22c0088e8888888e8888e88e888e888e888ee16
:10e23c0088e88e8888e88e8e88e88ee888e88eeeee
:10e24c0088e8e88888e8e88e88e8e8e888e8e8ee76
:10e25c0088e8ee8888e8ee8e88e8eee888e8eeee4e
:10e26c0088ee888888ee888e88ee88e888ee88eebe
:10e27c0088ee8e8888ee8e8e88ee8ee888ee8eee96
:10e28c0088eee88888eee88e88eee8e888eee8ee1e
:10e29c0088eeee8888eeee8e88eeeee888eeeeeef6
:10e2ac008e8888888e88888e8e8888e88e8888eefe
:10e2bc008e888e888e888e8e8e888ee88e888eeed6
:10e2cc008e88e8888e88e88e8e88e8e88e88e8ee5e
:10e2dc008e88ee888e88ee8e8e88eee88e88eeee36
:10e2ec008e8e88888e8e888e8e8e88e88e8e88eea6
:10e2fc008e8e8e888e8e8e8e8e8e8ee88e8e8eee7e
:10e30c008e8ee8888e8ee88e8e8ee8e88e8ee8ee05
:10e31c008e8eee888e8eee8e8e8eeee88e8eeeeedd
:10e32c008ee888888ee8888e8ee888e88ee888eefd
:10e33c008ee88e888ee88e8e8ee88ee88ee88eeed5
:10e34c008ee8e8888ee8e88e8ee8e8e88ee8e8ee5d
:10e35c008ee8ee888ee8ee8e8ee8eee88ee8eeee35
:10e36c008eee88888eee888e8eee88e88eee88eea5
:10e37c008eee8e888eee8e8e8eee8ee88eee8eee7d
:10e38c008eeee8888eeee88e8eeee8e88eeee8ee05
:10e39c008eeeee888eeeee8e8eeeeee88eeeeeeedd
:10e3ac00e8888888e888888ee88888e8e88888ee95
:10e3bc00e8888e88e8888e8ee8888ee8e8888eee6d
:10e3cc00e888e888e888e88ee888e8e8e888e8eef5
:10e3dc00e888ee88e888ee8ee888eee8e888eeeecd
:10e3ec00e88e8888e88e888ee88e88e8e88e88ee3d
:10e3fc00e88e8e88e88e8e8ee88e8ee8e88e8eee15
:10e40c00e88ee888e88ee88ee88ee8e8e88ee8ee9c
:10e41c00e88eee88e88eee8ee88eeee8e88eeeee74
:10e42c00e8e88888e8e8888ee8e888e8e8e888ee94
:10e43c00e8e88e88e8e88e8ee8e88ee8e8e88eee6c
:10e44c00e8e8e888e8e8e88ee8e8e8e8e8e8e8eef4
:10e45c00e8e8ee88e8e8ee8ee8e8eee8e8e8eeeecc
:10e46c00e8ee8888e8ee888ee8ee88e8e8ee88ee3c
:10e47c00e8ee8e88e8ee8e8ee8ee8ee8e8ee8eee14
:10e48c00e8eee888e8eee88ee8eee8e8e8eee8ee9c
:10e49c00e8eeee88e8eeee8ee8eeeee8e8eeeeee74
:10e4ac00ee888888ee88888eee8888e8ee8888ee7c
:10e4bc00ee888e88ee888e8eee888ee8ee888eee54
:10e4cc00ee88e888ee88e88eee88e8e8ee88e8eedc
:10e4dc00ee88ee88ee88ee8eee88eee8ee88eeeeb4
:10e4ec00ee8e8888ee8e888eee8e88e8ee8e88ee24
:10e4fc00ee8e8e88ee8e8e8eee8e8ee8ee8e8eeefc
:10e50c00ee8ee888ee8ee88eee8ee8e8ee8ee8ee83
:10e51c00ee8eee88ee8eee8eee8eeee8ee8eeeee5b
:10e52c00eee88888eee8888eeee888e8eee888ee7b
:10e53c00eee88e88eee88e8eeee88ee8eee88eee53
:10e54c00eee8e888eee8e88eeee8e8e8eee8e8eedb
:10e55c00eee8ee88eee8ee8eeee8eee8eee8eeeeb3
:10e56c00eeee8888eeee888eeeee88e8eeee88ee23
:10e57c00eeee8e88eeee8e8eeeee8ee8eeee8eeefb
:10e58c00eeeee888eeeee88eeeeee8e8eeeee8ee83
:10e59c00eeeeee88eeeeee8eeeeeeee8eeeeeeee5b
:10e5ac00888888888888888e888888e8888888ee13
:10e5bc0088888e8888888e8e88888ee888888eeeeb
:10e5cc008888e8888888e88e8888e8e88888e8ee73
:10e5dc008888ee888888ee8e8888eee88888eeee4b
:10e5ec00888e8888888e888e888e88e8888e88eebb
:10e5fc00888e8e88888e8e8e888e8ee8888e8eee93
:10e60c00888ee888888ee88e888ee8e8888ee8ee1a
:10e61c00888eee88888eee8e888eeee8888eeeeef2
:10e62c0088e8888888e8888e88e888e888e888ee12
:10e63c0088e88e8888e88e8e88e88ee888e88eeeea
:10e64c0088e8e88888e8e88e88e8e8e888e8e8ee72
:10e65c0088e8ee8888e8ee8e88e8eee888e8eeee4a
:10e66c0088ee888888ee888e88ee88e888ee88eeba
:10e67c0088ee8e8888ee8e8e88ee8ee888ee8eee92
:10e68c0088eee88888eee88e88eee8e888eee8ee1a
:10e69c0088eeee8888eeee8e88eeeee888eeeeeef2
:10e6ac008e8888888e88888e8e8888e88e8888eefa
:10e6bc008e888e888e888e8e8e888ee88e888eeed2
:10e6cc008e88e8888e88e88e8e88e8e88e88e8ee5a
:10e6dc008e88ee888e88ee8e8e88eee88e88eeee32
:10e6ec008e8e88888e8e888e8e8e88e88e8e88eea2
:10e6fc008e8e8e888e8e8e8e8e8e8ee88e8e8eee7a
:10e70c008e8ee8888e8ee88e8e8ee8e88e8ee8ee01
:10e71c008e8eee888e8eee8e8e8eeee88e8eeeeed9
:10e72c008ee888888ee8888e8ee888e88ee888eef9
:10e73c008ee88e888ee88e8e8ee88ee88ee88eeed1
:10e74c008ee8e8888ee8e88e8ee8e8e88ee8e8ee59
:10e75c008ee8ee888ee8ee8e8ee8eee88ee8eeee31
:10e76c008eee88888eee888e8eee88e88eee88eea1
:10e77c008eee8e888eee8e8e8eee8ee88eee8eee79
:10e78c008eeee8888eeee88e8eeee8e88eeee8ee01
:10e79c008eeeee888eeeee8e8eeeeee88eeeeeeed9
:10e7ac00e8888888e888888ee88888e8e88888ee91
:10e7bc00e8888e88e8888e8ee8888ee8e8888eee69
:10e7cc00e888e888e888e88ee888e8e8e888e8eef1
:10e7dc00e888ee88e888ee8ee888eee8e888eeeec9
:10e7ec00e88e8888e88e888ee88e88e8e88e88ee39
:10e7fc00e88e8e88e88e8e8ee88e8ee8e88e8eee11
:10e80c00e88ee888e88ee88ee88ee8e8e88ee8ee98
:10e81c00e88eee88e88eee8ee88eeee8e88eeeee70
:10e82c00e8e88888e8e8888ee8e888e8e8e888ee90
:10e83c00e8e88e88e8e88e8ee8e88ee8e8e88eee68
:10e84c00e8e8e888e8e8e88ee8e8e8e8e8e8e8eef0
:10e85c00e8e8ee88e8e8ee8ee8e8eee8e8e8eeeec8
:10e86c00e8ee8888e8ee888ee8ee88e8e8ee88ee38
:10e87c00e8ee8e88e8ee8e8ee8ee8ee8e8ee8eee10
:10e88c00e8eee888e8eee88ee8eee8e8e8eee8ee98
:10e89c00e8eeee88e8eeee8ee8eeeee8e8eeeeee70
:10e8ac00ee888888ee88888eee8888e8ee8888ee78
:10e8bc00ee888e88ee888e8eee888ee8ee888eee50
:10e8cc00ee88e888ee88e88eee88e8e8ee88e8eed8
:10e8dc00ee88ee88ee88ee8eee88eee8ee88eeeeb0
:10e8ec00ee8e8888ee8e888eee8e88e8ee8e88ee20
:10e8fc00ee8e8e88ee8e8e8eee8e8ee8ee8e8eeef8
:10e90c00ee8ee888ee8ee88eee8ee8e8ee8ee8ee7f
:10e91c00ee8eee88ee8eee8eee8eeee8ee8eeeee57
:10e92c00eee88888eee8888eeee888e8eee888ee77
:10e93c00eee88e88eee88e8eeee88ee8eee88eee4f
:10e94c00eee8e888eee8e88eeee8e8e8eee8e8eed7
:10e95c00eee8ee88eee8ee8eeee8eee8eee8eeeeaf
:10e96c00eeee8888eeee888eeeee88e8eeee88ee1f
:10e97c00eeee8e88eeee8e8eeeee8ee8eeee8eeef7
:10e98c00eeeee888eeeee88eeeeee8e8eeeee8ee7f
:10e99c00eeeeee88eeeeee8eeeeeeee8eeeeeeee57
:020000040000fa
:020000041d01dc
:10e9ac00f0ffbd271400a5af1800a6af1c00a7af41
:10e9bc001400a0c71800a1c71c00a2c72000a38f79
:10e9cc000000a0e71800652c0400a1e70800a2e7ee
:10e9dc00e700a01025108000029d063c802003005b
:10e9ec00fce9c7240a40e47c080000010000000098
:10e9fc007ced019d38eb019d14eb019decea019d32
:10ea0c00d0ea019d74ea019db0ea019d94ea019d52
:10ea1c005cea019d58ed019d3ced019d14ed019dbd
:10ea2c00ecec019dd0ec019da4ec019d7cec019dd6
:10ea3c0058ec019d38ec019d18ec019deceb019d0f
:10ea4c00c4eb019da8eb019d7ceb019d54eb019d5a
:10ea5c000000afc70400b0c70800b1c70800afe79b
:10ea6c000000b0e70400b1e70400a1c70800a2c78a
:10ea7c000000a3c7000041e4040042e4080043e4a2
:10ea8c000800e0031000bd270800b2c70000a48fe7
:10ea9c000080063c263886000000b2e7f2ff00102a
:10eaac000800a7af0800a98f0000ab8f0080083cbe
:10eabc0026502801266068010800aaafeaff001062
:10eacc000000acaf0000b3c70800ae8f00800d3c57
:10eadc002678cd010800b3e7e3ff00100000afafcc
:10eaec000000b5c70400b98f0800a58f0080183c42
:10eafc00263038032618b8000400b5e70800a6af86
:10eb0c00d9ff00100000a3af0000b7c70400b9c7bd
:10eb1c000800a48f0080073c264087000000b9e75e
:10eb2c000800a8afd0ff00100400b7e70000bbc777
:10eb3c000400aa8f0080093c265849010400bbe759
:10eb4c00c9ff00100000abaf0800a3c70000aa8fdc
:10eb5c000400ac8f0080093c2658490126688901c5
:10eb6c000000a3e70400abafbfff00100800adaf7f
:10eb7c000000af8f0800b98f0400a38f00800e3cfb
:10eb8c0026c0ee0126282e0326206e000000a4af1e
:10eb9c000800a5afb4ff00100400b8af0400a4c770
:10ebac000000a78f0080063c2640e6000000a4e78a
:10ebbc00adff00100400a8af0400a5c70000aa8f89
:10ebcc000800ac8f0080093c265849012668890151
:10ebdc000000adaf0800a5e7a3ff00100400abaf29
:10ebec000000af8f0400b98f0800a38f00800e3c8b
:10ebfc0026c0ee0126282e0326206e000000a4afae
:10ec0c000400a5af98ff00100800b8af0400a78f50
:10ec1c000800a98f0080063c2640e60026502601fd
:10ec2c000400a8af90ff00100800aaaf0400ac8f3e
:10ec3c000000ae8f00800b3c26688b012678cb0140
:10ec4c000400adaf88ff00100000afaf0000a6c7f6
:10ec5c000800a7c70400b98f0080183c2628380389
:10ec6c000000a7e70400a5af7fff00100800a6e78f
:10ec7c000400a8c70800a48f0000a78f0080033ce5
:10ec8c00263083002640e3000800a8af0000a8e768
:10ec9c0075ff00100400a6af0800aa8f0000ac8f0f
:10ecac000400ae8f0080093c265849012668890172
:10ecbc002678c9010800afaf0000adaf6aff0010a5
:10eccc000400abaf0400a9c70800b98f0080183c42
:10ecdc00262838030800a9e763ff00100400a5af3d
:10ecec000000aac70800a48f0400a78f0080033c73
:10ecfc00263083002640e3000800aae70400a6aff4
:10ed0c0059ff00100000a8af0800abc70000aa8f85
:10ed1c000400ac8f0080093c265849012668890103
:10ed2c000000adaf0400abe74fff00100800abaf25
:10ed3c000800acc70400af8f00800e3c26c0ee016b
:10ed4c000400ace748ff00100800b8af0800adc7de
:10ed5c000400aec70000a58f0080193c2618b9002e
:10ed6c000800aee70000a3af3fff00100400ade7c2
:10ed7c000000bdc70800bfc70400a0c70400bde762
:0ced8c000000bfe738ff00100800a0e7ff
:020000040000fa
:020000041d01dc
:10ed98000000c28c0400c38cd0ffbd272800b2af8e
:10eda8001000a2af2590c0001400a3af41000724b3
:10edb8001800a6272400b1af2000b0af2c00bfafc9
:10edc800258080002588a000d555400f1800a0afe9
:10edd8000800488e0a000924ff000431a2008910a7
:10ede800db000d2451008d141800a68f1800a28f87
:10edf80001004e242b78d1010800e01121c0020245
:10ee080021c80e0202004224dbff1f24ddff032479
:10ee180000001fa31800a2af000023a3003a047d3e
:10ee28000a0005244b00855001004d24db0007240f
:10ee3800a0008710010046242b5051000500401106
:10ee480001004b24216002021800abaf000084a12e
:10ee580025106001003c0b7d0a000e244b006e114a
:10ee680002460800db0009249d00691101004724bf
:10ee78002b6851005e00a01101004f2421c002023e
:10ee88001800afaf00000ba30a0019244d00195158
:10ee98000100e825db000224a30002152bf8f1018c
:10eea8000100ed252b20b1015600801021c00f0272
:10eeb80021c80d020200ef25dbff0224ddff1f241d
:10eec800000002a31800afaf00003fa30c00478e5c
:10eed8001800a627252820024f86400f252000026b
:10eee8001000478e1800a627252820024f86400fbd
:10eef800252000021800a28f2b90510052004012ca
:10ef080021301102218002020a001124010042244a
:10ef1800000011a22c00bf8f2800b28f2400b18fef
:10ef28002000b08f0800e0033000bd272b10d1006f
:10ef38005a0040100100c22421480602000024a102
:10ef48000a000524003a047db8ff85141800a2af12
:10ef580001004d242b78b1017900e01121c0020293
:10ef680021c80d0202004224dbff1f24dcff03241a
:10ef7800003c0b7d0a000e2400001fa31800a2af5e
:10ef880002460800b7ff6e15000023a301004d24b8
:10ef98002b78b1016e00e01121c0020202004f245b
:10efa80021c80d02dbff0224dcff1f24000002a39e
:10efb80000003fa30a001924b6ff19151800afafc7
:10efc8000100e8252b4811010e00201121500f02e5
:10efd8000200eb2521600802dbff0524dcff0e247c
:10efe800000045a11800abafb8ff001000008ea1cb
:10eff8000a0007245f000751010048245b0009113b
:10f0080001004d240c00478e1800a6272528200251
:10f018004f86400f252000021000478e1800a627b3
:10f02800252820024f86400f252000021800a28fb5
:10f038002b185100b4ff605421800202b6ff201241
:10f048002c00bf8f213011020a000724ffffc7a040
:10f058002c00bf8f2800b28f2400b18f2000b08f02
:10f068000800e0033000bd271800a28f01004624e5
:10f078002b28d10069ffa010213802022150060276
:10f0880002004224dbff0b24dcff0c240000eba071
:10f098001800a2af61ff001000004ca1003a0e7ddd
:10f0a800abffc9112510c0006bffcd15003c0b7dcf
:10f0b800010046242b48d1002100201121280202fa
:10f0c8002120060202004224dbff0724ddff0a2478
:10f0d8000000a7a01800a2af5eff001000008aa0e1
:10f0e8002b28f1000900a0102150020202004f2431
:10f0f80021580702dbff0c24ddff0e2400004ca181
:10f108001800afaf60ff001000006ea10a000424d1
:10f11800bdff04510c00478ebbff0b510c00478efe
:10f12800257840002bf8f101b6ffe0130100e32534
:10f1380021300f021800a3af64ff00100000c8a020
:10f14800003c0b7d0a000c2446ff6c1502460800a3
:10f158000a000324abff0311db000624aaff0651b3
:10f168000c00478eefff0010257840004dff00107f
:0cf178002578400093ff0010257840002f
:020000040000fa
:020000041d01dc
:10f18400ffff8224feff432cdc006010000000001f
:10f1940000008590d900a01000000000d8ffbd2712
:10f1a4001800b1af0c00918c1400b0af5800248e3d
:10f1b4005400308e2400bfaf2000b3afd1008010c4
:10f1c4001c00b2af80003292d20040162400bf8fe0
:10f1d40001002792de00e0100000000025980000e6
:10f1e40002002892d60000110000000001000992dc
:10f1f40058002a8e8431097c010009a2cb004011f9
:10f204000000000006000b9600ff6c3106000ca6ff
:10f2140008000d9600ffae3108000ea602010f9201
:10f224005900f831020118a20001198e00043f7f31
:10f234000400e0130000000002010292c418e27fff
:10f24400020102a20401038e0004657c0400a010e4
:10f2540000000000060104920421a47c060104a21b
:10f2640006010692b000c730060107a212010892f7
:10f2740059000931120109a210010a8e00044b7dc4
:10f28400040060110000000012010c92c4186c7d8f
:10f2940012010ca214010d8e0004ae7d0400c011f5
:10f2a4000000000016010f920421cf7d16010fa269
:10f2b40016011892b0001933160119a222011f92e7
:10f2c4005900e233220102a22001038e0004657c6e
:10f2d4000400a0100000000022010492c418a47cc1
:10f2e400220104a22401068e0004c77c0400e0105d
:10f2f40000000000260108920421e87c260108a2ef
:10f3040026010992b0002a3126010aa232010b9289
:10f3140059006c3132010ca230010d8e0004ae7d17
:10f324000400c0110000000032010f92c418cf7d08
:10f3340032010fa23401188e0004197f0400201337
:10f344000000000036011f9204213f7f36011fa2f6
:10f35400360102920c002392b0004530360105a21a
:10f3640000020292010060540c0020a20402048ee8
:10f374000002867c0500c050140028920402078e07
:10f384000442077c040207ae1400289201000055d1
:10f39400140020a21402098e00022a7d05004051a7
:10f3a4001c002c9214020b8e04420b7c14020bae34
:10f3b4001c002c92010080551c0020a224020d8efa
:10f3c4000002ae7d0500c0512400389224020f8e45
:10f3d40004420f7c24020fae24003892010000572f
:10f3e400240020a23402198e00023f7f0500e0535e
:10f3f4002c0023923402028e0442027c340202aeb8
:10f404002c002392010060542c0020a24402058e9b
:10f414000002a47c05008050340027924402068e2a
:10f424000442067c440206ae340027920100e054f4
:10f43400340020a25402088e0002097d05002051e8
:10f444003c002b9254020a8e04420a7c54020aaef7
:10f454003c002b92010060553c0020a264020c8efb
:10f4640000028d7d0500a05144002f9264020e8e8f
:10f4740004420e7c64020eae44002f920100e0555b
:10f48400440020a27402188e0002197f0400201385
:10f494000000000074021f8e04421f7c74021fae21
:10f4a4002a0f410f6000248e2a0f410f6400248e1e
:10f4b40001003092060000560200339204006052ac
:10f4c400020033920c0f410f6000248e020033922d
:10f4d400100060162400bf8f0f0040122000b38f6d
:10f4e4006400248e2400bf8f1c00b28f1800b18fdb
:10f4f4001400b08f0c0f410b2800bd270800e00357
:10f50400000000005d0026922fffc054800032925c
:10f514002400bf8f2000b38f1c00b28f1800b18f5e
:10f524001400b08f0800e0032800bd27060000a6e1
:10f53400080000a60b0000a232ff0010000000002b
:10f54400a308410f6400248e28ff0010259040007a
:10f55400a308410f6000248e21ff0010259840006d
:020000040000fa
:020000041d01dc
:10f56400b0ffbd272800b0af1000d08c3000b2af80
:10f574002c00b1af0800d28c2588e0004800beaf53
:10f584004000b6af3c00b5af3800b4af0c00d58c2a
:10f5940025f080005400a5af4c00bfaf4400b7afc6
:10f5a40023f7400f3400b3afffff04260000258e7d
:10f5b4000a909200211045002a2892000a20450250
:10f5c400010003242400a4af2590a0021c00a3afd3
:10f5d400258000001800a0af25a0000025b0000081
:10f5e4002000a0af000022ae2400a28f2a10020245
:10f5f40020004010259800023c00c28f4c00c48fac
:10f604002b20440013008010010044243c00c4afac
:10f6140000005790d5ffe2264408027c25105400d0
:10f62400370040542000a28f2c000052000057a243
:10f634002a00d052000057a24c00c28f0e00405046
:10f644002198b3023c00c28fffff4224090000103e
:10f654003c00c2af84ee400f2520c00325b8400013
:10f66400ffff0224ecffe216d5ffe2260f00601232
:10f674004c00bf8f2198b3022520a002000060a295
:10f68400dd12410f1000a5275400a28f01000424ad
:10f69400000040f41000a28ffeff03242610550042
:10f6a4000b18820025b860004c00bf8f2510e002c3
:10f6b4004800be8f4400b78f4000b68f3c00b58f22
:10f6c4003800b48f3400b38f3000b28f2c00b18f68
:10f6d4002800b08f0800e0035000bd270000228ef0
:10f6e40001001424010042241c00a38f01001026f1
:10f6f400010063241c00a3afbaff001001005226ce
:10f704000a0040142e0002240800e2160000000043
:10f71400c9ffc01601000324000057a20000228e76
:10f7240001004224f0ff00102000a3af2500c01602
:10f734001800a28f190040102520e0023011410f5b
:10f7440000000000700042380100422c17004014f1
:10f754000100863a01000224020005240a10a600d2
:10f76400190050141800a28f3011410f2520e00217
:10f77400780005241300451430000224ffff45825d
:10f784001000a21401000324000057a20000228ede
:10f7940001004224d4ff00101800a3af3011410f20
:10f7a40000000000e8ff001065004238000057a286
:10f7b4000000228e1c00b68f01004224caff0010f4
:10f7c40025a000001800a28f36004010d0ffe226ca
:10f7d400b30f410f2520e00256004054000057a209
:10f7e4004c00c28f04004010000000003c00c28f97
:10f7f400ffff42243c00c2af9eff1416019d023c51
:10f80400bca842241000a2af2400a28f0200142638
:10f814002a10820297ff4010019d023cc0a8422496
:10f824001400a2af25b00000ffff17240300022438
:10f834001400c2122110d0023c00c28f4c00c48fad
:10f844002b20440019008010010044243c00c4af64
:10f8540000005290ffff02241c00e2162520400203
:10f864003011410f0000000025904000690002247f
:10f87400240042126e0002241d004252010017248b
:10f884002110d0022aa0820225008012ffff422408
:10f894000000228e030013260300422475ff00108b
:10f8a400000022aeccff00100a00422c84ee400f70
:10f8b4002520c00325904000ffff02246eff425222
:10f8c4002198b302e3ff0010000000003011410f43
:10f8d40000000000802017002120a4031000848c65
:10f8e4002120960000008480e6ff44142110d002f9
:10f8f4002110d0022110a202000052a0cbff001060
:10f904000100d626faff001025b80000040080107c
:10f91400ffff42243c00c48fffff84243c00c4af9b
:10f924002a205000f9ff80504c00c48f52ff001071
:10f934002198b3020000228e6bff001001004224c4
:020000040000fa
:020000041d01dc
:10f9440086bf023c008003340cc004341dc006345e
:10f954001dc4073403060824480044ac81bf053c99
:10f96400300046ace8ffbd27140047ac4000093c1a
:10f97400040048ac04090c24780043ac84090d2429
:10f98400fcff0e342000448c0c600a24f800a9ac5f
:10f9940004000b2430014cac1400b5af14014dac81
:10f9a4001000b4af04014eac0c00b3af780143ac0b
:10f9b4000800b2af0000b0af0ce012348000103c7d
:10f9c4001e001324004014248060152400c0183441
:10f9d4002001448c00030f24f800b0ac0400b1af44
:10f9e40048024aac3401112430024aac0002043cff
:10f9f400140252ac00300624040253ac300354ac5d
:10fa0400140355ac040358ac68034bac780343ac03
:10fa14002003478c80011924f800a4ac0008073c9b
:10fa240030044fac8003082414044facc0030a24f0
:10fa340004044facd8000924480551acf8000c2448
:10fa4400300551ac73000d24140551ac040546accb
:10fa5400780543ac2005448c00200f3cf800a7ac8b
:10fa640000081024480659ac300659ac140648acba
:10fa740004064aac300749ac14074cac04074dac3f
:10fa8400780743ac2007468cf800afac300843ac91
:10fa9400140843ac040850ac780843ac2008438ce9
:10faa4000040033cf800a3acff0011247f000524b0
:10fab400300945ac6655133c140951ac99aa023c73
:10fac40080bf0e3c55665224aa9974363000c0adee
:10fad4003000d2ad3000d4ad0000d58d0a00192419
:10fae400080004240500062406000824446b157c41
:10faf40003000a24010018240000d5ad09000724de
:10fb0400a814d9ad07000924cc14c4add814c6adcb
:10fb1400b414c8adc014caad9c14c0ad6c14cbad44
:10fb24000c000b246814cbad8415c8ad4c15c7adbf
:10fb34006415c9ad7c15d9adc015c4adcc15c6ad21
:10fb4400d415d8ad4416d8ad8016d8ad0000cc8df0
:10fb540008800d3c446b0c7f58a8a2250000ccad56
:10fb64008b000f243000c0ad8d00102414000e242f
:10fb74008e000524700011247100122472001324d5
:10fb840018004eac5c001424cc004fac1c001524af
:10fb9400d80050ac78001924e40045ac7900042462
:10fba40058a8a7ad7a000624540051ac7b00082461
:10fbb400600052ac390007246c0053ac7c000b2469
:10fbc4000c0058ac7d0009241d0018247e000c2470
:10fbd400480054ac25180000240055ac14000a2435
:10fbe400300058ac780059ac840044ac900046ac6a
:10fbf4009c0048ac3c0047aca8004bacb40049acfa
:10fc0400c0004cac0100752402007424030073246a
:10fc1400040072240500712406007024070079246e
:10fc24000800782409006f24407003004068150020
:10fc34004060140040581300404812004040110036
:10fc440040381000403019004028180040200f00b0
:10fc54002170c30121a8b50121a094012198730149
:10fc640021903201218811012180f00021c8d9009e
:10fc740021c0b80021788f0080700e0080681500c4
:10fc840080601400805813008048120080401100e6
:10fc940080381000803019008028180080200f0060
:10fca40021a84e0021a04d0021984c0021904b002a
:10fcb400218849002180480021c8470021c046000e
:10fcc40021784500217044000a0063240400a0ae9a
:10fcd400040080ae040060ae040040ae040020ae18
:10fce400040000ae040020af040000af0400e0ad47
:10fcf4000400c0adc4ff6a14010075241400b58f5c
:10fd04001000b48f0c00b38f0800b28f0400b18fc1
:0cfd14000000b08f0800e0031800bd27bd
:020000040000fa
:020000041d01dc
:10fd20002540c000251080009400e0142518a00094
:10fd30002b30a6003200c010203006710600c01023
:10fd400023200600062082000418c5000440c800d5
:10fd5000251883000410c200022c08001b00650057
:10fd6000f401a000ffff0731024c02001220000046
:10fd70001018000002208770001c0300251869007d
:10fd80002b486400080020512318640021186800e3
:10fd90002b486800030020152b4864000100205503
:10fda00021186800231864001b006500f401a000fe
:10fdb000ffff423012200000101800000220877060
:10fdc000001c0300251062002b184400090060503d
:10fdd00023104400211048002b18480005006054ef
:10fde000231044002b1844000100605421104800e7
:10fdf000231044000610c2000800e003251800008c
:10fe000004000015010003241b006800f401000138
:10fe100012400000203006712900c0142000032485
:10fe20002328a800022408001b00a400f40180007d
:10fe3000ffff0731024c02001218000010280000da
:10fe400002186770002c05002528a9002b48a30084
:10fe5000080020512328a3002128a8002b48a8002f
:10fe6000030020152b48a300010020552128a800dd
:10fe70002328a3001b00a400f4018000ffff4230f0
:10fe8000121800001028000002186770002c0500ee
:10fe90002510a2002b204300d6ff805023104300e2
:10fea000211048002b204800030080142b20430021
:10feb0000100805421104800ceff001023104300a1
:10fec000231866000438c5000440c800061064000a
:10fed0000628650025104700023c08001b00a7000b
:10fee000f401e000ffff0931025402001218000083
:10fef0001028000002186970002c05002528aa00af
:10ff00002b50a300080040512328a3002128a8005b
:10ff10002b50a800030040152b50a30001004055b2
:10ff20002128a8002328a3001b00a700f401e0005b
:10ff3000ffff4230121800001028000002186970fc
:10ff4000002c05002528a2002b10a300090040105a
:10ff50000410c4002128a8002b10a800050040149c
:10ff60000410c4002b10a300010040542128a80055
:10ff70000410c400abff00102328a3002b40a700ef
:10ff80005c0000152040e8700b00005520000224a2
:10ff90002b40e500030000152b408600550000159e
:10ffa00000000000231086002338a7002b188200d1
:10ffb0000800e0032318e300231048000618460059
:10ffc000043807012538670002640700041805019a
:10ffd000062845001b00ac00f4018001ffffea3059
:10ffe0000658440025586301021c0b0012700000e3
:10fff0001028000002684e71002c05002518a3008f
:020000041d02db
:100000002b286d000a00a0102548c00121186700a8
:100010002b2867000600a014ffffc9252b286d00c0
:100020000400a05023186d00feffc92521186700a9
:1000300023186d001b006c00f4018001ffff6b3181
:10004000122800001018000002504571001c030027
:1000500025186b002b606a000a0080112558a0004b
:10006000211867002b60670006008015ffffab2496
:100070002b606a0004008051004c0900feffab2495
:1000800021186700004c090025482b0104280601af
:100090001900250123186a001058000012500000b2
:1000a0002b606b00042004012548600105008015c9
:1000b0002530400107006b142b608a000600801178
:1000c0002330860023304501233867012b50460139
:1000d0002348ea00233086002b208600231869007d
:1000e0002318640004104300063006012510460062
:0c00f000061803010800e00300000000f7
:020000040000fa
:020000041d02db
:1000fc00d8ffbd272000b3afffff13242400bfaff0
:10010c001c00b2af1800b1afcb0093101400b0af0d
:10011c004080040021100402801802002320640097
:10012c000880063c40290400c4a5c7242180a700f0
:10013c000800088ec10000592400bf8fdc00098e16
:10014c001400128ec30020111000119601000d2412
:10015c00ba002d552400bf8fb70020122378290236
:10016c0010004e8e0600c0110700f3310c00d88d24
:10017c00040000130100102409f800030800449641
:10018c00010010242bc81102ab00201314005226be
:10019c005c00601220fc137c4d00f0130200032461
:1001ac004000e313030004243300e413040005248b
:1001bc002600e513050006241900e61306000724a3
:1001cc000d00e75310004a8e1000488e07000051b6
:1001dc00010010260c00098d04002051010010268e
:1001ec0009f820010800449601001026140052263c
:1001fc00ff00103210004a8e0700401101000b2640
:10020c000c00428d050040501400522609f84000a5
:10021c000800449601000b2614005226ff00703192
:10022c0010004c8e0700801101000e260c008d8de5
:10023c000500a0511400522609f8a00108004496ac
:10024c0001000e2614005226ff00d03110004f8ef4
:10025c000700e011010018260c00f38d0500605218
:10026c001400522609f86002080044960100182672
:10027c0014005226ff0010331000598e0700201373
:10028c0001001f260c00238f05006050140052261d
:10029c0009f860000800449601001f26140052263d
:1002ac00ff00f0331000448e07008010010006267a
:1002bc000c00858c0500a0501400522609f8a000f3
:1002cc00080044960100062614005226ff00d03088
:1002dc001000478e0700e010010009260c00e88c86
:1002ec0005000051ff00303109f800010800449668
:1002fc0001000926ff0030312b5011024e00401135
:10030c00140052261000428e0700405024004c8ee0
:10031c000c004b8c0400605124004c8e09f86001d9
:10032c000800449624004c8e01001026140052261e
:10033c0006008011ff0013320c008d8d0400a051bb
:10034c0024004e8e09f8a0010800449624004e8e1d
:10035c0001006f260600c011ff00f0310c00d88d93
:10036c00040000533800598e09f800031c00449611
:10037c003800598e01001f2606002013ff00f333ae
:10038c000c00238f040060504c00448e09f8600070
:10039c00300044964c00448e010065260600801007
:1003ac00ff00b0300c00868c0400c0506000478efb
:1003bc0009f8c000440044966000478e01000826ee
:1003cc000600e010ff0013310c00e98c04002051f2
:1003dc0074004a8e09f820015800449674004a8e25
:1003ec000100622606004011ff0050300c004b8dbe
:1003fc000400605188004c8e09f860016c00449632
:10040c0088004c8e01000d2606008011ff00b331d0
:10041c000c008e8d0400c01101006f2609f8c0017c
:10042c008000449601006f26ff00f0312bc01102b2
:10043c00b4ff00178c0052262400bf8f2000b38f0e
:10044c001c00b28f1800b18f1400b08f0800e003ad
:10045c002800bd27f4000a8ef80004960000428d97
:10046c0009f840000f000524f3ff53101c0002aee6
:10047c002400bf8f01000b2402000c242000b38f3a
:10048c001c00b28f1800b18fdc000bae08000cae54
:0c049c001400b08f0800e0032800bd270a
:020000040000fa
:020000041d02db
:1004a8002540c0002548e000255080009300e01456
:1004b8002518a0002b10a600350040102010c2708f
:1004c800060040102320020006208a000418450078
:1004d800044046002518830004504a00022c0800f6
:1004e8001b006500f401a000ffff043102140a009c
:1004f800123800001018000002308770001c03003a
:10050800251862002b5866000a0060112510e000cb
:10051800211868002b58680006006015ffffe224c8
:100528002b5866000400605123186600feffe22481
:1005380021186800231866001b006500f401a0005c
:10054800ffff4a31123000001018000002208670a8
:10055800001c030025186a002b3864000800e0100e
:100568002528c000211803012b406800040000154d
:10057800ffffc5242b20640001008054feffc52422
:1005880000140200251045000800e003251820018a
:100598000400c014010002241b004600f401c0003e
:1005a80012400000203807711e00e0542000022489
:1005b8002328a80001000924021c08001b00a3002e
:1005c800f4016000ffff043102140a001238000031
:1005d8001028000002308770002c05002528a20092
:1005e8002b58a6000a0060112510e0002128a80059
:1005f8002b58a80006006015ffffe2242b58a60020
:10060800040060512328a600feffe2242128a80048
:100618002328a6001b00a300f4016000c9ff0010f6
:10062800ffff4a31231047000440e8000418e500a2
:1006380002540800062845001b00aa00f4014001e6
:10064800063044002530c300ffff0331024c06008a
:10065800125800001028000002106b70002c0500d2
:100668002528a9002b60a2000a00801125486001f6
:100678002128a8002b60a80006008015ffff692527
:100688002b60a200040080512328a200feff6925e8
:100698002128a8002328a2001b00aa00f401400179
:1006a800ffffc630125000001028000002106a70c8
:1006b800002c05002528a6002b30a2000a00c01037
:1006c800251840012128a8002b30a8000600c014d6
:1006d800ffff43252b30a2000400c050004c090046
:1006e800feff43252128a800004c09000450e4001f
:1006f8002328a200b0ff0010254823012b18a700cb
:1007080025480000a0ff6014251000002040e87074
:1007180007000055200002242b38e5009affe0145a
:10072800010002242b10860097ff001001004238b8
:1007380023104800061846000438070125386700ca
:10074800025c070004180501062845001b00ab00e1
:10075800f4016001ffffe9300650440025504301d1
:1007680002140a00126800001028000002602d71af
:10077800001c0500251862002b286c000a00a01038
:100788002510a001211867002b2867000600a01477
:10079800ffffa2252b286c000400a05023186c0032
:1007a800feffa2252118670023186c001b006b00b0
:1007b800f4016001ffff4a311258000010180000d0
:1007c80002282b71001c030025186a002b506500b5
:1007d8000a00401125486001211867002b50670066
:1007e80006004015ffff69252b50650004004051a5
:1007f80000140200feff692521186700001402009a
:1008080025104900043006011900c20023186500ac
:10081800103800002b486700070020151230000030
:1008280059ff671425480000042004012b20860086
:1008380055ff801000000000ffff422452ff001007
:04084800254800003f
:020000040000fa
:020000041d02db
:10084c00c0ffbd272c00b3af2598a0001000a52732
:10085c003800b6af3400b5af3000b4af2400b1af40
:10086c003c00bfaf2800b2af2000b0af258880009d
:10087c0025b0c00071d1400f25a0e0001f0040142e
:10088c0025a840001000b58f5200a016259000003e
:10089c000000308e0100102605006012000030ae02
:1008ac002b10560215004050090015240000308e04
:1008bc0000000382b5006010ff0068302000042d9a
:1008cc00b40080145c000524190065100100072693
:1008dc0022000624b1006610000027ae1200601240
:1008ec002150720200000982010052262b10560280
:1008fc00eeff4014000049a1090015243c00bf8ff5
:10090c002510a0023800b68f3400b58f3000b48f9c
:10091c002c00b38f2800b28f2400b18f2000b08f31
:10092c000800e0034000bd27e1ff00102580e00037
:10093c0001000c8276008d293200a0115c008e29fa
:10094c008200c015a4ff8f25ff00f8311a00192f63
:10095c002c002013029d023c80f8180078094324d7
:10096c000a407f7c0800000100000000400b029d43
:10097c00100a029d100a029d100a029d100a029d87
:10098c00100a029d300b029d100a029d100a029d56
:10099c00100a029d200b029d100a029d100a029d56
:1009ac00100a029d100a029d100a029d100a029d57
:1009bc00100a029d100b029d100a029d100a029d46
:1009cc00100a029d000b029d100a029ddc0a029d7a
:1009dc00400a029d3c00bf8f020015242510a00286
:1009ec003800b68f3400b58f3000b48f2c00b38f25
:1009fc002800b28f2400b18f2000b08f0800e003d4
:100a0c004000bd273c00bf8f0b0015242510a00211
:100a1c003800b68f3400b58f3000b48f2c00b38ff4
:100a2c002800b28f2400b18f2000b08f0800e003a3
:100a3c004000bd27b30f410f02000482afff4050ae
:100a4c000c001524b30f410f03000482abff405080
:100a5c000c001524b30f410f04000482a7ff405073
:100a6c000c001524b30f410f050004823500401013
:100a7c00019d043c74998624020007260500052478
:100a8c00bc0f410f1000a427019d053c1800a627a0
:100a9c007899a5247a0f410f1000a4270100062491
:100aac0096ff46540d001524440060520000278e1a
:100abc001800a98f21807202000009a200002a8e62
:100acc000100522606004b2575ff001000002baece
:100adc002b0060122160720209000d2400008da110
:100aec0000002e8e010052260200cf256cff001054
:100afc0000002fae2200601221607202f7ff00107e
:100b0c000d000d241e00601221607202f3ff001014
:100b1c000a000d241a00601221607202efff00100f
:100b2c000c000d241600601221607202ebff001005
:100b3c0008000d241200601221607202e7ff001001
:100b4c005c000d246dff00100c00152422001824ed
:100b5c00030098112f001924abff99153c00bf8f8f
:100b6c000700601221f872020000eca30000228e34
:100b7c00010052260200432449ff0010000023ae5e
:100b8c00020010264aff0010000030ae5bff001080
:100b9c000800152459ff00100a00152403006012e8
:100bac0021587202000060a10100522653ff8056aa
:100bbc00000092ae52ff00103c00bf8f0600f024e4
:080bcc003bff0010000030aef9
:020000040000fa
:020000041d02db
:100bd4000000c28c0400c38cd0ffbd272800b2af34
:100be4001000a2af2590c0001400a3af5400072446
:100bf4001800a6272400b1af2000b0af2588a000bc
:100c0400258080002c00bfafd555400f1800a0af41
:100c14000800448e0a000524ff0088307600051180
:100c2400db000d243c000d151800a38f01006e2479
:100c34002b78d1010700e01121c0030221c80e0264
:100c4400dbff1f24ddff122400001fa30200632426
:100c5400000032a3003a887c0a00092437000951b5
:100c640001006d24db0006248500061101007224b6
:100c74002b3871006c00e01021500302000048a1e1
:100c840001006324003c877c0a000a243800ea102f
:100c940001006b24db0018246900f810010079249a
:100ca4002b507100a200401121580302010062245c
:100cb400000067a1026604000a000d2439008d11aa
:100cc40001004e24db000324770083110100482433
:100cd400ff0087312b6051008e00801101004324f6
:100ce400216802022b7071003900c0110000a7a115
:100cf400218003020a001124000011a22c00bf8fde
:100d04002800b28f2400b18f2000b08f010062242c
:100d14000800e0033000bd272b1071005200401082
:100d24000a000924212803020000a8a0003a887cb4
:100d3400ccff09150100632401006d242b70b1015f
:100d4400d0ffc0112178030221c00d02dbff19245a
:100d5400dcff1f24003c877c0a000a240000f9a160
:100d640002006324cbffea1400001fa301006b24dc
:100d74002b6071015900801121680302dbff0f24ed
:100d84000000afa121700b0202006224026604007d
:100d9400dcff03240a000d24caff8d150000c3a143
:100da40001004e242b78d1015500e01102004324a8
:100db40021c0020221c80e02dbff1224dcff05243d
:100dc4002bf87100000012a3c9ffe017000025a34f
:100dd40025106000217811020a001824fffff8a1f1
:100de4002c00bf8f2800b28f2400b18f2000b08f59
:100df4000800e0033000bd271800a38f010066241b
:100e04002b38d10093ffe010214803022150060241
:100e1400dbff0b24dcff0c2400002ba10200632465
:100e24008cff001000004ca1003c8b7cd0ff69516a
:100e340001006b249fff66152510600001007924d2
:100e44002bf831032500e013dbff02242190030279
:100e540021281902ddff0824000042a202006224b6
:100e640094ff00100000a8a0003a8c7cb3ff8551c9
:100e740001006d2484ff8d15003c877c01007224e1
:100e84002b1051027fff401021401202212803023f
:100e9400dbff0924ddff06240000a9a0020063246f
:100ea40078ff0010000006a12b201101140080100f
:100eb400020043242148080221100202dbff062419
:100ec400ddff0a242b387100000046a088ffe014df
:100ed40000002aa1bfff00102510600002260400b4
:100ee4000a00092407008910db0006240600861086
:100ef4002b587100ff00873076ff0010251060002a
:100f0400251840002b5871007aff60552180030298
:100f140025106000afff20162c00bf8f2800b28f71
:100f24002400b18f2000b08f0800e0033000bd27fb
:080f340060ff001025106000b1
:020000040000fa
:020000041d02db
:100f3c0028fdbd272138c700cc02b1afc802b0af25
:100f4c00d402bfafd002b2af25808000ffffe0a07b
:100f5c00c402a4272588a0007407410fc402a6afc1
:100f6c004a004014400006245802a527aee1400f69
:100f7c00c402a42736004014c402a427c402a28fc2
:100f8c00a10f410fc002a2af520040540000328e9c
:100f9c008a07410fc402a4274700401448020624c4
:100fac0025280000700f410f1000a4276c6c033c27
:100fbc006e756824fc010624252800005800a4271f
:100fcc001000b1af700f410f5400a8af2800098e6c
:100fdc00019d063c1400a4275802a7277499c62427
:100fec0040000524bc0f410f5402a9af0c00048e25
:100ffc000700801c25880000440000101000048e9f
:10100c000c000a8e2a582a02400060511000048eef
:10101c000800058ec09011000a28b27c04cb400f4a
:10102c005802a427f6ff4010010031260800088e54
:10103c002800068e214812010400318d1000a527ce
:10104c0009f82002c002a4270b000010d402bf8fa5
:10105c000000318e660f410f25204000019d0a3c97
:10106c00253840002530200238a24525e207410fe3
:10107c0025200002d402bf8fd002b28fcc02b18fd8
:10108c00c802b08f0800e003d802bd270000268eee
:10109c00019d0b3c25200002e207410f10a26525a3
:1010ac00d402bf8fd002b28fcc02b18fc802b08fe6
:1010bc000800e003d802bd27019d043c0000268ee9
:1010cc0094a28524e207410f25200002eaff0010bc
:1010dc00d402bf8f660f410f25204000019d053cb7
:1010ec00253040022520000225384000e207410f40
:1010fc0064a2a524d402bf8fd002b28fcc02b18fd0
:10110c00c802b08f0800e003d802bd27170080107a
:10111c005802a6273ecf400fbc02a5271c00401446
:10112c00019d0c3c8fe7400fc002a42741004010ea
:10113c00bc02a68f1000058e119c400f9802a427ac
:10114c001400028e05004010b102b29309f8400061
:10115c002800048e2b004014253840002800401233
:10116c00019d073c1a000010d4a2e7241c000e8e2f
:10117c002000c0111000a6272800078ec002a5274a
:10118c0009f8c0015802a427bbff0010d402bf8f7e
:10119c005802ad27e0a28525b802a427fdd7400f41
:1011ac00b802adaff2ff40501c000e8e019d183cf2
:1011bc00b802a48f9802a6277a0f410feca205273c
:1011cc000100192428005910019d1f3cf0a2e727ab
:1011dc00019d103ccca1062600020524bc0f410f3a
:1011ec005400a427d306410f1000a427a2ff00101f
:1011fc00d402bf8f019d0f3cf5ff001008a3e7251b
:10120c00253800001000048ec002a627528b400f18
:10121c005802a52710004014000000001800038e8f
:10122c0004006010a002a58f2800068e09f860004b
:10123c00bc02a48f1000048ebc02a78f00020624ef
:10124c00a99c400f5400a527d306410f1000a427da
:10125c0089ff0010d402bf8f660f410f252040007c
:10126c00dbff0010253840009802a58f409d400ff1
:10127c00bc02a427dbff4014bc02a78f1000048e15
:10128c000002062428fd400f5400a527d5ff0010ae
:04129c00000000004e
:020000040000fa
:020000041d02db
:1012a0000100a290d8ffbd27050003242000b1afa4
:1012b0001c00b0af2400bfaf2588a0009c004310e5
:1012c000258080000600472c1600e01001000a244b
:1012d0009f004a1003000f240b004f5425200002ea
:1012e0000300b9900200bf900012190025c05f00f2
:1012f000ad000a53c00098ac02000524ac000553b1
:1013000000008694252000027eff400f0100052486
:101310002400bf8f2000b18f1c00b08f0800e003b5
:101320002800bd2709000824f7ff485425200002a3
:101330000300a9900200aa90005a090025606a01e2
:101340008c00805103008d90ad000f92ff0098310a
:101350007000f81125280000ae00199260002013db
:1013600080f81900fcffe2278218020001006424c3
:10137000b000028e07008830020025923400001170
:101380002130e203010007242b00075100004d8c9f
:10139000020009242200091103000a241b000a117b
:1013a00004000b2414000b1105000c240d000c117b
:1013b00006000d2407000d510000598c00004e8cd2
:1013c0000500cf910100e551b4000eae04004224a7
:1013d0000000598c05003f930100e553b40019ae9d
:1013e000040042240000438c050064908100855075
:1013f000b40003ae040042240000488c05000791ad
:101400000100e550b40008ae040042240000498cfd
:1014100005002a9101004551b40009ae04004224a0
:1014200000004b8c05006c9101008551b4000bae9f
:101430000400422400004d8c0500ae910100c5510e
:10144000b4000dae0400422426004650ad0018a2a0
:1014500000004f8c0500f99101002553b4000fae38
:1014600004005f8c0500e39302006514040042242d
:10147000b4001fae0400448c0500889001000551a3
:10148000b40004ae0800498c050027910100e55026
:10149000b40009ae0c004a8c05004b910100655167
:1014a000b4000aae10004c8c05008d910100a551ce
:1014b000b4000cae14004e8c0500cf910100e55134
:1014c000b4000eae1800598c05003f930100e5539f
:1014d000b40019ae1c004224deff465400004f8cbd
:1014e000ad0018a22fe1400f252000020300189242
:1014f000050005240410b87c030018a202003192f4
:10150000e000068e010003243200c3101000b1a3d6
:10151000252800007eff400f252000022400bf8ff9
:101520002000b18f1c00b08f0800e0032800bd2709
:101530000000849401000524c439a47c000004a6a2
:101540000200269225280000f2ff0010ac0006a23f
:101550000300ab900200ac90006a0b002570ac0158
:1015600069ffc25525200002c00080ace9ff0010d1
:10157000252800000700ae3174ffc355ad000f925f
:101580000b0009248a65400fb80089ac030004925f
:10159000040007240410e47cad0000a2030004a2b0
:1015a000dcff001025280000daff001025280000cd
:1015b0000e00c33054ff78542520000205003192fc
:1015c0000442467d020091a0000086a4d1ff0010d5
:1015d00025280000e800088ecdff00111000a52787
:1015e000ec00068e09f800010a000424c9ff00106f
:0c15f0002528000080ff001004004224a9
:020000040000fa
:020000041d02db
:1015fc00d8ffbd271000b0af34011024021090703a
:10160c001800b2af0880123c24a752262180520049
:10161c004c00058e5400038e2400bfaf2000b4afe5
:10162c001c00b3af1100a0181400b1af7800078ee6
:10163c0025888000030004241400e4100400ed2c21
:10164c004400a011010008242c00e810020014240e
:10165c000600f4148ebf0e3c7c30cf250300f891ad
:10166c00ff00193301002053780004ae2400bf8f13
:10167c002000b48f1c00b38f1800b28f1400b18ff0
:10168c001000b08f0800e0032800bd275800068e1c
:10169c002b00c010010008242a00c810ffff2532bf
:1016ac003401092402502972219852012a0f410f4a
:1016bc006000648e0c0f410f6000648e2a0f410f86
:1016cc006400648e0c0f410f6400648e2400bf8f85
:1016dc0002000b2404000c242000b48f1800b28fdd
:1016ec001400b18f1000b08f4c006bae78006cae54
:1016fc001c00b38f0800e0032800bd27faff093c4b
:10170c0000102a250a586a7c21606a008410eb7c40
:10171c0000008bad2400bf8f02000d242000b48f7d
:10172c001c00b38f1800b28f1400b18f7f0064a01f
:10173c0078000dae1000b08f0800e0032800bd2724
:10174c00ffff2532200e410f25200002d5ff00108f
:10175c003401092404000e24c5ffee142400bf8fad
:10176c0058000f8e3c00e015010014245d00189207
:10177c002c000013340113243401192402f839729b
:10178c00600065902110f2037c00438c1800b3308c
:10179c00350073101401478c080008244f006812a0
:1017ac00100009244100691218000a2435006a1639
:1017bc00340108243900e050340103240400eb8c7c
:1017cc000c00601134010c2402682c7221a0b201af
:1017dc0076008e920800c015340118240800e48ca1
:1017ec002530000009f860010800052401000f24d1
:1017fc0076008fa23401182402c8387221f8320303
:10180c005800ef8f7500e0a33401192402f83972e7
:10181c000200e52d2110f20394ffa0107c0053acc4
:10182c0034011324028833722190320280004692d4
:10183c008fffc0102400bf8f2000b48f1c00b38f0b
:10184c001800b28f1400b18f252000021000b08f49
:10185c00f5f8400b2800bd27c8fff41134011924fa
:10186c0083ff00102400bf8f81004490edff805057
:10187c003401132408000624caff6614100009243e
:10188c0034010824024828722150320175004b9112
:10189c00160060110000000034010324023823728a
:1018ac002120f200deff00107c0093ac0800022423
:1018bc00f9ff621018000524f2ff651434010824a6
:1018cc003401032402382372010006242120f20083
:1018dc00750080a0f1ff0010810086a0efff605022
:1018ec0034010324e7ff001034010824ebffe0105f
:1018fc00340103240400ec8c04008011253000001a
:10190c000800e48c09f880010900052434010d2439
:10191c0002a02d7201001824217092025800cf8d64
:10192c007500d8a17600c0a1b7ff00108100c0a13e
:020000040000fa
:020000041d02db
:10193c00ff00e3300a0009240000cd8c7f00691001
:10194c00003ae87cdb000a243d006a142bc0a50198
:10195c000100a3252b4865000b00201121588d0098
:10196c00dbff02240000c3ac000062a10000cc8ca1
:10197c00ddff0f2401008d2521708c000000cdac03
:10198c000000cfa10000cd8c0a0003243500031108
:10199c000100b825db000924970009110100ae25d0
:1019ac002b58a501740060110100ac2521108d008d
:1019bc000000ccac000048a00000cd8c003ce97cc1
:1019cc000a000b2438002b11023e0700db000a240e
:1019dc0071002a110100a3252bc8a5019a00201320
:1019ec000100aa2521188d000000caac000069a0d6
:1019fc000a0009243c00e9100000cd8cdb000b240c
:101a0c007200eb542b28a5010100a3252b4865007f
:101a1c004800201121588d00dbff05240000c3acc9
:101a2c00000065a10000cc8cddff022401008e2596
:101a3c0021208c000000ceac0800e003000082a046
:101a4c00680000130100b92521508d000000d9acad
:101a5c00000043a10a000324ceff03150000cd8c27
:101a6c000100b8252bc80503d4ff2013dbff03248a
:101a7c0021508d000000d8ac000043a10000c98c9f
:101a8c00dcff022401002b25216089000000cbac77
:101a9c00003ce97c000082a10a000b240000cd8ce4
:101aac00caff2b15023e07000100ac252b10850147
:101abc001b00401021708d00dbff08240000ccac13
:101acc000000c8a10000cd8cdcff19240100af255b
:101adc0021c08d000000cfac0a000924000019a31e
:101aec00c6ffe9140000cd8c0100ae252b40c501ca
:101afc001000001121688d00dbff0f240000ceac1c
:101b0c000000afa10000c78c0100f8240000d8ac85
:101b1c0021c88700dcff06240800e003000026a390
:101b2c000a000f240300ef10db0018242700f81420
:101b3c002b28a5010800e003000000000100ab25e4
:101b4c002b5065013a00401121108d00dbff0c2455
:101b5c000000cbac00004ca00000cd8cdcff1824a6
:101b6c000100ae2521788d000000ceac0000f8a15c
:101b7c0085ff00100000cd8c003cee7c0a00082490
:101b8c00c9ffc811023e0700db000f242f00cf1540
:101b9c000a0002240100a3252b486500e0ff201158
:101bac0021588d00dbff0c240000c3ac00006ca19d
:101bbc000000c28cddff0d2401004e242140820068
:101bcc000000ceac8aff001000000da1d9ffa010c0
:101bdc000100ac2521208d000000ccac0800e003f6
:101bec00000087a09fff09110100b82574ff0a159a
:101bfc00003ce97c0100ae252b40c5016fff0011b4
:101c0c00dbff0f2421688d000000ceac0000afa1db
:101c1c000000d88cddff0324010019272150980007
:101c2c000000d9ac000043a164ff00100000cd8c73
:101c3c0062ff0311db00192461ff1911003ce97ce0
:101c4c0058ff00102b58a5010a000224a6ffe21031
:101c5c00db000a246dffea100100a3250800e00355
:041c6c000000000074
:020000040000fa
:020000041d02db
:101c7000049d033c0039827cdc49682421384800fb
:101c80008a49027d0100eb902b502b01a6004011e8
:101c900000000000406009002168890108800e3cb6
:101ca00058a8cc2580780d000ac88f7d27c0090070
:101cb00021100b03070043309d00241321788f016e
:101cc00001002e25ff00cd312b40ab019600001105
:101cd0000000000044006010203c037c0100092447
:101ce0003600e91002000a242e00ea5040680e0077
:101cf00003000f242300ef10040018241a00f8102a
:101d0000050019241100f910060002240900e21050
:101d100040680e0040180e0021686e0080400d00e3
:101d20000a38887d217888018100e4100100ce25e1
:101d300040680e002168ae0180480d000a50897d80
:101d4000217889017a0044110100ce2540780e00e7
:101d50002168ee0180c00d000ac8987d21789801a5
:101d6000730024130100ce2540100e0021684e00a0
:101d700080400d000a18887d217888016c0064106d
:101d80000100ce2540380e002168ee0080480d008d
:101d90000a50897d21788901650044110100ce2512
:101da00040680e002168ae0180780d000ac08f7d6a
:101db0000100ce255e00041321788f0140c80e007b
:101dc00021682e0380100d000a40827d5800041106
:101dd000217882010100ce25ff00c3312b386b0032
:101de0005100e01000000000e0ffbd271c00b7af6d
:101df0001800b6af1400b5af1000b4af0c00b3af0d
:101e00000800b2af0400b1af0000b0af40800e00d8
:101e100021680e0280100d000100c7250200c825b0
:101e20000300c9250400ca250500cf250600d825d2
:101e30000700d9250a80827d0800ce25ff00c33126
:101e400040b8070040b0080040a8090040a00a00c0
:101e500040980f0040901800408819002b186b0024
:101e60003a000412211082012168e70280b80d00b7
:101e70000a38977d3500e410211097012168c802c7
:101e800080400d000ab0887d3000c4122110880106
:101e90002168a90280480d000aa8897d2b00a412a0
:101ea0002110890121688a0280500d000aa08a7dd4
:101eb0002600841221108a0121686f0280780d00ab
:101ec0000a988f7d2100641221108f012168580229
:101ed00080c00d000a90987d1c00441221109801ca
:101ee0002168390280c80d000a88997d17002412e4
:101ef00021109901c6ff601440800e001c00b78fae
:101f00001800b68f1400b58f1000b48f0c00b38f7b
:101f10000800b28f0400b18f0000b08f25100000c0
:101f20000800e0032000bd270800e00325100000a2
:101f300080700d0021608e010400e5ad01000224d7
:101f4000080086ad0800e0030000000080200d00be
:101f500021588401040045ac1c00b78f1800b68fcf
:101f60001400b58f1000b48f0c00b38f0800b28f2f
:101f70000400b18f0000b08f01000224080066ad9c
:081f80000800e0032000bd276a
:020000040000fa
:020000041d02db
:101f88000e0002240300a210000000000800e00375
:101f980000000000d8ffbd272000b4af40a0040017
:101fa8001000b0af21808402801810001c00b3af6d
:101fb8001800b2af0880133c2590800023206400ed
:101fc8001400b1af2400bfaf40290400c4a5732694
:101fd800218065022588c0000700c6900600279268
:101fe800f400088e004a060040000b8d255027019a
:101ff8001c00048ef0000aa609f860018000052480
:1020080000002c9202000d241f008e312100cd11fa
:102018000300c82d0e000011030009242c00c05134
:1020280000002792040025922400bf8f2000b48f5f
:102038001c00b38f1800b28f253020022520000223
:102048001400b18f1000b08f2ce2400b2800bd2780
:102058000900c9152400bf8fe800198e18000e96d4
:10206800e000128e01000f24d80019ae3b004f1279
:10207800d0000ea62400bf8f2000b48f1c00b38fa1
:102088001800b28f1400b18f1000b08f0800e00361
:102098002800bd27040025923c00a054b400028efd
:1020a80060009231e1ff40162400bf8f2000b48ffa
:1020b8001c00b38f1800b28f2530200225200002a3
:1020c8001400b18f1000b08f63dc400b2800bd27cf
:1020d8006000e3301600601020c4077c400005242f
:1020e800ddff651020000a24e3ff6a142400bf8f77
:1020f800e4000b92e1ff60112000b48ff4000d8e14
:102108001c00048e2800b98dc40000a22400bf8fd3
:102118002000b48f1c00b38f1800b28f1400b18f49
:102128001000b08f80000524080020032800bd2778
:102138002528200239000007252000022400bf8f2f
:102148002000b48f1c00b38f1800b28f1400b18f19
:102158001000b08fa884400b2800bd27c5ff2013ae
:102168002400bf8fec00068e2000b48f1c00b38fb4
:102178001800b28f1000b08f252820021400b18fec
:102188000e000424080020032800bd2703004f90f8
:102198000200589000ca0f0025f838032700e01302
:1021a8002530000025c8000004000824090000109c
:1021b800050009240c0089500200479000004f9048
:1021c80021c0f901ffff19332b203f031b008010aa
:1021d80021104f0001004490f6ff88140000000011
:1021e800f6ff001002004690f5ffe55400004f90fe
:1021f8002110920280180200232872004051050025
:1022080021586a0203006d910700ae310b00c91511
:102218002528c000a3ff0010600092312400bf8f62
:102228002000b48f1c00b38f1800b28f1400b18f38
:102238001000b08fbca1400b2800bd272188920256
:1022480080a01100238092024061100021986c0246
:10225800e4007f9288ffe0132400bf8ff400668ead
:102268001c00648e2800d98ca8ff0010c40060a24e
:020000040000fa
:020000041d02db
:102278000c00a230a900401400000000ffff8324d6
:10228800feff662ca700c01000000000c8ffbd2795
:102298002800b5af1400b0af0f00b5302580a000fe
:1022a800000085903400bfaf3000b7af2c00b6af48
:1022b8002400b4af2000b3af1c00b2af9b00a01045
:1022c8001800b1af0c00918c802015006c00368e80
:1022d8002138950001003292c04007005400378e23
:1022e800020029923c00401221b0c802259000004b
:1022f80025a000006f0020110000000025980000b4
:102308004700a0121000ad262064107c74008005e0
:1023180000710d002178ee020600f89101001924e1
:102328004429387f0600f8a10000862914001024eb
:102338000a80060021a8d0020c00a58e0000b68ee7
:102348000200a4340b00c0120c00a4aefdff172439
:102358000c00c78e2520c0020300e0100800d7ae8d
:1023680009f8e000000000001800d68ef9ffc056fa
:102378000c00c78e0000a0ae010038920400005780
:1023880002003492610080160000000002003492be
:1023980003008016000000005800601600000000ce
:1023a8001d00401601001224251000003400bf8fc4
:1023b8003000b78f2c00b68f2800b58f2400b48f5b
:1023c8002000b38f1c00b28f1800b18f1400b08f9b
:1023d8000800e0033800bd273c00201501000b244d
:1023e80068002a9237004b113400bf8f3000b78f36
:1023f8002c00b68f2800b58f2400b48f2000b38f2f
:102408001c00b28f1800b18f1400b08f81ff022416
:102418000800e0033800bd27e3ff0010680032a27f
:102428000201e8920c00c98e0000d08e01000a2437
:102438004429487d02002b350201e8a20b00001256
:102448000c00cbaefdff15240c000c8e25200002dd
:1024580003008011080015ae09f880010000000093
:102468001800108ef9ff00560c000c8e2000cd8e3f
:102478001400d58e0200ae350000c0ae0b00a012cd
:102488002000ceaefdff17240c00af8e2520a00241
:102498000300e0110800b7ae09f8e00100000000f1
:1024a8001800b58ef9ffa0560c00af8eb2ff0010d1
:1024b8001400c0aea308410f6400248e90ff0010e2
:1024c80025984000680020a22590a000a308410f8d
:1024d8006000248e25a0400086ff0010020029928b
:1024e80021f8ee020200e293010003240421627c39
:1024f8000200e2a38dff0010000086290c0f410f97
:102508006400248ea6ff0010000000000c0f410f8d
:102518006000248e9eff0010020034920800e00341
:1025280084ff02240800e00383ff02249fff0010b9
:0425380083ff0224f7
:020000040000fa
:020000041d02db
:10253c00ffff8224feff432ca4006010000000006b
:10254c0000008690a100c01000000000c8ffbd274d
:10255c001400b0af0c00908c100004242800b5af10
:10256c001c00b2af1800b1af5400158e6c00118e68
:10257c003400bfaf3000b7af2c00b6af2400b4afff
:10258c002000b3af0400a4102590a0000c00a530cf
:10259c002b00a01484ff022401001492330080123b
:1025ac000200079225a000006d00e01025980000a5
:1025bc0025b0000010000a243c004a12c26112002f
:1025cc000f0057324058170021686c0180700d00c5
:1025dc002178cd0180c00f0021c838020c003f8f3c
:1025ec000100e233080040102094127c0800238f75
:1025fc005f00601404001f7c2000358f0c003faf7f
:10260c000400157c200035af01001f920400e05738
:10261c000200139269006016000000000200139281
:10262c0003006016000000006000c01600000000ef
:10263c00030080122510000001001424680014a26d
:10264c003400bf8f3000b78f2c00b68f2800b58fa9
:10265c002400b48f2000b38f1c00b28f1800b18ff0
:10266c001400b08f0800e0033800bd273700e014d9
:10267c000100092468000892320009113400bf8f50
:10268c003000b78f2c00b68f2800b58f2400b48f84
:10269c002000b38f1c00b28f1800b18f1400b08fc4
:1026ac0081ff02240800e0033800bd2790000624b7
:1026bc0025280000700f410f8400042625200002fd
:1026cc00dc6b400f400005240600b7960c002b8ee7
:1026dc0000ffec320600aca60800ad9620002e8e52
:1026ec0034002f8e4800388e5c00398e7000328e8c
:1026fc008400238e9800228e00ffa63104000b7cf0
:10270c0004000e7c04000f7c0400187c0400197c6f
:10271c000400127c0400037c0400027c0800a6a6c2
:10272c000c002bae20002eae34002fae480038ae7d
:10273c005c0039ae700032ae840023aeb2ff0010e4
:10274c00980022ae680000a225a0c000a308410f8b
:10275c006000048e0200079295ffe014259840005b
:10276c00a308410f6400048e92ff001025b04000b6
:10277c0004002697100025970c003faf4e8d400f9c
:10278c0025200002010006240420e602278804000c
:10279c0010004006ffff25320800a7962440a70032
:1027ac000800a8a699ff001001001f920c0f410f02
:1027bc006400048e9eff0010000000000c0f410fff
:1027cc006000048e96ff0010020013920800e003d4
:1027dc0083ff02240600a9962450a9000600aaa68d
:0827ec008aff001001001f929a
:020000040000fa
:020000041d02db
:1027f400c8ffbd273800ace73800a38f493f043c2d
:1028040000f0627cdb0f84242b2044002800b1af4d
:102814002400b0af3400bfaf3000b3af2c00b2af70
:102824002588a000250080102580c0008039043c44
:102834002b10440018004010f07f023c2418620062
:1028440010006014049d023cc88e40c4026000461f
:102854001000a0e73800a0c7049d023c000020e659
:102864001c8e40c4000000e63400bf8f3000b38fdc
:102874002c00b28f2800b18f2400b08f0800e00331
:102884003800bd27049d023ce48e40c43800a1c733
:10289400efff0010000800463800a0c721030046df
:1028a4007c0b410f1800acf71800acd7210b410f7b
:1028b400000020e6ecff0010000000e67b40043c32
:1028c400d25384242b2044002c008010c21f030008
:1028d4003800a0c71640043ce4cb84342b104400d9
:1028e4001400401021030046039d023c09006010bf
:1028f400183f40d400632046210b410f1800acf769
:10290400000003440080023c261043000500001030
:10291400000022ae01032c46210b410f1800acf736
:10292400000020e67c0b410f1800acd7ceff00104e
:10293400000000e6039d023c0e006010603f40d49e
:10294400006320467c0b410f1800acf700000244e2
:102954000080123c1800acd726104202210b410f14
:10296400000022ae0000024426904202beff001086
:10297400000012aef3ff001001632046e240043c65
:10298400d63184242b2044001c0080103800a0c7ba
:10299400af40043ce0ed84342b10440010004010a0
:1029a40021030046039d023c0b006010683f40d4a5
:1029b40000632046210b410f1800acf71800acd778
:1029c4007c0b410f000020e6000003440080023c21
:1029d4002800001026104300c7ff001001632046a2
:1029e400039d023c03006010703f40d4acff001014
:1029f40000632046aaff001001632046807f033c49
:102a04002b104300050040140000000001000046a4
:102a14000000c0e494ff00100000a0e4c5dd400ff6
:102a24001000a5271000acd77c0b410f259840005f
:102a34001000acd7210b410f000012440300623296
:102a4400020004240d004410000003440300042485
:102a54000e0044500080023c040040140080023cfc
:102a6400000032ae80ff0010000000e6000020e607
:102a7400261052007cff0010000002ae0080023cd1
:102a840026905200d2ff0010000032ae2610430000
:0c2a9400000022ae74ff0010000012ae23
:020000040000fa
:020000041d02db
:102aa000c8ffbd272c00b6af5400968c3000b7afde
:102ab0001800b1af1400b0af3400bfaf2800b5affd
:102ac0002400b4af2000b3af1c00b2af0002d59217
:102ad00025b880000c00912425800000ff00b5324d
:102ae000071015020100433033006050010010262a
:102af00020000426002904002138c5020400e88cc7
:102b0000010006240002097d3900261100000000a2
:102b100002002a9201002b9280600a0021688a013b
:102b20006c00ee8e3b006015c0780d0021a0cf0137
:102b30000000938e1f006012feff19240800788e9b
:102b40006b00191300910a0004009f960400238e65
:102b50002000658e0400648e2b107f00440040101e
:102b60002b40a40000910a002150d20206014d9191
:102b700018006e8e0c006f8efe00a631080068ae45
:102b8000040065ae200060ae00008eae000020a202
:102b9000060146a10800e0510100102609f8e001f5
:102ba000252060020800788efeff192451001913b9
:102bb00021f8d2020100102608001324c8ff1316c2
:102bc000080031263400bf8f3000b78f2c00b68f3d
:102bd0002800b58f2400b48f2000b38f1c00b28f63
:102be0001800b18f1400b08f0800e0033800bd2733
:102bf0000400f48c010010260442147c0800132405
:102c00000400f4acb6ff131608003126eeff0010e6
:102c10003400bf8f2190cf011400538efeff142487
:102c20000800788e2000141300c90a0021f8d90288
:102c30000201e39310004225fb00643000290200ea
:102c40000201e4a32138c5020200e8900100102629
:102c50000400c87c080013240200e8a00800312604
:102c60009fff1316f8ff20a2d7ff00103400bf8f7c
:102c7000bdff001100910a0000390a002148c70277
:102c800006012b9101001026fe006c310800132470
:102c9000000020a206012ca191ff13160800312686
:102ca000c9ff00103400bf8f00490a002158c90233
:102cb00002016c9110004a25fb008d3100710a0061
:102cc00002016da10a78ce7e0004f37d1900661220
:102cd0002190ce02000020a201001026080013243b
:102ce0007fff131608003126b7ff00103400bf8f96
:102cf00021f8d2020601e3931800628e0c00658e63
:102d0000fe006430000020a2000082ae0601e4a3b1
:102d1000a9ffa010010010262520600209f8a000dc
:102d2000080013246eff131608003126a6ff0010ba
:102d30003400bf8f02004692c418667e020046a28d
:082d4000e5ff0010000020a2d5
:020000040000fa
:020000041d02db
:102d480080ffbd276c00b0af2580c0002530a000f3
:102d58005800a5277400b2af7000b1af7c00bfafb8
:102d68007800b3af258880003ecf400f2590e00063
:102d78001b0040145800b38f25282002253060021c
:102d8800119c400f3400a4274000a28f0d00432c53
:102d980015006010029d053c80200200b42da62479
:102da8000a38c47c0800e000000000004c2f029d97
:102db800682f029d102e029d502e029d102e029dfe
:102dc800042f029d102e029d102e029d102e029d92
:102dd800102e029d102e029d202f029d842f029df1
:102de800a10f410f25200002251000007c00bf8f95
:102df8007800b38f7400b28f7000b18f6c00b08f01
:102e08000800e0038000bd275400a527a7e8400f6d
:102e180025200002f6ff40147c00bf8f5400a0c795
:102e2800253840021000a6274d00004625286002dc
:102e3800252020026000a2afd5e8400f1000a1e7ce
:102e4800eaff00106000a28fa007410f25200002b2
:102e5800e7ff40147c00bf8f252800025bf0400f7d
:102e68001000a427e2ff40147c00bf8fcc07410f5d
:102e780025200002deff40147c00bf8f25280002b9
:102e88005bf0400f1c00a427d9ff40147c00bf8fc3
:102e9800cc07410f25200002d5ff40147c00bf8fce
:102ea800252800025bf0400f2800a427d0ff40141b
:102eb8007c00bf8fb607410f25200002ccff4014cd
:102ec8007c00bf8f253840021000a6272528600205
:102ed80025202002d5e8400f6000a2af7c00bf8ffc
:102ee8006000a28f7800b38f7400b28f7000b18f2a
:102ef8006c00b08f0800e0038000bd272528000281
:102f08005bf0400f1000a427b9ff40147c00bf8f6e
:102f1800edff0010253840027c00bf8f25384002a5
:102f2800253000027400b28f6c00b08f2528600233
:102f3800252020027800b38f7000b18f7504410bf3
:102f48008000bd271000a52761d7400f252000026b
:102f5800a7ff40147c00bf8fdbff0010253840021c
:102f68001000a527a7e8400f25200002a0ff401465
:102f78007c00bf8fd4ff0010253840025400a527dd
:102f8800a7e8400f2520000299ff40147c00bf8f5e
:102f9800049d093c5400a2c7548e23c53e1802461e
:102fa8000c000345411103460d11004600200c4456
:102fb800253840021000a627252860022520200277
:102fc8006000a2afd5e8400f1000acaf87ff00103b
:102fd8006000a28f00800b3c8d29004600300a4417
:082fe800f3ff001025604b010e
:020000040000fa
:020000041d02db
:102ff000b8ffbd273400b5af1000c28c0800d58cd7
:103000003800b6af2c00b3af2000b0af4400bfaf64
:103010004000beaf3c00b7af3000b4af2800b2af45
:103020002400b1af0c00d38c258080004c00a5afec
:1030300025b0e00023f7400f1800a2af0200a01651
:103040001800a38fffff75240000c38e0a00172409
:103050002110430025a00000259000000000c2ae12
:103060002a1055021f0040101800a28fffff4224b3
:103070002a1042021c004050219072023c00028e35
:103080004c00048e2b2044000e00801001004424cc
:103090003c0004ae00005190d5ff22264408027c7b
:1030a000251052002c00401400000000000071a206
:1030b0000000c28e0100142401004224e7ff00102a
:1030c0000100122484ee400f2520000225884000d4
:1030d000ffff0224f1ff2216d5ff22261200401224
:1030e0004400bf8f219072020a0002246300e2169e
:1030f000000040a20a0006241000a527f60e410f8a
:10310000252060024c00a48f01001124000082ac35
:103110001000a28f040083ac26105300feff03248e
:103120000a8862004400bf8f251020024000be8f35
:103130003c00b78f3800b68f3400b58f3000b48fa5
:103140002c00b38f2800b28f2400b18f2000b08fe5
:103150000800e0034800bd270800541621f0720261
:103160000a0002241200e216010054263000223a1e
:10317000080004240ab882000ba00200d0ff222617
:103180000a00422c36004014100002242b00e212e8
:10319000000000004c00028ed3ff405021907202cc
:1031a0003c00028effff4224ceff00103c0002ae26
:1031b000080002241f00e2162000223678000424b2
:1031c000eeff445425a000003c00028e4c00048e0b
:1031d0002b20440007008010010044243c0004ae72
:1031e000000044903c00028effff422407000010c4
:1031f0003c0002ae84ee400f252000022520400056
:103200004c00028ef8ff40543c00028eb30f410f79
:1032100000000000e0ff40504c00028e0000d1a3ef
:103220000000c28e25908002010042248bff001016
:1032300010001724d1ff001025a00000b30f410f8c
:1032400025202002d4ff40504c00028e0000d1a364
:103250000000c28e0100522680ff001001004224af
:1032600008000224faffe2560000d1a33800222a07
:103270000a000424f5ff00100ab882002530e0029d
:103280001000a527eb0e410f252060029eff0010c5
:043290004c00a48fbb
:020000040000fa
:020000041d02db
:103294003c00828c4c00838cd0ffbd272b1843004c
:1032a4001800b1af1400b0af2c00bfaf2800b5af09
:1032b4002400b4af2000b3af1c00b2af258080005f
:1032c4002e0060102588a000010043243c0083ac3c
:1032d40000005290d5ff42264408027c120040149c
:1032e40025a000003c00028e4c00038e2b184300e6
:1032f4002600601000000000010043243c0003aedf
:1033040000004290d0ff43240a00632c0400605460
:103314002d00523a210020564c00038e2d00523ac3
:103324000100542e25904000d0ff42260a00422c72
:10333400200040144c00038e040060102598000007
:103344003c00028effff42243c0002ae0080123c8f
:103354002c00bf8f25106002251840022800b58f6d
:103364002400b48f2000b38f1c00b28f1800b18fdb
:103374001400b08f0800e0033000bd2784ee400f36
:1033840000000000d3ff00102590400084ee400fa1
:1033940025200002dcff0010d0ff4324e0ff605032
:1033a4002d00523a3c00038effff6324dbff001024
:1033b4003c0003aecc0c153c25980000ccccb536b3
:1033c4003c00028e4c00038e2b1843003700601023
:1033d400010043243c0003ae000051900a00022483
:1033e40002186272d0ff2226219872000a00422c31
:1033f40004004010d0ff73262a107502f0ff401419
:10340400259020024701153cc397130015aeb5362d
:10341400d0ff22260a00422c34004050d0ff31262f
:103424002a10550231004050d0ff3126ffffa2265a
:1034340005004216e17a033cae4763242b1863026d
:103444002a006050d0ff31263c00028e4c00038ecf
:103454002b184300190060100000000001004324f1
:103464003c0003ae000042900a00032419007300dc
:103474001220000010280000023072702128c500bc
:10348400c3371100218891002b1824022120a600a3
:1034940021186400d0ff33262b887102ffff6324b8
:1034a40021902302daff00102588400084ee400fab
:1034b40025200002c9ff00102588400084ee400f3b
:1034c40025200002e9ff00100a0003243c00038ebb
:1034d4002b10620013004010000000000100622461
:1034e4003c0002ae00007190d0ff31260a00312e5c
:1034f400f6ff20164c00028e04004010000000006d
:103504003c00028effff42243c0002ae90ff80127a
:103514002b10130023181200239062008cff00105c
:103524002398130084ee400f25200002eeff0010c4
:0435340025884000a6
:020000040000fa
:020000041d02db
:10353800a300c01000000000010008244239050063
:10354800a100c8101f00a33040100800ffff48303a
:103558002b280601fdffa01440100800c210080027
:103568002400e62c9600c010000000002100e92489
:10357800e8ffbd27805009000800b2af1400b5afbe
:103588001000b4af0c00b3af0400b1af0000b0af8f
:1035980021288a0014019224010006240000a48c2a
:1035a8000458660026208b00ffff4c247100801110
:1035b8000000a4ace0ff6e242170c20123788e01c4
:1035c800256840000700f0312510800138000012fe
:1035d8002118a30123886c00049826022620930052
:1035e800ffff8225630040100000a4ac01001424f2
:1035f8002f001412020015242700151203001824a6
:103608001f001812040019241700191205000724b6
:103618000f00071206000824080008122358620049
:10362800234862000450260126208a00ffff422416
:10363800500040100000a4ac2358620004606601ea
:1036480026208c00ffff42244a0040100000a4ac52
:10365800236862000478a60126208f00ffff422419
:10366800440040100000a4ac2380620004880602d5
:1036780026209100ffff42243e0040100000a4ac29
:103688002398620004a0660226209400ffff4224cb
:10369800380040100000a4ac23a8620004c0a602b1
:1036a80026209800ffff4224320040100000a4acfe
:1036b800ffff582423c8780004402603feff59243e
:1036c800233879000448e600233862000438e6000d
:1036d80026388700fdff502423507000fcff51243a
:1036e8002640e8000450460123587100fbff53248c
:1036f800264809010458660123607300faff542420
:1037080026502a010460860123687400f9ff5524b5
:1037180026584b010468a6012378750026606c01c1
:103728000478e60126688d011a00c2112620af012f
:10373800f8ff42240f0000130000a7ac0d0020136f
:103748000000a8ac0b0000120000a9ac0900201270
:103758000000aaac070060120000abac05008012a4
:103768000000acac0300a0120000adacd0ff4014c8
:103778000000a4ac1400b58f1000b48f0c00b38ff8
:103788000800b28f0400b18f0000b08f0800e0037a
:103798001800bd270400a52480ffb21425180000d6
:1037a8001400b58f1000b48f0c00b38f0800b28fcf
:1037b8000400b18f0000b08f0800e0031800bd2797
:1037c8000800e0030000000065ff0010251000005d
:020000040000fa
:020000041d02db
:1037d800c8ffbd271400b0af0080103c9c7f1026a6
:1037e8002c00b6af2800b5af2400b4af2000b3afab
:1037f8001c00b2af1800b1af3400bfaf3000b7af94
:1038080025a080002588a0002598c0002590e0000c
:103818009c03162650000010010015248f10410f3c
:103828000000000053005110253840025400048e57
:103838001400868c0000c48c080080102c00102610
:103848005e0007247c002712253840028f10410fa4
:103858000000000078005110253840025400088efe
:103868001400098d0000248d080080102c001726f4
:103878005e000a2464002a12253840028f10410f86
:1038880000000000600051102538400280000b8eb7
:1038980014006c8d0000848d0800801058001726d5
:1038a8005e000d245e002d12253840028f10410f56
:1038b800000000005a00511025384002ac000e8e5e
:1038c8001400cf8d0000e48d0800801084001726b6
:1038d8005e00182440003812253840028f10410f2e
:1038e800000000003c00511025384002d800198e15
:1038f80014003f8f0000e48f08008010b0001726e6
:103908005e0002243a002212253840028f10410f2f
:103918000000000036005110253840020401038ed3
:103928001400658c0000a48c08008010dc001726a9
:103938005e00062415002612253840028f10410f1c
:10394800000000001100511025384002080110261f
:10395800160016123400bf8f2800028e1400438c04
:103968000000648cb1ff80105e000524abff2516b3
:1039780025384002253060022528800245a2400fe4
:1039880025200002a9ff001025a8000025306002ac
:10399800252880022520e00245a2400f08011026b4
:1039a800edff161625a800003400bf8f2510a002d1
:1039b8003000b78f2c00b68f2800b58f2400b48f45
:1039c8002000b38f1c00b28f1800b18f1400b08f85
:1039d8000800e0033800bd27253060022528800252
:1039e80045a2400f2520e002c0ff001025a80000d6
:1039f800253060022528800245a2400f2520e002dc
:103a0800c6ff001025a80000253060022528800286
:103a180045a2400f2520e0029cff001025a80000c9
:103a2800253060022528800245a2400f2520e002ab
:103a3800a2ff001025a8000025306002252880027a
:103a480045a2400f2520000284ff001025a8000091
:020000040000fa
:020000041d02db
:103a5800d0ffbd273800aef72400b5af1c00b3afc8
:103a68003c00b58f3800b38f40101500c21f1300fb
:103a780025106200402813002518a2002c00bfafb3
:103a88002800b6af2000b4af1800b2af1400b1af31
:103a98001000b0af0f0060103000acf7f07f043cae
:103aa80000f0a67e010083242b18c3000a006010d2
:103ab8003000a0d70300c4143400b48f0700601688
:103ac8003800a1d7ff0703240055927e1100431642
:103ad8003000a48f3000a0d73800a1d702002146bb
:103ae800030020463000a0f72c00bf8f3000a0d77d
:103af8002800b68f2400b58f2000b48f1c00b38f28
:103b08001800b28f1400b18f1000b08f0800e003c6
:103b18003000bd27c2370400401814002518c30020
:103b28002b3843000e00e0144030040003006214f8
:103b38002b38a6000a00e01400000000ebffa614d2
:103b48002c00bf8feaff43543000a0d70000804408
:103b58003000a1d70000e044e2ff00100208204630
:103b680039004016021d040000131400003304003d
:103b78002030c67025106200020040102000c624c4
:103b8800203046702390060025288002460d410ffc
:103b98000100c62425886000258040000055b67eb7
:103ba8002e00c016021d1300001315000033130069
:103bb8002030c67025106200020040102000c62484
:103bc80020304670252060022528a00223b0060078
:103bd800460d410f0100c6242528600025984000a5
:103be800231813022b20030223102502231044005c
:103bf8002a20d2021d0080140000000004004004a6
:103c080025206200d1ff80102580600025884000b3
:103c18000215110020004010c21710002300405a5e
:103c280001000624f0ff023c211022020095120038
:103c38002590420204f0147c251892023000b0af9f
:103c4800a9ff00103400a3af0098827e1000113c39
:103c580025808000d1ff0010258822020098b57ebb
:103c68001000053cdeff00102528b50004004004c4
:103c780025206200b5ff801025806000258840005f
:103c8800c21710004088110025885100408010009c
:103c9800d3ff0010ffff52264088110025885100ed
:103ca80040801000daff0010ffff52262330d200b8
:103cb80025200002370d410f25282002259060009d
:083cc800dcff00102580400024
:020000040000fa
:020000041d02db
:103cd0009c80828fb0ffbd274800b3af4000b1afda
:103ce0004c00bfaf4400b2af3c00b0af25888000ad
:103cf0008f004010049d133c39000424630d410fd4
:103d0000944973260800708e09f800029c80848f05
:103d1000fdff4014f5ff04240180033cbcb1662480
:103d20001000a0af1000a4a30800c58c00a0093c9f
:103d30001000aa8f3c4732250400688e9c80848f37
:103d40000c00c5ac25380000888080af0200062436
:103d50003c472aad25284002040040ae080040ae92
:103d60000c0040ae1400a0af1800a0af09f800018d
:103d70001c00a0af09f800029c80848ffdff401456
:103d800000000000010047920100052411000424f6
:103d9000bd00410f988087a34006410f0100042415
:103da00020000524bd00410f4c000424020005241e
:103db000bd00410f1400042470000524bd00410f14
:103dc0006400042418000524bd00410f650004248c
:103dd00001000524bd00410f760004240400258e57
:103de000644e400f2c00a42704002b8e00002c9260
:103df00001006d2d40700d0001008f3925c0cf01ed
:103e000003001933a00025370b000424bd00410f27
:103e10003000b38f2c00a28f0c000424bd00410f92
:103e20003f004530ff006532bd00410f0d00042406
:103e30003400a38f001a707e003103002520d000cb
:103e4000ff008530bd00410f0e0004240200052450
:103e5000bd00410f760004240800258e644e400ffb
:103e60002000a4272000a98f0800258e3f003231b2
:103e7000404012000100aa2c2400b38f25284801dd
:103e8000bd00410f03000424ff006532bd00410f57
:103e9000040004242800ab8f001a677e00610b0029
:103ea00025688701ff00a531bd00410f05000424ee
:103eb00025280000bd00410f76000424bae3400f1e
:103ec0000c00248e0f004530bd00410f4f0004242c
:103ed0000c00248ebae3400f049d113c0f004530c6
:103ee000bd00410f500004240f000524bd00410f08
:103ef0004e0004244006410f2d00042420a6252650
:103f0000390004241c87400f253000004c00bf8f6f
:103f10004800b38f4400b28f4000b18f3c00b08f97
:103f2000030005243900042407ef400b5000bd278f
:103f30009449708e09f80002040004246eff0010fa
:043f40009c8082af30
:020000040000fa
:020000041d02db
:103f4400b480828fb0ffbd274800b3af4000b1af4b
:103f54004c00bfaf4400b2af3c00b0af2588800036
:103f64008f004010049d133c5c000424630d410f3a
:103f7400884973260800708e09f80002b480848f83
:103f8400fdff4014f5ff04240180033cccb16624fa
:103f94001000a0af1000a4a30800c58c00a0093c29
:103fa4001000aa8f4c4732250400688eb480848f99
:103fb4000c00c5ac25380000a08080af02000624a8
:103fc4004c472aad25284002040040ae080040ae0c
:103fd4000c0040ae1400a0af1800a0af09f8000117
:103fe4001c00a0af09f80002b480848ffdff4014c8
:103ff4000000000001004792010005241100042480
:10400400dc00410fb08087a34006410f0100042467
:1040140020000524dc00410f4c0004240200052488
:10402400dc00410f1400042470000524dc00410f5f
:104034006400042418000524dc00410f65000424f6
:1040440001000524dc00410f760004240400258ec1
:10405400644e400f2c00a42704002b8e00002c92e9
:1040640001006d2d40700d0001008f3925c0cf0176
:1040740003001933a00025370b000424dc00410f92
:104084003000b38f2c00a28f0c000424dc00410ffd
:104094003f004530ff006532dc00410f0d00042471
:1040a4003400a38f001a707e003103002520d00055
:1040b400ff008530dc00410f0e00042402000524bb
:1040c400dc00410f760004240800258e644e400f66
:1040d4002000a4272000a98f0800258e3f0032313c
:1040e400404012000100aa2c2400b38f2528480167
:1040f400dc00410f03000424ff006532dc00410fa3
:10410400040004242800ab8f001a677e00610b00b2
:1041140025688701ff00a531dc00410f0500042458
:1041240025280000dc00410f76000424bae3400f88
:104134000c00248e0f004530dc00410f4f00042496
:104144000c00248ebae3400f049d113c0f0045304f
:10415400dc00410f500004240f000524dc00410f53
:104164004e0004244006410f2d000424d0a6252629
:104174005c0004241c87400f253000004c00bf8fd6
:104184004800b38f4400b28f4000b18f3c00b08f21
:10419400030005245c00042407ef400b5000bd27f6
:1041a4008849708e09f80002910004246eff001003
:0441b400b48082afa2
:020000040000fa
:020000041d02db
:1041b800cc80828fb0ffbd274800b3af4000b1afbd
:1041c8004c00bfaf4400b2af3c00b0af25888000c0
:1041d8008f004010049d133c1c000424630d410f04
:1041e800884973260800708e09f80002cc80848ff5
:1041f800fdff4014f5ff04240180033cdcb1662474
:104208001000a0af1000a4a30800c58c00a0093cb2
:104218001000aa8f5c4732250400688ecc80848ffa
:104228000c00c5ac25380000b88080af0200062419
:104238005c472aad25284002040040ae080040ae85
:104248000c0040ae1400a0af1800a0af09f80001a0
:104258001c00a0af09f80002cc80848ffdff401439
:104268000000000001004792010005241100042409
:10427800fb00410fc88087a34006410f01000424ba
:1042880020000524fb00410f4c00042402000524f3
:10429800fb00410f1400042470000524fb00410fab
:1042a8006400042418000524fb00410f6500042461
:1042b80001000524fb00410f760004240400258e2c
:1042c800644e400f2c00a42704002b8e00002c9273
:1042d80001006d2d40700d0001008f3925c0cf0100
:1042e80003001933a00025370b000424fb00410ffd
:1042f8003000b38f2c00a28f0c000424fb00410f68
:104308003f004530ff006532fb00410f0d000424db
:104318003400a38f001a707e003103002520d000de
:10432800ff008530fb00410f0e0004240200052425
:10433800fb00410f760004240800258e644e400fd0
:104348002000a4272000a98f0800258e3f003231c5
:10435800404012000100aa2c2400b38f25284801f0
:10436800fb00410f03000424ff006532fb00410fee
:10437800040004242800ab8f001a677e00610b003c
:1043880025688701ff00a531fb00410f05000424c3
:1043980025280000fb00410f76000424bae3400ff3
:1043a8000c00248e0f004530fb00410f4f00042401
:1043b8000c00248ebae3400f049d113c0f004530d9
:1043c800fb00410f500004240f000524fb00410f9f
:1043d8004e0004244006410f2d00042480a7252602
:1043e8001c0004241c87400f253000004c00bf8fa0
:1043f8004800b38f4400b28f4000b18f3c00b08fab
:10440800030005241c00042407ef400b5000bd27bf
:104418008849708e09f80002920004246eff00108b
:04442800cc8082af13
:020000040000fa
:020000041d02db
:10442c00e480828fb0ffbd274800b3af4000b1af2e
:10443c004c00bfaf4400b2af3c00b0af2588800049
:10444c008f004010049d133c1d000424630d410f8c
:10445c00884973260800708e09f80002e480848f66
:10446c00fdff4014f5ff04240180033cecb16624ed
:10447c001000a0af1000a4a30800c58c00a0093c3c
:10448c001000aa8f6c4732250400688ee480848f5c
:10449c000c00c5ac25380000d08080af020006248b
:1044ac006c472aad25284002040040ae080040aeff
:1044bc000c0040ae1400a0af1800a0af09f800012a
:1044cc001c00a0af09f80002e480848ffdff4014ab
:1044dc000000000001004792010005241100042493
:1044ec001a01410fe08087a34006410f010004240c
:1044fc00200005241a01410f4c000424020005245d
:10450c001a01410f14000424700005241a01410ff4
:10451c0064000424180005241a01410f65000424ca
:10452c00010005241a01410f760004240400258e95
:10453c00644e400f2c00a42704002b8e00002c92fc
:10454c0001006d2d40700d0001008f3925c0cf0189
:10455c0003001933a00025370b0004241a01410f66
:10456c003000b38f2c00a28f0c0004241a01410fd1
:10457c003f004530ff0065321a01410f0d00042445
:10458c003400a38f001a707e003103002520d00068
:10459c00ff0085301a01410f0e000424020005248f
:1045ac001a01410f760004240800258e644e400f3a
:1045bc002000a4272000a98f0800258e3f0032314f
:1045cc00404012000100aa2c2400b38f252848017a
:1045dc001a01410f03000424ff0065321a01410f38
:1045ec00040004242800ab8f001a677e00610b00c6
:1045fc0025688701ff00a5311a01410f050004242d
:10460c00252800001a01410f76000424bae3400f5c
:10461c000c00248e0f0045301a01410f4f0004246a
:10462c000c00248ebae3400f049d113c0f00453062
:10463c001a01410f500004240f0005241a01410fe8
:10464c004e0004244006410f2d00042430a82526da
:10465c001d0004241c87400f253000004c00bf8f28
:10466c004800b38f4400b28f4000b18f3c00b08f34
:10467c00030005241d00042407ef400b5000bd2748
:10468c008849708e09f80002930004246eff001014
:04469c00e48082af85
:020000040000fa
:020000041d02db
:1046a000fc80828fb0ffbd274800b3af4000b1afa0
:1046b0004c00bfaf4400b2af3c00b0af25888000d3
:1046c0008f004010049d133c09000424630d410f2a
:1046d000a04973260800708e09f80002fc80848fc0
:1046e000fdff4014f5ff04240180033cfcb1662467
:1046f0001000a0af1000a4a30800c58c00a0093cc6
:104700001000aa8f7c4732250400688efc80848fbd
:104710000c00c5ac25380000e88080af02000624fc
:104720007c472aad25284002040040ae080040ae78
:104730000c0040ae1400a0af1800a0af09f80001b3
:104740001c00a0af09f80002fc80848ffdff40141c
:10475000000000000100479201000524110004241c
:104760003901410ff88087a34006410f010004245e
:10477000200005243901410f4c00042402000524c7
:104780003901410f14000424700005243901410f40
:1047900064000424180005243901410f6500042435
:1047a000010005243901410f760004240400258e00
:1047b000644e400f2c00a42704002b8e00002c9286
:1047c00001006d2d40700d0001008f3925c0cf0113
:1047d00003001933a00025370b0004243901410fd1
:1047e0003000b38f2c00a28f0c0004243901410f3c
:1047f0003f004530ff0065323901410f0d000424b0
:104800003400a38f001a707e003103002520d000f1
:10481000ff0085303901410f0e00042402000524f9
:104820003901410f760004240800258e644e400fa4
:104830002000a4272000a98f0800258e3f003231d8
:10484000404012000100aa2c2400b38f2528480103
:104850003901410f03000424ff0065323901410f83
:10486000040004242800ab8f001a677e00610b004f
:1048700025688701ff00a5313901410f0500042497
:10488000252800003901410f76000424bae3400fc7
:104890000c00248e0f0045303901410f4f000424d5
:1048a0000c00248ebae3400f049d113c0f004530ec
:1048b0003901410f500004240f0005243901410f34
:1048c0004e0004244006410f2d000424e0a82526b4
:1048d000090004241c87400f253000004c00bf8fc6
:1048e0004800b38f4400b28f4000b18f3c00b08fbe
:1048f000030005240900042407ef400b5000bd27e6
:10490000a049708e09f80002120004246eff001006
:04491000fc8082aff6
:020000040000fa
:020000041d02db
:104914001481828fb0ffbd274800b3af4000b1af10
:104924004c00bfaf4400b2af3c00b0af258880005c
:104934008f004010049d133c70000424630d410f4c
:10494400a04973260800708e09f800021481848f30
:10495400fdff4014f5ff04240180033c0cb26624df
:104964001000a0af1000a4a30800c58c00a0093c4f
:104974001000aa8f8c4732250400688e1481848f1e
:104984000c00c5ac25380000008180af020006246d
:104994008c472aad25284002040040ae080040aef2
:1049a4000c0040ae1400a0af1800a0af09f800013d
:1049b4001c00a0af09f800021481848ffdff40148d
:1049c40000000000010047920100052411000424a6
:1049d4005801410f108187a34006410f01000424b0
:1049e400200005245801410f4c0004240200052432
:1049f4005801410f14000424700005245801410f8c
:104a040064000424180005245801410f650004249f
:104a1400010005245801410f760004240400258e6a
:104a2400644e400f2c00a42704002b8e00002c920f
:104a340001006d2d40700d0001008f3925c0cf019c
:104a440003001933a00025370b0004245801410f3b
:104a54003000b38f2c00a28f0c0004245801410fa6
:104a64003f004530ff0065325801410f0d0004241a
:104a74003400a38f001a707e003103002520d0007b
:104a8400ff0085305801410f0e0004240200052464
:104a94005801410f760004240800258e644e400f0f
:104aa4002000a4272000a98f0800258e3f00323162
:104ab400404012000100aa2c2400b38f252848018d
:104ac4005801410f03000424ff0065325801410fcf
:104ad400040004242800ab8f001a677e00610b00d9
:104ae40025688701ff00a5315801410f0500042402
:104af400252800005801410f76000424bae3400f32
:104b04000c00248e0f0045305801410f4f0004243f
:104b14000c00248ebae3400f049d113c0f00453075
:104b24005801410f500004240f0005245801410f7f
:104b34004e0004244006410f2d00042490a925268c
:104b4400700004241c87400f253000004c00bf8fe8
:104b54004800b38f4400b28f4000b18f3c00b08f47
:104b6400030005247000042407ef400b5000bd2708
:104b7400a049708e09f800028f0004246eff001013
:044b8400148182af67
:020000040000fa
:020000041d02db
:104b88002c81828fb0ffbd274800b3af4000b1af82
:104b98004c00bfaf4400b2af3c00b0af25888000e6
:104ba8008f004010049d133c71000424630d410fd5
:104bb800a04973260800708e09f800022c81848fa2
:104bc800fdff4014f5ff04240180033c1cb2662459
:104bd8001000a0af1000a4a30800c58c00a0093cd9
:104be8001000aa8f9c4732250400688e2c81848f80
:104bf8000c00c5ac25380000188180af02000624df
:104c08009c472aad25284002040040ae080040ae6b
:104c18000c0040ae1400a0af1800a0af09f80001c6
:104c28001c00a0af09f800022c81848ffdff4014fe
:104c3800000000000100479201000524110004242f
:104c48007701410f288187a34006410f0100042402
:104c5800200005247701410f4c000424020005249c
:104c68007701410f14000424700005247701410fd7
:104c780064000424180005247701410f650004240a
:104c8800010005247701410f760004240400258ed5
:104c9800644e400f2c00a42704002b8e00002c9299
:104ca80001006d2d40700d0001008f3925c0cf0126
:104cb80003001933a00025370b0004247701410fa6
:104cc8003000b38f2c00a28f0c0004247701410f11
:104cd8003f004530ff0065327701410f0d00042485
:104ce8003400a38f001a707e003103002520d00005
:104cf800ff0085307701410f0e00042402000524cf
:104d08007701410f760004240800258e644e400f79
:104d18002000a4272000a98f0800258e3f003231eb
:104d2800404012000100aa2c2400b38f2528480116
:104d38007701410f03000424ff0065327701410f1a
:104d4800040004242800ab8f001a677e00610b0062
:104d580025688701ff00a5317701410f050004246c
:104d6800252800007701410f76000424bae3400f9c
:104d78000c00248e0f0045307701410f4f000424aa
:104d88000c00248ebae3400f049d113c0f004530ff
:104d98007701410f500004240f0005247701410fcb
:104da8004e0004244006410f2d00042440aa252665
:104db800710004241c87400f253000004c00bf8f71
:104dc8004800b38f4400b28f4000b18f3c00b08fd1
:104dd800030005247100042407ef400b5000bd2791
:104de800a049708e09f80002180004246eff001014
:044df8002c8182afd9
:020000040000fa
:020000041d02db
:104dfc004481828fb0ffbd274800b3af4000b1aff4
:104e0c004c00bfaf4400b2af3c00b0af258880006f
:104e1c008f004010049d133c72000424630d410f5d
:104e2c00a04973260800708e09f800024481848f13
:104e3c00fdff4014f5ff04240180033c2cb26624d2
:104e4c001000a0af1000a4a30800c58c00a0093c62
:104e5c001000aa8fac4732250400688e4481848fe1
:104e6c000c00c5ac25380000308180af0200062450
:104e7c00ac472aad25284002040040ae080040aee5
:104e8c000c0040ae1400a0af1800a0af09f8000150
:104e9c001c00a0af09f800024481848ffdff401470
:104eac0000000000010047920100052411000424b9
:104ebc009601410f408187a34006410f0100042455
:104ecc00200005249601410f4c0004240200052407
:104edc009601410f14000424700005249601410f23
:104eec0064000424180005249601410f6500042475
:104efc00010005249601410f760004240400258e40
:104f0c00644e400f2c00a42704002b8e00002c9222
:104f1c0001006d2d40700d0001008f3925c0cf01af
:104f2c0003001933a00025370b0004249601410f10
:104f3c003000b38f2c00a28f0c0004249601410f7b
:104f4c003f004530ff0065329601410f0d000424ef
:104f5c003400a38f001a707e003103002520d0008e
:104f6c00ff0085309601410f0e0004240200052439
:104f7c009601410f760004240800258e644e400fe4
:104f8c002000a4272000a98f0800258e3f00323175
:104f9c00404012000100aa2c2400b38f25284801a0
:104fac009601410f03000424ff0065329601410f66
:104fbc00040004242800ab8f001a677e00610b00ec
:104fcc0025688701ff00a5319601410f05000424d7
:104fdc00252800009601410f76000424bae3400f07
:104fec000c00248e0f0045309601410f4f00042415
:104ffc000c00248ebae3400f049d113c0f00453089
:10500c009601410f500004240f0005249601410f16
:10501c004e0004244006410f2d000424f0aa25263e
:10502c00720004241c87400f253000004c00bf8ff9
:10503c004800b38f4400b28f4000b18f3c00b08f5a
:10504c00030005247200042407ef400b5000bd2719
:10505c00a049708e09f80002730004246eff001042
:04506c00448182af4a
:020000040000fa
:020000041d02db
:105070005c81828fb0ffbd274800b3af4000b1af65
:105080004c00bfaf4400b2af3c00b0af25888000f9
:105090008f004010049d133c14000424630d410f45
:1050a0007c4973260800708e09f800025c81848fa9
:1050b000fdff4014f5ff04240180033c3cb266244c
:1050c0001000a0af1000a4a30800c58c00a0093cec
:1050d0001000aa8fbc4732250400688e5c81848f43
:1050e0000c00c5ac25380000488180af02000624c2
:1050f000bc472aad25284002040040ae080040ae5f
:105100000c0040ae1400a0af1800a0af09f80001d9
:105110001c00a0af09f800025c81848ffdff4014e1
:105120000000000001004792010005241100042442
:10513000b501410f588187a34006410f01000424a7
:1051400020000524b501410f4c0004240200052471
:10515000b501410f1400042470000524b501410f6e
:105160006400042418000524b501410f65000424df
:1051700001000524b501410f760004240400258eaa
:10518000644e400f2c00a42704002b8e00002c92ac
:1051900001006d2d40700d0001008f3925c0cf0139
:1051a00003001933a00025370b000424b501410f7b
:1051b0003000b38f2c00a28f0c000424b501410fe6
:1051c0003f004530ff006532b501410f0d0004245a
:1051d0003400a38f001a707e003103002520d00018
:1051e000ff008530b501410f0e00042402000524a4
:1051f000b501410f760004240800258e644e400f4f
:105200002000a4272000a98f0800258e3f003231fe
:10521000404012000100aa2c2400b38f2528480129
:10522000b501410f03000424ff006532b501410fb1
:10523000040004242800ab8f001a677e00610b0075
:1052400025688701ff00a531b501410f0500042441
:1052500025280000b501410f76000424bae3400f71
:105260000c00248e0f004530b501410f4f0004247f
:105270000c00248ebae3400f049d113c0f00453012
:10528000b501410f500004240f000524b501410f62
:105290004e0004244006410f2d000424a0ab252617
:1052a000140004241c87400f253000004c00bf8fe1
:1052b0004800b38f4400b28f4000b18f3c00b08fe4
:1052c000030005241400042407ef400b5000bd2701
:1052d0007c49708e09f80002900004246eff0010d3
:0452e0005c8182afbc
:020000040000fa
:020000041d02db
:1052e4007481828fb0ffbd274800b3af4000b1afd7
:1052f4004c00bfaf4400b2af3c00b0af2588800083
:105304008f004010049d133c8b000424630d410f57
:105314007c4973260800708e09f800027481848f1a
:10532400fdff4014f5ff04240180033c4cb26624c5
:105334001000a0af1000a4a30800c58c00a0093c75
:105344001000aa8fcc4732250400688e7481848fa4
:105354000c00c5ac25380000608180af0200062433
:10536400cc472aad25284002040040ae080040aed8
:105374000c0040ae1400a0af1800a0af09f8000163
:105384001c00a0af09f800027481848ffdff401453
:1053940000000000010047920100052411000424cc
:1053a400d401410f708187a34006410f01000424fa
:1053b40020000524d401410f4c00042402000524dc
:1053c400d401410f1400042470000524d401410fba
:1053d4006400042418000524d401410f650004244a
:1053e40001000524d401410f760004240400258e15
:1053f400644e400f2c00a42704002b8e00002c9236
:1054040001006d2d40700d0001008f3925c0cf01c2
:1054140003001933a00025370b000424d401410fe5
:105424003000b38f2c00a28f0c000424d401410f50
:105434003f004530ff006532d401410f0d000424c4
:105444003400a38f001a707e003103002520d000a1
:10545400ff008530d401410f0e000424020005240e
:10546400d401410f760004240800258e644e400fb9
:105474002000a4272000a98f0800258e3f00323188
:10548400404012000100aa2c2400b38f25284801b3
:10549400d401410f03000424ff006532d401410ffd
:1054a400040004242800ab8f001a677e00610b00ff
:1054b40025688701ff00a531d401410f05000424ac
:1054c40025280000d401410f76000424bae3400fdc
:1054d4000c00248e0f004530d401410f4f000424ea
:1054e4000c00248ebae3400f049d113c0f0045309c
:1054f400d401410f500004240f000524d401410fae
:105504004e0004244006410f2d00042450ac2526ef
:105514008b0004241c87400f253000004c00bf8ff3
:105524004800b38f4400b28f4000b18f3c00b08f6d
:10553400030005248b00042407ef400b5000bd2713
:105544007c49708e09f80002252000006eff0010cf
:04555400748182af2d
:020000040000fa
:020000041d02db
:105558008c81828fb0ffbd274800b3af4000b1af48
:105568004c00bfaf4400b2af3c00b0af258880000c
:105578008f004010049d133c8d000424630d410fdf
:105588007c4973260800708e09f800028c81848f8c
:10559800fdff4014f5ff04240180033c5cb266243f
:1055a8001000a0af1000a4a30800c58c00a0093cff
:1055b8001000aa8fdc4732250400688e8c81848f06
:1055c8000c00c5ac25380000788180af02000624a5
:1055d800dc472aad25284002040040ae080040ae52
:1055e8000c0040ae1400a0af1800a0af09f80001ed
:1055f8001c00a0af09f800028c81848ffdff4014c5
:105608000000000001004792010005241100042455
:10561800f301410f888187a34006410f010004244c
:1056280020000524f301410f4c0004240200052446
:10563800f301410f1400042470000524f301410f05
:105648006400042418000524f301410f65000424b4
:1056580001000524f301410f760004240400258e7f
:10566800644e400f2c00a42704002b8e00002c92bf
:1056780001006d2d40700d0001008f3925c0cf014c
:1056880003001933a00025370b000424f301410f50
:105698003000b38f2c00a28f0c000424f301410fbb
:1056a8003f004530ff006532f301410f0d0004242f
:1056b8003400a38f001a707e003103002520d0002b
:1056c800ff008530f301410f0e0004240200052479
:1056d800f301410f760004240800258e644e400f24
:1056e8002000a4272000a98f0800258e3f00323112
:1056f800404012000100aa2c2400b38f252848013d
:10570800f301410f03000424ff006532f301410f48
:10571800040004242800ab8f001a677e00610b0088
:1057280025688701ff00a531f301410f0500042416
:1057380025280000f301410f76000424bae3400f46
:105748000c00248e0f004530f301410f4f00042454
:105758000c00248ebae3400f049d113c0f00453025
:10576800f301410f500004240f000524f301410ff9
:105778004e0004244006410f2d00042400ad2526c8
:105788008d0004241c87400f253000004c00bf8f7b
:105798004800b38f4400b28f4000b18f3c00b08ff7
:1057a800030005248d00042407ef400b5000bd279b
:1057b8007c49708e09f80002480004246eff00102e
:0457c8008c8182af9f
:020000040000fa
:020000041d02db
:1057cc00a481828fb0ffbd274800b3af4000b1afba
:1057dc004c00bfaf4400b2af3c00b0af2588800096
:1057ec008f004010049d133c7c000424630d410f7a
:1057fc00944973260800708e09f80002a481848fe6
:10580c00fdff4014f5ff04240180033c6cb26624b8
:10581c001000a0af1000a4a30800c58c00a0093c88
:10582c001000aa8fec4732250400688ea481848f67
:10583c000c00c5ac25380000908180af0200062416
:10584c00ec472aad25284002040040ae080040aecb
:10585c000c0040ae1400a0af1800a0af09f8000176
:10586c001c00a0af09f80002a481848ffdff401436
:10587c0000000000010047920100052411000424df
:10588c001202410fa08187a34006410f010004249e
:10589c00200005241202410f4c00042402000524b0
:1058ac001202410f14000424700005241202410f4f
:1058bc0064000424180005241202410f650004241e
:1058cc00010005241202410f760004240400258ee9
:1058dc00644e400f2c00a42704002b8e00002c9249
:1058ec0001006d2d40700d0001008f3925c0cf01d6
:1058fc0003001933a00025370b0004241202410fba
:10590c003000b38f2c00a28f0c0004241202410f24
:10591c003f004530ff0065321202410f0d00042498
:10592c003400a38f001a707e003103002520d000b4
:10593c00ff0085301202410f0e00042402000524e2
:10594c001202410f760004240800258e644e400f8d
:10595c002000a4272000a98f0800258e3f0032319b
:10596c00404012000100aa2c2400b38f25284801c6
:10597c001202410f03000424ff0065321202410f92
:10598c00040004242800ab8f001a677e00610b0012
:10599c0025688701ff00a5311202410f0500042480
:1059ac00252800001202410f76000424bae3400fb0
:1059bc000c00248e0f0045301202410f4f000424be
:1059cc000c00248ebae3400f049d113c0f004530af
:1059dc001202410f500004240f0005241202410f43
:1059ec004e0004244006410f2d000424b0ad2526a2
:1059fc007c0004241c87400f253000004c00bf8f16
:105a0c004800b38f4400b28f4000b18f3c00b08f80
:105a1c00030005247c00042407ef400b5000bd2735
:105a2c009449708e09f80002940004246eff001053
:045a3c00a48182af10
:020000040000fa
:020000041d02db
:105a4000bc81828fb0ffbd274800b3af4000b1af2b
:105a50004c00bfaf4400b2af3c00b0af258880001f
:105a60008f004010049d133c8e000424630d410ff1
:105a70007c4973260800708e09f80002bc81848f6f
:105a8000fdff4014f5ff04240180033c7cb2662432
:105a90001000a0af1000a4a30800c58c00a0093c12
:105aa0001000aa8ffc4732250400688ebc81848fc9
:105ab0000c00c5ac25380000a88180af0200062488
:105ac000fc472aad25284002040040ae080040ae45
:105ad0000c0040ae1400a0af1800a0af09f8000100
:105ae0001c00a0af09f80002bc81848ffdff4014a8
:105af0000000000001004792010005241100042469
:105b00003102410fb88187a34006410f01000424f0
:105b1000200005243102410f4c000424020005241a
:105b20003102410f14000424700005243102410f9a
:105b300064000424180005243102410f6500042488
:105b4000010005243102410f760004240400258e53
:105b5000644e400f2c00a42704002b8e00002c92d2
:105b600001006d2d40700d0001008f3925c0cf015f
:105b700003001933a00025370b0004243102410f24
:105b80003000b38f2c00a28f0c0004243102410f8f
:105b90003f004530ff0065323102410f0d00042403
:105ba0003400a38f001a707e003103002520d0003e
:105bb000ff0085303102410f0e000424020005244d
:105bc0003102410f760004240800258e644e400ff8
:105bd0002000a4272000a98f0800258e3f00323125
:105be000404012000100aa2c2400b38f2528480150
:105bf0003102410f03000424ff0065323102410fde
:105c0000040004242800ab8f001a677e00610b009b
:105c100025688701ff00a5313102410f05000424ea
:105c2000252800003102410f76000424bae3400f1a
:105c30000c00248e0f0045303102410f4f00042428
:105c40000c00248ebae3400f049d113c0f00453038
:105c50003102410f500004240f0005243102410f8e
:105c60004e0004244006410f2d00042460ae25267a
:105c70008e0004241c87400f253000004c00bf8f8d
:105c80004800b38f4400b28f4000b18f3c00b08f0a
:105c9000030005248e00042407ef400b5000bd27ad
:105ca0007c49708e09f80002490004246eff001040
:045cb000bc8182af82
:020000040000fa
:020000041d02db
:105cb400d481828fb0ffbd274800b3af4000b1af9d
:105cc4004c00bfaf4400b2af3c00b0af25888000a9
:105cd4008f004010049d133c7e000424630d410f8b
:105ce400944973260800708e09f80002d481848fc9
:105cf400fdff4014f5ff04240180033c8cb26624ac
:105d04001000a0af1000a4a30800c58c00a0093c9b
:105d14001000aa8f0c4832250400688ed481848f29
:105d24000c00c5ac25380000c08180af02000624f9
:105d34000c482aad25284002040040ae080040aebd
:105d44000c0040ae1400a0af1800a0af09f8000189
:105d54001c00a0af09f80002d481848ffdff401419
:105d640000000000010047920100052411000424f2
:105d74005002410fd08187a34006410f0100042443
:105d8400200005245002410f4c0004240200052485
:105d94005002410f14000424700005245002410fe6
:105da40064000424180005245002410f65000424f3
:105db400010005245002410f760004240400258ebe
:105dc400644e400f2c00a42704002b8e00002c925c
:105dd40001006d2d40700d0001008f3925c0cf01e9
:105de40003001933a00025370b0004245002410f8f
:105df4003000b38f2c00a28f0c0004245002410ffa
:105e04003f004530ff0065325002410f0d0004246d
:105e14003400a38f001a707e003103002520d000c7
:105e2400ff0085305002410f0e00042402000524b7
:105e34005002410f760004240800258e644e400f62
:105e44002000a4272000a98f0800258e3f003231ae
:105e5400404012000100aa2c2400b38f25284801d9
:105e64005002410f03000424ff0065325002410f29
:105e7400040004242800ab8f001a677e00610b0025
:105e840025688701ff00a5315002410f0500042455
:105e9400252800005002410f76000424bae3400f85
:105ea4000c00248e0f0045305002410f4f00042493
:105eb4000c00248ebae3400f049d113c0f004530c2
:105ec4005002410f500004240f0005245002410fda
:105ed4004e0004244006410f2d00042410af252653
:105ee4007e0004241c87400f253000004c00bf8f27
:105ef4004800b38f4400b28f4000b18f3c00b08f94
:105f0400030005247e00042407ef400b5000bd2746
:105f14009449708e09f80002950004246eff001065
:045f2400d48182aff3
:020000040000fa
:020000041d02db
:105f2800ec81828fb0ffbd274800b3af4000b1af0e
:105f38004c00bfaf4400b2af3c00b0af2588800032
:105f48008f004010049d133c7d000424630d410f15
:105f5800944973260800708e09f80002ec81848f3a
:105f6800fdff4014f5ff04240180033c9cb2662425
:105f78001000a0af1000a4a30800c58c00a0093c25
:105f88001000aa8f1c4832250400688eec81848f8b
:105f98000c00c5ac25380000d88180af020006246b
:105fa8001c482aad25284002040040ae080040ae37
:105fb8000c0040ae1400a0af1800a0af09f8000113
:105fc8001c00a0af09f80002ec81848ffdff40148b
:105fd800000000000100479201000524110004247c
:105fe8006f02410fe88187a34006410f0100042496
:105ff800200005246f02410f4c00042402000524f0
:106008006f02410f14000424700005246f02410f31
:1060180064000424180005246f02410f650004245d
:10602800010005246f02410f760004240400258e28
:10603800644e400f2c00a42704002b8e00002c92e5
:1060480001006d2d40700d0001008f3925c0cf0172
:1060580003001933a00025370b0004246f02410ff9
:106068003000b38f2c00a28f0c0004246f02410f64
:106078003f004530ff0065326f02410f0d000424d8
:106088003400a38f001a707e003103002520d00051
:10609800ff0085306f02410f0e0004240200052422
:1060a8006f02410f760004240800258e644e400fcd
:1060b8002000a4272000a98f0800258e3f00323138
:1060c800404012000100aa2c2400b38f2528480163
:1060d8006f02410f03000424ff0065326f02410f75
:1060e800040004242800ab8f001a677e00610b00af
:1060f80025688701ff00a5316f02410f05000424c0
:10610800252800006f02410f76000424bae3400fef
:106118000c00248e0f0045306f02410f4f000424fd
:106128000c00248ebae3400f049d113c0f0045304b
:106138006f02410f500004240f0005246f02410f25
:106148004e0004244006410f2d000424c0af25262c
:106158007d0004241c87400f253000004c00bf8fb1
:106168004800b38f4400b28f4000b18f3c00b08f1d
:10617800030005247d00042407ef400b5000bd27d1
:106188009449708e09f80002960004246eff0010ee
:04619800ec8182af65
:020000040000fa
:020000041d02db
:10619c000482828fb0ffbd274800b3af4000b1af7f
:1061ac004c00bfaf4400b2af3c00b0af25888000bc
:1061bc008f004010049d133c7b000424630d410fa1
:1061cc00ac4973260800708e09f800020482848f93
:1061dc00fdff4014f5ff04240180033cacb266249f
:1061ec001000a0af1000a4a30800c58c00a0093caf
:1061fc001000aa8f2c4832250400688e0482848fec
:10620c000c00c5ac25380000f08180af02000624dc
:10621c002c482aad25284002040040ae080040aeb0
:10622c000c0040ae1400a0af1800a0af09f800019c
:10623c001c00a0af09f800020482848ffdff4014fb
:10624c000000000001004792010005241100042405
:10625c008e02410f008287a34006410f01000424e7
:10626c00200005248e02410f4c000424020005245a
:10627c008e02410f14000424700005248e02410f7d
:10628c0064000424180005248e02410f65000424c8
:10629c00010005248e02410f760004240400258e93
:1062ac00644e400f2c00a42704002b8e00002c926f
:1062bc0001006d2d40700d0001008f3925c0cf01fc
:1062cc0003001933a00025370b0004248e02410f64
:1062dc003000b38f2c00a28f0c0004248e02410fcf
:1062ec003f004530ff0065328e02410f0d00042443
:1062fc003400a38f001a707e003103002520d000db
:10630c00ff0085308e02410f0e000424020005248c
:10631c008e02410f760004240800258e644e400f37
:10632c002000a4272000a98f0800258e3f003231c1
:10633c00404012000100aa2c2400b38f25284801ec
:10634c008e02410f03000424ff0065328e02410fc0
:10635c00040004242800ab8f001a677e00610b0038
:10636c0025688701ff00a5318e02410f050004242a
:10637c00252800008e02410f76000424bae3400f5a
:10638c000c00248e0f0045308e02410f4f00042468
:10639c000c00248ebae3400f049d113c0f004530d5
:1063ac008e02410f500004240f0005248e02410f71
:1063bc004e0004244006410f2d00042470b0252605
:1063cc007b0004241c87400f253000004c00bf8f3d
:1063dc004800b38f4400b28f4000b18f3c00b08fa7
:1063ec00030005247b00042407ef400b5000bd275d
:1063fc00ac49708e09f800023e0004246eff0010b8
:04640c00048282afd5
:020000040000fa
:020000041d02db
:106410001c82828fb0ffbd274800b3af4000b1aff0
:106420004c00bfaf4400b2af3c00b0af2588800045
:106430008f004010049d133c7a000424630d410f2b
:10644000ac4973260800708e09f800021c82848f04
:10645000fdff4014f5ff04240180033cbcb2662418
:106460001000a0af1000a4a30800c58c00a0093c38
:106470001000aa8f3c4832250400688e1c82848f4d
:106480000c00c5ac25380000088280af020006244d
:106490003c482aad25284002040040ae080040ae2a
:1064a0000c0040ae1400a0af1800a0af09f8000126
:1064b0001c00a0af09f800021c82848ffdff40146d
:1064c000000000000100479201000524110004248f
:1064d000ad02410f188287a34006410f010004243a
:1064e00020000524ad02410f4c00042402000524c5
:1064f000ad02410f1400042470000524ad02410fc9
:106500006400042418000524ad02410f6500042432
:1065100001000524ad02410f760004240400258efd
:10652000644e400f2c00a42704002b8e00002c92f8
:1065300001006d2d40700d0001008f3925c0cf0185
:1065400003001933a00025370b000424ad02410fce
:106550003000b38f2c00a28f0c000424ad02410f39
:106560003f004530ff006532ad02410f0d000424ad
:106570003400a38f001a707e003103002520d00064
:10658000ff008530ad02410f0e00042402000524f7
:10659000ad02410f760004240800258e644e400fa2
:1065a0002000a4272000a98f0800258e3f0032314b
:1065b000404012000100aa2c2400b38f2528480176
:1065c000ad02410f03000424ff006532ad02410f0c
:1065d000040004242800ab8f001a677e00610b00c2
:1065e00025688701ff00a531ad02410f0500042495
:1065f00025280000ad02410f76000424bae3400fc5
:106600000c00248e0f004530ad02410f4f000424d2
:106610000c00248ebae3400f049d113c0f0045305e
:10662000ad02410f500004240f000524ad02410fbc
:106630004e0004244006410f2d00042420b12526dd
:106640007a0004241c87400f253000004c00bf8fc7
:106650004800b38f4400b28f4000b18f3c00b08f30
:10666000030005247a00042407ef400b5000bd27e7
:10667000ac49708e09f80002770004246eff001008
:046680001c8282af47
:020000040000fa
:020000041d02db
:106684003482828fb0ffbd274800b3af4000b1af62
:106694004c00bfaf4400b2af3c00b0af25888000cf
:1066a4008f004010049d133c79000424630d410fb6
:1066b400ac4973260800708e09f800023482848f76
:1066c400fdff4014f5ff04240180033cccb2662492
:1066d4001000a0af1000a4a30800c58c00a0093cc2
:1066e4001000aa8f4c4832250400688e3482848faf
:1066f4000c00c5ac25380000208280af02000624bf
:106704004c482aad25284002040040ae080040aea3
:106714000c0040ae1400a0af1800a0af09f80001af
:106724001c00a0af09f800023482848ffdff4014de
:106734000000000001004792010005241100042418
:10674400cc02410f308287a34006410f010004248c
:1067540020000524cc02410f4c000424020005242f
:10676400cc02410f1400042470000524cc02410f14
:106774006400042418000524cc02410f650004249d
:1067840001000524cc02410f760004240400258e68
:10679400644e400f2c00a42704002b8e00002c9282
:1067a40001006d2d40700d0001008f3925c0cf010f
:1067b40003001933a00025370b000424cc02410f39
:1067c4003000b38f2c00a28f0c000424cc02410fa4
:1067d4003f004530ff006532cc02410f0d00042418
:1067e4003400a38f001a707e003103002520d000ee
:1067f400ff008530cc02410f0e0004240200052462
:10680400cc02410f760004240800258e644e400f0c
:106814002000a4272000a98f0800258e3f003231d4
:10682400404012000100aa2c2400b38f25284801ff
:10683400cc02410f03000424ff006532cc02410f57
:10684400040004242800ab8f001a677e00610b004b
:1068540025688701ff00a531cc02410f05000424ff
:1068640025280000cc02410f76000424bae3400f2f
:106874000c00248e0f004530cc02410f4f0004243d
:106884000c00248ebae3400f049d113c0f004530e8
:10689400cc02410f500004240f000524cc02410f08
:1068a4004e0004244006410f2d000424d0b12526b7
:1068b400790004241c87400f253000004c00bf8f52
:1068c4004800b38f4400b28f4000b18f3c00b08fba
:1068d400030005247900042407ef400b5000bd2772
:1068e400ac49708e09f80002760004246eff001093
:0468f400348282afb9
:020000040000fa
:020000041d02db
:1068f8004c82828fb0ffbd274800b3af4000b1afd4
:106908004c00bfaf4400b2af3c00b0af2588800058
:106918008f004010049d133c78000424630d410f40
:10692800ac4973260800708e09f800024c82848fe7
:10693800fdff4014f5ff04240180033cdcb266240b
:106948001000a0af1000a4a30800c58c00a0093c4b
:106958001000aa8f5c4832250400688e4c82848f10
:106968000c00c5ac25380000388280af0200062430
:106978005c482aad25284002040040ae080040ae1d
:106988000c0040ae1400a0af1800a0af09f8000139
:106998001c00a0af09f800024c82848ffdff401450
:1069a80000000000010047920100052411000424a2
:1069b800eb02410f488287a34006410f01000424df
:1069c80020000524eb02410f4c000424020005249a
:1069d800eb02410f1400042470000524eb02410f60
:1069e8006400042418000524eb02410f6500042408
:1069f80001000524eb02410f760004240400258ed3
:106a0800644e400f2c00a42704002b8e00002c920b
:106a180001006d2d40700d0001008f3925c0cf0198
:106a280003001933a00025370b000424eb02410fa3
:106a38003000b38f2c00a28f0c000424eb02410f0e
:106a48003f004530ff006532eb02410f0d00042482
:106a58003400a38f001a707e003103002520d00077
:106a6800ff008530eb02410f0e00042402000524cc
:106a7800eb02410f760004240800258e644e400f77
:106a88002000a4272000a98f0800258e3f0032315e
:106a9800404012000100aa2c2400b38f2528480189
:106aa800eb02410f03000424ff006532eb02410fa3
:106ab800040004242800ab8f001a677e00610b00d5
:106ac80025688701ff00a531eb02410f050004246a
:106ad80025280000eb02410f76000424bae3400f9a
:106ae8000c00248e0f004530eb02410f4f000424a8
:106af8000c00248ebae3400f049d113c0f00453072
:106b0800eb02410f500004240f000524eb02410f53
:106b18004e0004244006410f2d00042480b225268f
:106b2800780004241c87400f253000004c00bf8fdc
:106b38004800b38f4400b28f4000b18f3c00b08f43
:106b4800030005247800042407ef400b5000bd27fc
:106b5800ac49708e09f80002740004246eff00101e
:046b68004c8282af2a
:020000040000fa
:020000041d02db
:106b6c006482828fb0ffbd274800b3af4000b1af45
:106b7c004c00bfaf4400b2af3c00b0af25888000e2
:106b8c008f004010049d133c01000424630d410f41
:106b9c00884973260800708e09f800026482848f7d
:106bac00fdff4014f5ff04240180033cecb2662485
:106bbc001000a0af1000a4a30800c58c00a0093cd5
:106bcc001000aa8f6c4832250400688e6482848f72
:106bdc000c00c5ac25380000508280af02000624a2
:106bec006c482aad25284002040040ae080040ae97
:106bfc000c0040ae1400a0af1800a0af09f80001c3
:106c0c001c00a0af09f800026482848ffdff4014c1
:106c1c00000000000100479201000524110004242b
:106c2c000a03410f608287a34006410f0100042430
:106c3c00200005240a03410f4c0004240200052403
:106c4c000a03410f14000424700005240a03410fa9
:106c5c0064000424180005240a03410f6500042471
:106c6c00010005240a03410f760004240400258e3c
:106c7c00644e400f2c00a42704002b8e00002c9295
:106c8c0001006d2d40700d0001008f3925c0cf0122
:106c9c0003001933a00025370b0004240a03410f0d
:106cac003000b38f2c00a28f0c0004240a03410f78
:106cbc003f004530ff0065320a03410f0d000424ec
:106ccc003400a38f001a707e003103002520d00001
:106cdc00ff0085300a03410f0e0004240200052436
:106cec000a03410f760004240800258e644e400fe1
:106cfc002000a4272000a98f0800258e3f003231e8
:106d0c00404012000100aa2c2400b38f2528480112
:106d1c000a03410f03000424ff0065320a03410fec
:106d2c00040004242800ab8f001a677e00610b005e
:106d3c0025688701ff00a5310a03410f05000424d3
:106d4c00252800000a03410f76000424bae3400f03
:106d5c000c00248e0f0045300a03410f4f00042411
:106d6c000c00248ebae3400f049d113c0f004530fb
:106d7c000a03410f500004240f0005240a03410f9d
:106d8c004e0004244006410f2d00042430b3252668
:106d9c00010004241c87400f253000004c00bf8fdd
:106dac004800b38f4400b28f4000b18f3c00b08fcd
:106dbc00030005240100042407ef400b5000bd27fd
:106dcc008849708e09f800021b0004246eff001025
:046ddc00648282af9c
:020000040000fa
:020000041d02db
:106de0000900a22c8900401000000000029d033c15
:106df00080280500246e64240a38857cd0ffbd27d6
:106e00002c00bfaf2800b6af2400b5af2000b4af50
:106e10001c00b3af1800b2af1400b1af0800e0001f
:106e20001000b0afc86f029da46e029d8c6f029dd2
:106e3000486e029d786e029dd86e029d7c6e029d0a
:106e40007c6e029d486e029d2c00bf8f2800b68f7d
:106e50002400b58f2000b48f1c00b38f1800b28fb0
:106e60001400b18f1000b08f2480848f252800007b
:106e70007eff400b3000bd27328380a32c00bf8fe4
:106e80002800b68f2400b58f2000b48f1c00b38f6c
:106e90001800b28f1400b18f1000b08f0800e0030b
:106ea0003000bd272c00bf8f2800b68f2400b58f7f
:106eb0002000b48f1c00b38f1800b28f1400b18f64
:106ec0001000b08f2480848f070006241c80852743
:106ed000aef0400b3000bd2733838893ff000931ab
:106ee000e7ff20112c00bf8f01800a3c4cb35025d6
:106ef0000c000b8e08000c8e0400d18c2b308b0103
:106f00003e00c0140000000004000d8e08000e8e2c
:106f100021786d01fffff22523984e022bb07102fc
:106f20001700c016000000000800188e0400138e21
:106f300021c838022bf833033600e0174cb3558dc7
:106f40000800128e00a0053c0800028e23b07202d9
:106f50005c43b4242530c00225288002ca0e410fac
:106f60002120a2022318530221887100253020021b
:106f700021289602ca0e410f2520a002080011ae5a
:106f8000338380a3beff00102c00bf8f0000ca9087
:106f90002c00bf8f01005031348390a32800b68f9e
:106fa0002400b58f2000b48f1c00b38f1800b28f5f
:106fb0001400b18f1000b08f2480848f252800002a
:106fc0007eff400b3000bd272c00bf8f2800b68ffe
:106fd0002400b58f2000b48f1c00b38f1800b28f2f
:106fe0001400b18f1000b08f2480848f0700062416
:106ff0001c808527710d410b3000bd270800148ec1
:10700000ffff7525c5ff00102398b4020800e003b8
:10701000000000000800048e00a0073c253020027c
:107020005c43e524ca0e410f2120a4020800088e0b
:1070300021482802080009ae338380a390ff001086
:047040002c00bf8fd2
:020000040000fa
:020000041d02db
:10704400049d0a3c049d093c8018060088f34225ef
:10705400fcf228252300c72c0a78437c0ac0037d50
:107064008d00e01025108000029d043c80708b246c
:107074000a60637d08008001000000008c72029d9c
:107084008472029d7c72029d7472029d6c72029dd8
:107094006472029d5c72029d5472029d4c72029d48
:1070a4004472029d3c72029d3472029d2c72029db8
:1070b4002472029d1c72029d1472029d0c72029d28
:1070c4000472029dfc71029df471029dec71029d9b
:1070d400e471029ddc71029dd471029dcc71029d0c
:1070e400c471029dbc71029db471029dac71029d7c
:1070f400a471029d9c71029d9471029d8c71029dec
:107104000c71029d9472029de001b924049d0d3c12
:10711400383fae25049d093c2150ce00143f27255d
:107124002140c70000004c91049d0e3c049d0a3c84
:10713400049d043c00000d9170f2c925e4f147253b
:107144002558000058f18a240a40237d0a70e37c04
:1071540004388b7d0a18437de801c624047aab7d8c
:107164002128a60000004fac040058ac080059ac1c
:107174000c0048ac10004eac140043ac18004ba4f7
:107184000800e0031c0045ace0ff0010dc01b9245a
:10719400deff0010d801b924dcff0010d401b924ab
:1071a400daff0010d001b924d8ff0010cc01b924b3
:1071b400d6ff0010c801b924d4ff0010c401b924bb
:1071c400d2ff0010c001b924d0ff0010bc01b924c3
:1071d400ceff0010b801b924ccff0010b401b924cb
:1071e400caff0010b001b924c8ff0010ac01b924d3
:1071f400c6ff0010a801b924c4ff0010a501b924da
:10720400c2ff0010a401b924c0ff0010a001b924da
:10721400beff00109c01b924bcff00107c01b924fe
:10722400baff00105c01b924b8ff00103c01b92476
:10723400b6ff00101c01b924b4ff0010fc00b924ef
:10724400b2ff0010dc00b924b0ff0010d000b92454
:10725400aeff0010ac00b924acff0010a000b924ac
:10726400aaff00109400b924a8ff00107000b924ec
:10727400a6ff00106400b924a4ff00105800b9242c
:10728400a2ff00103400b924a0ff00101400b92498
:107294009eff0010e401b9249cff001025c80000e3
:020000040000fa
:020000041d02db
:1072a40078ffbd278000b1af7c00b0af2588c00057
:1072b4002580a0002530e000252880008400bfaf91
:1072c400119c400f5800a4276400a28f0d00432c8a
:1072d4001e0060106000a78f029d053c8020020004
:1072e400f472a6240a40c47c0800000100000000d7
:1072f4002873029dc474029d6473029d9073029d61
:107304006473029d2474029d6473029d6473029de0
:107314006473029d6473029d6473029d7074029d84
:107324009874029d0000ed907200a011019d0e3c26
:10733400019d0f3cbca3e725019d183c74990627c9
:1073440025282002bc0f410f252000028400bf8f96
:107354008000b18f7c00b08f0800e0038800bd2757
:10736400019d0c3c0000e78c25282002252000020a
:10737400bc0f410feca286258400bf8f8000b18f23
:107384007c00b08f0800e0038800bd272000e6c41d
:10739400019d0b3c25282002e13100465000a7f74f
:1073a4001c00e8c425200002cca3662561420046e7
:1073b4004800a9f71800eac4e15200464000abf7c0
:1073c4001400ecc4616300463800adf71000eec44d
:1073d400e17300463000aff70c00f0c4618400464e
:1073e4002800b1f70800f2c4e19400462000b3f786
:1073f4000400f5c4e1ad00461800b7f70000f9c475
:10740400e1ce0046bc0f410f1000bbf78400bf8fd4
:107414008000b18f7c00b08f0800e0038800bd2796
:107424000800e0c4019d0a3c2528200261000046b2
:107434002000a1f70400e2c425200002f0a34625a1
:10744400e11000461800a3f70000e4c461210046df
:10745400bc0f410f1000a5f78400bf8f8000b18fcf
:107464007c00b08f0800e0038800bd27019d093c23
:107474002528200225200002bc0f410ffca326254d
:107484008400bf8f8000b18f7c00b08f0800e003c0
:107494008800bd27019d193c0000e78c25282002a7
:1074a40025200002bc0f410f04a426278400bf8faf
:1074b4008000b18f7c00b08f0800e0038800bd27f6
:1074c4000000fdc4019d073c25282002e1ef004691
:1074d4001000bff725200002bc0f410f7c99e62461
:1074e4008400bf8f8000b18f7c00b08f0800e00360
:0c74f4008800bd2790ff0010c4a3c7252e
:020000040000fa
:020000041d02db
:107500002300a22c92004010029d033c802805001d
:10751000207566240a38c57c0800e00000000000e1
:107520003c77029d3077029d2477029d1877029d5b
:107530000c77029d0077029df476029de876029d0d
:10754000dc76029dd076029dc476029db876029dbf
:10755000ac76029da076029d9476029d8876029d6f
:107560007c76029d7076029d6476029d5876029d1f
:107570004c76029d4076029d3476029d2876029dcf
:107580001c76029d1076029d0476029df875029d80
:10759000ec75029de075029dd475029dc875029d33
:1075a000bc75029dac75029d4477029d21000824a4
:1075b000000088ac0800e00325100000200009242a
:1075c000fcff0010000089ac1f000a24f9ff001026
:1075d00000008aac1e000b24f6ff001000008bacec
:1075e0001d000c24f3ff001000008cac1c000d24c7
:1075f000f0ff001000008dac1b000e24edff00100a
:1076000000008eac1a000f24eaff001000008facbf
:1076100019001824e7ff0010000098ac1800192486
:10762000e4ff0010000099ac17000224e1ff0010f5
:10763000000082ac16000524deff0010000085acbf
:1076400015000324dbff0010000083ac14000624a7
:10765000d8ff0010000086ac13000724d5ff0010ef
:10766000000087ac12000824d2ff0010000088ac94
:1076700011000924cfff0010000089ac10000a247b
:10768000ccff001000008aac0f000b24c9ff0010d3
:1076900000008bac0e000c24c6ff001000008cac68
:1076a0000d000d24c3ff001000008dac0c000e2453
:1076b000c0ff001000008eac0b000f24bdff0010b7
:1076c00000008fac0a001824baff0010000098ac2c
:1076d00009001924b7ff0010000099ac080002242b
:1076e000b4ff0010000082ac07000524b1ff0010b9
:1076f000000085ac06000324aeff0010000083ac40
:1077000005000624abff0010000086ac040007242f
:10771000a8ff0010000087ac03000824a5ff00109c
:10772000000088ac02000924a2ff0010000089ac10
:1077300001000a249fff001000008aac9dff00108a
:10774000000080ac22000b249aff001000008bacdc
:087750000800e003010002241f
:020000040000fa
:020000041d02db
:107758000800828c1a0040180a00a32ce0ffbd27fd
:107768001800b2af1400b1af1000b0af1c00bfaf2b
:10777800258080002588a000200060102590c0008a
:1077880080200500029d053ca077a6240a38c47c09
:107798000800e000000000000478029d0478029dc3
:1077a8002078029d3c79029d4c79029d0478029dc7
:1077b8000478029d6079029d8479029dd077029dac
:1077c8000800e00300000000030008920410087c91
:1077d800030008a2e000188e010019244b00195379
:1077e800e800198e1c00bf8f1800b28f1400b18feb
:1077f8001000b08f0800e0032000bd27f5ff201619
:107808001c00bf8f1800b28f1400b18f1000b08f0a
:107818000800e0032000bd2700000f96f400188e32
:1078280084520f7c00000fa64000028f1c00048ebb
:1078380009f8400025280000f400198e1c00048e69
:107848004000228f09f84000800005248a65400f17
:1078580025200002f400038e1c00048e2400628c94
:1078680009f8400010000524f400058e1c00048e61
:107878002000a28c253000004000072409f84000b1
:10788800800005249000048e030086280800c0505c
:1078980003000792f4001f8e1c00048e3800e28f4c
:1078a8008800062609f840002528000003000792f2
:1078b80003000924f400088e0410277d030007a2a2
:1078c8001000028d09f840001c00048e00000a9682
:1078d80002000b2444184a7c0e004c310c000d8e1b
:1078e8002b008b1100000aa60800ae8d0400af9192
:1078f800e000188e01001924ae000fa2b0000eaef1
:10790800b8ff1917ad0000a2e800198eb5ff2013c3
:107918001c00bf8fec00068e1000b08f2528400297
:10792800252020021800b28f1400b18f0800200310
:107938002000bd2700000e9684520e7ca5ff001083
:1079480000000ea600000c9601000d248452ac7da8
:10795800a0ff001000000ca600000b9684520b7cc0
:1079680000000ba61c00bf8f1800b28f1400b18f47
:107978001000b08f0800e0032000bd270300099223
:1079880001000a240410497d92ff0010030009a297
:0c7998001400ae8dd6ff00101000af915f
:020000040000fa
:020000041d02db
:1079a400d0ffbd271c00b2af1800b1af1400b0afb8
:1079b400258880002580a0002590c0005000052463
:1079c400050006242c00bfaf2800b5af2400b4afd7
:1079d4002000b3afd0e6400f25a0e0000c00228ebb
:1079e40009f84000022210000c00338e09f86002ee
:1079f400ff0004320400238e09f860000000000038
:107a04001000358e09f8a00250000424670080128b
:107a140007008432ffff9326330080102580000086
:107a24000100052429008510020006242100861087
:107a3400030007241900871004000824110088108b
:107a4400050009240900891006000a2461008a54eb
:107a54001800308e1800228e09f840002b201302e3
:107a640021585002000062a1010010261800358e32
:107a740009f8a0022b20130221605002000082a109
:107a8400010010261800228e09f840002b20130252
:107a9400216850020000a2a1010010261800358eb2
:107aa40009f8a0022b201302217050020000c2a189
:107ab400010010261800228e09f840002b20130222
:107ac400217850020000e2a1010010261800358e32
:107ad40009f8a0022b20130221c050020100102635
:107ae40032009012000002a31800228e09f8400010
:107af4002b20130221c85002000022a301001526e6
:107b04001800228e09f840002b20b30221185502d8
:107b1400000062a0020015261800228e09f8400019
:107b24002b20b30221205502000082a00300152659
:107b34001800228e09f840002b20b3022128550298
:107b44000000a2a0040015261800228e09f84000a7
:107b54002b20b302213055020000c2a005001526d7
:107b64001800228e09f840002b20b3022138550258
:107b74000000e2a0060015261800228e09f8400035
:107b84002b20b30221405502000002a10700152654
:107b94001800228e09f840002b20b302080010269a
:107ba40021485502d0ff9016000022a10800398e0a
:107bb4002c00bf8f2800b58f2400b48f2000b38f12
:107bc4001c00b28f1800b18f1400b08f080020037e
:107bd4003000bd2709f800022b201300000042a248
:087be4009cff001001001024b9
:020000040000fa
:020000041d02db
:107bec000000acf70400a38ff07f023c242062005d
:107bfc00050082140000a58f21608c4d0000a0f7b9
:107c0c000800e0030000a0d70d00601c2510a000a8
:107c1c0000f0647c25208500f9ff80100000000036
:107c2c00680060100000a0d70080023c21000324f3
:107c3c00010020464c0343acf0ff0010030020462b
:107c4c00032503005d0080102528000001fc87241b
:107c5c000098637c1000043c251864000100e4309b
:107c6c0004008010c2270200401803002118830072
:107c7c0040100200c22702004018030021188300a4
:107c8c0040100200160008242000043c25280000a7
:107c9c00253000002148c4002a50690005004055d9
:107cac00c24f020021302401231869002128a400ae
:107cbc00c24f020040180300ffff0825211869007d
:107ccc0040100200f3ff00154220040025200000a4
:107cdc0020000b240080093c2a60c300050080159d
:107cec00215028010f0066142b604a000e008055ad
:107cfc00c257020021404901030041052560c00024
:107d0c00010003050100cc24231866002b304a0027
:107d1c000100c054ffff632423104a002120890076
:107d2c0025308001c257020040180300ffff6b256d
:107d3c002118430140100200e7ff6015424809007a
:107d4c00251862000c006010039d023cb03e40d42c
:107d5c00039d023c783f42d4010122463e0024465a
:107d6c0005000045ffff02242300825480002246b8
:107d7c000100a5242520000043300500e03f023c13
:107d8c00433807002130c200c02f050042200400f8
:107d9c00003d07002510a4002118e6000000a2af4a
:107dac0097ff00100400a3afc21a0200ebff84245b
:107dbc0040150200fcff6010252800000500001093
:107dcc001000073cfbff00102520000040180300aa
:107ddc000100a52424306700fcffc010ffffa6247f
:107dec0023208600233005000630c20025186600cb
:107dfc0096ff00100410a2003c0122460500044529
:107e0c00feff0224010082500100a524daff0010bd
:107e1c000200842401008424d7ff00100400047c99
:020000040000fa
:020000041d02db
:107e2c0000008294e0ffbd270e00473002000624bc
:107e3c001800b2af0200a390259080001c00bfafc9
:107e4c000c00848c1400b1af5700e6101000b0afda
:107e5c00100088902b486800580020111c00bf8f20
:107e6c001400908c55000012806003000a800c7e78
:107e7c00520000121c00bf8f0700ad90030011923e
:107e8c000600a59002000e92007a0d0000c21100af
:107e9c0025380e0325c8e5012bf827036700e017ea
:107eac002510e501fffff130010004244100262ece
:107ebc004b00c0144c0144aefa004b2602000c24bb
:107ecc00c0ff31264c014cae25c8600140000d2688
:107edc0003000e8a0700058a0b000f8a0f00188a10
:107eec0000000e9a0c00189a0400059a08000f9acc
:107efc0003002eab00002ebb070025ab040025bbf6
:107f0c000b002fab08002fbb100010260f0038ab56
:107f1c000c0038bbeeff0d1610003927f4005f8ef5
:107f2c0007000224fb0042a23f0027320200042477
:107f3c00010006243800e38f0a3087004000082433
:107f4c001c00448e740046ae3c014bae3c014626f0
:107f5c00400148ae480140ae500152ae09f86000f5
:107f6c0080000524f400498e049d0a3ce4a14b25b5
:107f7c003800398d1c00448e640050ae680051ae40
:107f8c001c00bf8f1400b18f1000b08f70004bae6f
:107f9c00780052ae640046261800b28f800005248b
:107fac00080020032000bd2704008a902b586a008b
:107fbc00070060550800908c1c00bf8f1800b28f12
:107fcc001400b18f1000b08f0800e0032000bd2713
:107fdc00a6ff001680600300f8ff00101c00bf8f86
:107fec00fa00442625302002ca0e410f2528000233
:107ffc00049d103cf400488e07000924fb0049a2a4
:10800c00e4a10a263800198d1c00448e400151aea3
:10801c001c00bf8f1400b18f1000b08f3c0142ae1a
:10802c0048014aae500152ae3c0146261800b28fb0
:10803c0080000524080020032000bd2725384000bf
:10804c00fffff130010004244100262e9affc010de
:0c805c004c0144aee3ff0010fa00442683
:020000040000fa
:020000041d02db
:10806800e0ffbd271400aee71800b0af1400b08fd2
:10807800807f063c00f0027e0100c5242b184500d5
:108088001c00bfaf060060101000ace71000a48f02
:1080980000f0837c2b2865000600a014803f053c77
:1080a8001000a0c71400a1c700000146110000106d
:1080b8001000a0e7040005161c00bf8f1800b08f41
:1080c800bcaf400b2000bd27828710000200103291
:1080d800c22704000c006014258004020200022458
:1080e80058000212049d023c0300022457000212a9
:1080f800049d023c1c00bf8f1000a0c71800b08f61
:108108000800e0032000bd2707004014000000001d
:108118000100103253000056049d023c049d023cad
:10812800e2ff0010a08e40c421004614000d053c5b
:10813800160062140300022410000212049d023c7f
:108148000100022443000212049d023c02000224a2
:1081580042000256049d023c049d023cac8e40c481
:10816800049d023c2c8e41c402000146049d023c41
:10817800b88e41c4cdff001002000146ac8e40c449
:10818800049d023cf8ff0010bc8e41c4ffff10267e
:108198000300022ed7ff40101000a0af049d023c40
:1081a80080801000d0494224c0ff00100000024e19
:1081b800212045002b208300d6ff80540100103277
:1081c800d3ff6610020004320400801021186500f5
:1081d8002b10620025004014020002241400a1c7dd
:1081e8001000a0c73d12410f03030146bcaf400f6a
:1081f80006030046020002240a0002121000a0e74b
:10820800030002241c000212049d023cb9ff001264
:108218000080023c1000a38f26104300b5ff001019
:108228001000a2af049d023cc08e40c41000a1c73c
:10823800049d023c00080046ac8e41c49bff001020
:108248000108004699ff0010ac8e40c497ff00104b
:10825800b08e40c495ff0010a88e40c493ff001054
:10826800a48e40c491ff0010b48e40c4edff0212ea
:108278001000a0af049d023cc08e40c41000a1c7ee
:10828800049d023c00080046ac8e41c487ff0010e4
:04829800010001469a
:020000040000fa
:020000041d02db
:10829c00e0fdbd271802b2af1402b1af2590c000ab
:1082ac002588a000000206241002b0af1c02bfaf4c
:1082bc00e103410f1000a5277d00401425804000ec
:1082cc00d50e410f1000a427070044301000a3273f
:1082dc0031008010211062001000a793d0ffe6241b
:1082ec000a00c82c560000111100a3270100092414
:1082fc002900891002000a2422008a1003000b2492
:10830c001b008b1004000c2414008c1005000d2491
:10831c000d008d1006000e2407008e5000007f907b
:10832c0000006f90d0fff8250a00192f440020138d
:10833c001200a32700007f90d0ffe4270a00852cb1
:10834c003f00a0100100632400006790d0ffe624da
:10835c000a00c82c3a000011010063240000699047
:10836c00d0ff2a250a004b2d350060110100632433
:10837c0000006c90d0ff8d250a00ae2d3000c0118e
:10838c000100632400006f90d0fff8250a00192f1c
:10839c002b002013010063243a006250019d033c22
:1083ac0000007f90d0ffe4270a00852c2500a05008
:1083bc00019d103c01006790d0ffe6240a00c82cf8
:1083cc0020000051019d103c02006990d0ff2a252d
:1083dc000a004b2d1b006051019d103c03006c905a
:1083ec00d0ff8d250a00ae2d1600c051019d103c0a
:1083fc0004006f90d0fff8250a00192f11002053ac
:10840c00019d103c05007f90d0ffe4270a00852ccd
:10841c000c00a050019d103c06006790d0ffe62494
:10842c000a00c82c07000051019d103c0700699000
:10843c00d0ff2a250a004b2dd7ff601508006324b6
:10844c00019d103cdca10726019d023ccca14624d9
:10845c0000020524bc0f410f44002426d306410f13
:10846c0025202002010010241c02bf8f25100002c1
:10847c001802b28f1402b18f1002b08f0800e00303
:10848c002002bd272530400208a265247a0f410f37
:10849c001000a42701001224f4ff52101c02bf8ffd
:1084ac00660f410f10000424e7ff00102538400030
:1084bc00660f410f25204000e3ff001025384000d7
:020000040000fa
:020000041d02db
:1084cc000c00a2308500401400000000ffff832444
:1084dc00feff662c7f00c01000000000000087909b
:1084ec007c00e01000000000c0ffbd272000b2aff0
:1084fc000f00b2303000b6af0c00968c802012000a
:10850c003800beaf2140920020f4057c14000a24f0
:10851c00c22905002800b4af2400b3afc04808003e
:10852c006c00d38e0a5005000100d49221582a0108
:10853c003400b7af0200cc925400d78e3c00bfafd2
:10854c002c00b5af1c00b1af1800b0af31008012d9
:10855c0021986b0225a000001000a0af40008011f4
:10856c000000000025a800000000708e0b00001217
:10857c0000000000feff11240c000f8e25200002cd
:10858c000300e011080011ae09f8e0010000000042
:10859c001800108ef9ff00560c000f8e03004012cd
:1085ac00000060ae3900c007100058260100c792c9
:1085bc000500e0540200de921000b28f410040161c
:1085cc00000000000200de920300c0170000000053
:1085dc003800a016000000001f00801601000524c2
:1085ec003c00bf8f3800be8f3400b78f3000b68f81
:1085fc002c00b58f2800b48f2400b38f2000b28fcd
:10860c001c00b18f1800b08f251000000800e0038b
:10861c004000bd271800801501000e246800cd9283
:10862c001300ae113c00bf8f3800be8f3400b78fe3
:10863c003000b68f2c00b58f2800b48f2400b38f78
:10864c002000b28f1c00b18f1800b08f81ff022464
:10865c000800e0034000bd27e1ff00106800c5a240
:10866c00a308410f6400c48ebfff001025a8400072
:10867c006800c0a225a0e000a308410f6000c48ed2
:10868c001000a2afb5ff00100200cc9200c9180078
:10869c000af8f97e0004e27fc4ff40102118f902a9
:1086ac0002006690c418467c020066a0c0ff001051
:1086bc000100c7920c0f410f6400c48ec6ff00105e
:1086cc00000000000c0f410f6000c48ebeff0010b4
:1086dc000200de920800e00383ff02240800e0039e
:0486ec0084ff0224e1
:020000040000fa
:020000041d02db
:1086f0000100a290d8ffbd27060003242000b1afdf
:108700001c00b0af2400bfaf258080002588a000ea
:108710000c00848c200043101000a0af080004243b
:108720001b004450ad00052632004014ffff022418
:10873000c000058e0000068e0100a73040400700f3
:108740000100c93025502801bc0000a6bc00052648
:10875000bc000aa202000224070026920600319201
:10876000001a0600254071002b3848000100e05433
:10877000254040002400bf8f2000b18f252000023b
:108780001c00b08fffff0631aef0400b2800bd2764
:10879000f1ff0010010002240300ab9008006c2dd3
:1087a00013008011039d0e3c80680b00bc87cf2511
:1087b0000ac0ed7d0800000300000000f087029d64
:1087c000b488029d7888029d5c88029df087029d96
:1087d000f087029d2888029ddc87029d0000199683
:1087e00010001f247000223342005f102400bf8f4e
:1087f000ffff0224380002122400bf8fe40005921c
:108800003500a0102000b18ff400098e1c00048eea
:108810002800398dc40000a21c00b08f8000052400
:10882000080020032800bd2700000696100003243e
:108830007000c530efffa314ffff02240e00c73005
:10884000020008243000e8502000858c2400858c2c
:108850000a000224040000101000a5afdea3400fa0
:108860001000a6271000a58fbcffa0540700269279
:10887000e0ff0010ffff02240200a490ae00099266
:108880002b508900dbff4011ffff0224b0000b8e4c
:10889000806004000a286c7dd6ffa0100000000054
:1088a0000300ad900200ae90007a0d00aaff001008
:1088b0002510ee0100001896020019240e001f3347
:1088c0000900f9530c00858c0000858c12000224ed
:1088d000e5ff00101000a5af2000b18f1c00b08f85
:1088e0000800e0032800bd2712000224deff00106c
:1088f0001000a5af2000b18f252000021c00b08f12
:108900008b9f400b2800bd270a000224d6ff0010d1
:048910001000a5afff
:020000040000fa
:020000041d02db
:10891400e0fbbd270104e22c1404b1af1c04bfaf7b
:108924001804b2af1004b0af6b0040102588a0004b
:108934002580e0002528c000259080002530e00037
:10894400ca0e410f1000a427ffff0826440000119f
:10895400252040000f00a327213870000700e630cf
:108964002500c0100a000924010005241d00c510bb
:1089740002000a241800ca1003000b241300cb10b1
:1089840004000c240e00cc1005000d240900cd10a9
:1089940006000e240500ce500000589000004f90b1
:1089a4004200e91101004224000058903f000913dd
:1089b40001004224000059903c0029130100422484
:1089c40000005f903900e913010042240000439045
:1089d4003600691001004224000046903300c9109b
:1089e40001004224000045903000a91001004224f7
:1089f4001c00e2508a41887c00004a902c004951b6
:108a0400019d103c01004b9029006951019d103ccf
:108a140002004c9026008951019d103c03004d90aa
:108a24002300a951019d103c04004e902000c9511f
:108a3400019d103c05004f901d00e951019d103c23
:108a4400060058901a000953019d103c07005990e4
:108a54001600291308004224e8ffe25400004a905b
:108a64008a41887c0a000724240007550000268eca
:108a74001000a9935e001f242530800025380002d1
:108a84002528200227003f1125204002cf83400fd4
:108a9400000000001c04bf8f1804b28f1404b18faf
:108aa4001004b08f0800e0032004bd27019d103c92
:108ab4000000268e3ca30526e207410f2520400234
:108ac4001c04bf8f1804b28f1404b18f1004b08f2c
:108ad4000800e0032004bd27019d123c0000a68c81
:108ae4001c04bf8f1404b18f1004b08f18a3452643
:108af4001804b28fe207410b2004bd27019d113ced
:108b040068a32526e207410f252040021c04bf8fdd
:108b14001804b28f1404b18f1004b08f0800e0035e
:108b24002004bd27bee7400f00000000e5ff001051
:048b34001c04bf8fcf
:020000040000fa
:020000041d02db
:108b38000c00a2308400401400000000ffff8324d2
:108b4800feff662c7e00c010000000000000879029
:108b58007b00e01000000000d0ffbd272400b5af67
:108b68000c00958c1400b1af0f00b1302800b6afdf
:108b78002c00bfaf5400b68e2000b4af1c00b3afba
:108b88001800b2af0c0020161000b0af251000007e
:108b98002c00bf8f2800b68f2400b58f2000b48f1b
:108ba8001c00b38f1800b28f1400b18f1000b08f63
:108bb8000800e0033000bd270100b2920200a49231
:108bc800080040162580a0004500801401000824f4
:108bd8006800a5924000a81081ff0224edff001054
:108be8002c00bf8f259000004200801025a00000b7
:108bf80000511100204c107c2598000044002005ed
:108c08002158ca0206016c9110002d269f008e3152
:108c180000790d0006016ea121c0cf02060019934c
:108c280001001f24c439f97f060019a38028110008
:108c3800000028292188b10014000a246c00a98e9c
:108c48000a500800c058110021604b0121b02c01c6
:108c58000c00cd8e0000d08e44080d7c0b00001255
:108c68000c00cdaefcff11240c000e8e2520000256
:108c78000300c011080011ae09f8c001000000008f
:108c88001800108ef9ff00560c000e8e0100af92ee
:108c98000500e0150000c0ae040080520200b49246
:108ca8000c0f410f6000a48e0200b49205008016dc
:108cb8000000000003006012000000000c0f410fcc
:108cc8006400a48eb2ff4012251000000100122497
:108cd800afff00106800b2a26800a0a22590e000d3
:108ce800a308410f6000a48e0200a492c0ff801464
:108cf80025a04000a308410f6400a48e0051110074
:108d0800204c107c25984000beff21052158ca023e
:108d18000201639110002226cf006630003902005c
:108d2800020166a121b0c7020200d092010004240a
:108d38008431907c0200d0a2bdff00108028110071
:108d48000800e00383ff02240800e00384ff0224f4
:020000040000fa
:020000041d02db
:108d5800c8ffbd271800b0af2480908fffff022402
:108d68003400bfaf3000b6af2c00b5af2800b4afa9
:108d78002400b3af2000b2af510002121c00b1af03
:108d880035838493ff0086300b00c0140000000078
:108d98003400bf8f3000b68f2c00b58f2800b48ff9
:108da8002400b38f2000b28f1c00b18f1800b08f41
:108db8000800e0033800bd2733838793ff00e830bd
:108dc8004d00001100a0093c32838b93ff006c31e9
:108dd800efff801501800d3c3cb3b02508000e8ed6
:108de8000c000f8e2b88cf014f0020560400148ee4
:108df8000c00128e2398d201e6ff60123400bf8f58
:108e08000800188e0c00198e2bf819034a00e0137d
:108e1800000000000400038e0c00058e21200303cf
:108e2800238885001900201200a0133c0c00068e30
:108e38000104272e000408240400148e0a88070160
:108e4800214826022b5034013e0040153cb3b58d15
:108e58000c00128e0c000b8e23b0920200a0133c63
:108e68002128ab027c486426ca0e410f2530c00277
:108e78002368540221a0b101253080022528a002d0
:108e8800ca0e410f212056000c0014ae0100102418
:108e98001000b0af253820027c486626148085274c
:108ea80025200000328390a32dc7400f000000004a
:108eb800b7ff4054328380a3b6ff00103400bf8f41
:108ec80003000524150c410f25200000248082afe3
:108ed8002480838faaff7010000000002480848ff4
:108ee800049d053c25300000fb0a410fd094a524c1
:108ef800a3ff00100000000001000a24000207245c
:108f08005c432625188085272520000033838aa303
:108f180063c9400f00000000abff4054338380a3b7
:108f2800a9ff0010000000000c00158e21b0d4012c
:108f3800b1ff00102398d5020c00028eb9ff001073
:108f4800238802030c000e8e00a0133c253020025b
:108f58002128ae02ca0e410f7c4864260c000f8ef1
:108f680021c02f020c0018aec9ff00100100102408
:020000040000fa
:020000041d02db
:108f78001c00888c0000038d00006290feff4724cf
:108f8800ff00ea3002004b2d750060150200a99021
:108f98001800849042600a00ffff8d241b00ac017a
:108fa800f401800112700000ff00cf312bc0e901ed
:108fb80003000013000000000800e0032510000073
:108fc80069002011010004240500b9900400a29052
:108fd8000052190002006794ffff852525584201b9
:108fe8006400eb100700ad3002008e2d020004244f
:108ff800f1ffc015040063243400a011207e0d7c0d
:10900800010018242a00f85100006e942200e4118f
:10901800030019241b00f911040002241400e211b2
:10902800050007240d00a71120560d7c0600052415
:109038000600455100006e9400006d944d00ab1180
:10904800020063240100842400006e944900cb11bf
:109058000200632401008424ffff843000006f9421
:109068004400eb1101009824ffff0433020063243d
:10907800000079943f002b1302006324010082242e
:10908800ffff4430000067943a00eb1001008a2487
:10909800ffff443102006324000065943500ab10e3
:1090a80001008d24ffffa4310200632400006e94a8
:1090b8003100cb510260897001008424ffff8430a5
:1090c8002b788401bcffe01502006324000078942b
:1090d80028000b130100992402006294ffff243337
:1090e80024004b100100872404006a94ffffe43039
:1090f80020004b1101008d2406006594ffffa43168
:109108001c00ab1001008e2408006f94ffffc431cf
:109118001800eb11010098240a007994ffff04332a
:1091280014002b13010082240c006a94ffff4430c2
:1091380010004b11010087240e006d94ffffe430ee
:109148000c00ab1101008524ffffa4302b708401b3
:10915800deffc0111000632497ff0010000000001c
:1091680095ff2015000000000000c3ac0800e003d4
:10917800000062900260897080580c000a400b7de4
:0c9188000000c8ac0800e00300000291e9
:020000040000fa
:020000041d02db
:109194000c00828c20ffbd279c00b0afa400bfafa1
:1091a400a000b1afd000bef7c800bcf7c000baf74a
:1091b400b800b8f7b000b6f7a800b4f752004010f2
:1091c40025808000010004240800bec40c00bcc437
:1091d4001000bac41400b8c41800b6c42700441060
:1091e4001c00b4c43800038e570060100050804443
:1091f4002c0004c6300003c6340002c6200007c693
:10920400240006c6280005c680f7074600e7064680
:1092140080d6054600c6044680b5034600a502462e
:10922400010066242b38c20020001ee624001ce640
:1092340028001ae62c0018e6300016e6340014e67e
:109244002600e014380006ae0000864425400000e5
:10925400049d093c1c8e28c50000e8446000a0461b
:1092640043420146824f1e46024f1c46824e1a4616
:10927400024e1846824d1646024d14460000a48c38
:109284000400a58c6fe1400f380000ae04000a8e84
:109294007800a2af7c00a3af8000bee78400bce7e7
:1092a4008800bae78c00b8e79000b6e79400b4e70a
:1092b4001000b1277800a6271f004015650005247b
:1092c4007fdd400f25202002253040002538000096
:1092d400252820029eca400f25200002a400bf8f2b
:1092e400d000bed7c800bcd7c000bad7b800b8d722
:1092f400b000b6d7a800b4d7a000b18f9c00b08f3f
:109304000800e003e000bd27a400bf8fd000bed753
:10931400c800bcd7c000bad7b800b8d7b000b6d719
:10932400a800b4d7a000b18f9c00b08f380080ace7
:109334000800e003e000bd27ef40400f2520200295
:10934400e2ff001025304000a400bf8fc0f20a469f
:1093540000e30a4640d30a4680c30a46c0b30a461d
:1093640000a40a46d000bed7c800bcd7c000bad7f4
:10937400b800b8d7b000b6d7a800b4d7a000b18f52
:10938400380004ae20000be624000ce628000de6ad
:109394002c000ee630000fe6340010e69c00b08f7f
:0893a4000800e003e000bd2712
:020000040000fa
:020000041d02db
:1093ac00b8ffbd270180053c3000b2afbcb1b22480
:1093bc000800428e0c00438e2c00b1af2b304300c2
:1093cc004400bfaf4000b6af3c00b5af3800b4afff
:1093dc003400b3af2800b0af5d00c010258880000a
:1093ec000400488e0c00498e215048002338490156
:1093fc005b00e0104400bf8f0c004b8e1700ec2c70
:10940c00160010240400548e0b80ec0021680b0213
:10941c002b70b4015c00c015bcb1b58c0c00538e24
:10942c000c004f8e23b093022128af022530c002ce
:10943c00ca0e410f1000a42723c0740221a01003f0
:10944c001000b927253080022528a002ca0e410f32
:10945c00212036030c0054ae2000a8872200a787d9
:10946c002400a6871a00a9871c00a4871e00aa87bf
:10947c001800ab87049d123c049d103c049d033cda
:10948c00049d0c3c049d0d3c049d0e3c588e48c61e
:10949c00608e67c4648e19c65c8e92c5688ebdc51d
:1094ac006c8edfc500008844000887440010864499
:1094bc00001889440050844400608a4400708b4436
:1094cc00a00180466009804620118046601a8046c3
:1094dc00e052804660638046e07380460234084662
:1094ec00422c0846c2241246424d0746c25d07462e
:1094fc00c26e1946207afd4f1000b58f1400b38f41
:10950c004400bf8f000035ae040033ae4000b68f70
:10951c003c00b58f3800b48f3400b38f3000b28f5d
:10952c002800b08f080030e60c0031e6100033e65e
:10953c00140035e6180037e61c003be6200028e650
:10954c00251000002c00b18f0800e0034800bd2757
:10955c000c00448e23384400a7ffe0144400bf8f56
:10956c004000b68f3c00b58f3800b48f3400b38ff9
:10957c003000b28f2c00b18f2800b08f0100022474
:10958c000800e0034800bd270c005f8e2530000268
:10959c002128bf02ca0e410f1000a4270c00458ed3
:1095ac00211005020c0042aeacff00102000a88771
:020000040000fa
:020000041d02db
:1095bc00b8ffbd270180053c3000b2afccb1b2245e
:1095cc000800428e0c00438e2c00b1af2b304300b0
:1095dc004400bfaf4000b6af3c00b5af3800b4afed
:1095ec003400b3af2800b0af5d00c01025888000f8
:1095fc000400488e0c00498e215048002338490144
:10960c005b00e0104400bf8f0c004b8e1700ec2c5d
:10961c00160010240400548e0b80ec0021680b0201
:10962c002b70b4015c00c015ccb1b58c0c00538e02
:10963c000c004f8e23b093022128af022530c002bc
:10964c00ca0e410f1000a42723c0740221a01003de
:10965c001000b927253080022528a002ca0e410f20
:10966c00212036030c0054ae2000a8872200a787c7
:10967c002400a6871a00a9871c00a4871e00aa87ad
:10968c001800ab87049d123c049d103c049d033cc8
:10969c00049d0c3c049d0d3c049d0e3c588e48c60c
:1096ac00608e67c4648e19c65c8e92c5688ebdc50b
:1096bc006c8edfc500008844000887440010864487
:1096cc00001889440050844400608a4400708b4424
:1096dc00a00180466009804620118046601a8046b1
:1096ec00e052804660638046e07380460234084650
:1096fc00422c0846c2241246424d0746c25d07461c
:10970c00c26e1946207afd4f1000b58f1400b38f2e
:10971c004400bf8f000035ae040033ae4000b68f5e
:10972c003c00b58f3800b48f3400b38f3000b28f4b
:10973c002800b08f080030e60c0031e6100033e64c
:10974c00140035e6180037e61c003be6200028e63e
:10975c00251000002c00b18f0800e0034800bd2745
:10976c000c00448e23384400a7ffe0144400bf8f44
:10977c004000b68f3c00b58f3800b48f3400b38fe7
:10978c003000b28f2c00b18f2800b08f0100022462
:10979c000800e0034800bd270c005f8e2530000256
:1097ac002128bf02ca0e410f1000a4270c00458ec1
:1097bc00211005020c0042aeacff00102000a8875f
:020000040000fa
:020000041d02db
:1097cc00b8ffbd270180053c3000b2afdcb1b2243c
:1097dc000800428e0c00438e2c00b1af2b3043009e
:1097ec004400bfaf4000b6af3c00b5af3800b4afdb
:1097fc003400b3af2800b0af5d00c01025888000e6
:10980c000400488e0c00498e215048002338490131
:10981c005b00e0104400bf8f0c004b8e1700ec2c4b
:10982c00160010240400548e0b80ec0021680b02ef
:10983c002b70b4015c00c015dcb1b58c0c00538ee0
:10984c000c004f8e23b093022128af022530c002aa
:10985c00ca0e410f1000a42723c0740221a01003cc
:10986c001000b927253080022528a002ca0e410f0e
:10987c00212036030c0054ae2000a8872200a787b5
:10988c002400a6871a00a9871c00a4871e00aa879b
:10989c001800ab87049d123c049d103c049d033cb6
:1098ac00049d0c3c049d0d3c049d0e3c588e48c6fa
:1098bc00608e67c4648e19c65c8e92c5688ebdc5f9
:1098cc006c8edfc500008844000887440010864475
:1098dc00001889440050844400608a4400708b4412
:1098ec00a00180466009804620118046601a80469f
:1098fc00e052804660638046e0738046023408463e
:10990c00422c0846c2241246424d0746c25d074609
:10991c00c26e1946207afd4f1000b58f1400b38f1c
:10992c004400bf8f000035ae040033ae4000b68f4c
:10993c003c00b58f3800b48f3400b38f3000b28f39
:10994c002800b08f080030e60c0031e6100033e63a
:10995c00140035e6180037e61c003be6200028e62c
:10996c00251000002c00b18f0800e0034800bd2733
:10997c000c00448e23384400a7ffe0144400bf8f32
:10998c004000b68f3c00b58f3800b48f3400b38fd5
:10999c003000b28f2c00b18f2800b08f0100022450
:1099ac000800e0034800bd270c005f8e2530000244
:1099bc002128bf02ca0e410f1000a4270c00458eaf
:1099cc00211005020c0042aeacff00102000a8874d
:020000040000fa
:020000041d02db
:1099dc00b8ffbd270180053c3000b2afecb1b2241a
:1099ec000800428e0c00438e2c00b1af2b3043008c
:1099fc004400bfaf4000b6af3c00b5af3800b4afc9
:109a0c003400b3af2800b0af5d00c01025888000d3
:109a1c000400488e0c00498e21504800233849011f
:109a2c005b00e0104400bf8f0c004b8e1700ec2c39
:109a3c00160010240400548e0b80ec0021680b02dd
:109a4c002b70b4015c00c015ecb1b58c0c00538ebe
:109a5c000c004f8e23b093022128af022530c00298
:109a6c00ca0e410f1000a42723c0740221a01003ba
:109a7c001000b927253080022528a002ca0e410ffc
:109a8c00212036030c0054ae2000a8872200a787a3
:109a9c002400a6871a00a9871c00a4871e00aa8789
:109aac001800ab87049d123c049d103c049d033ca4
:109abc00049d0c3c049d0d3c049d0e3c588e48c6e8
:109acc00608e67c4648e19c65c8e92c5688ebdc5e7
:109adc006c8edfc500008844000887440010864463
:109aec00001889440050844400608a4400708b4400
:109afc00a00180466009804620118046601a80468d
:109b0c00e052804660638046e0738046023408462b
:109b1c00422c0846c2241246424d0746c25d0746f7
:109b2c00c26e1946207afd4f1000b58f1400b38f0a
:109b3c004400bf8f000035ae040033ae4000b68f3a
:109b4c003c00b58f3800b48f3400b38f3000b28f27
:109b5c002800b08f080030e60c0031e6100033e628
:109b6c00140035e6180037e61c003be6200028e61a
:109b7c00251000002c00b18f0800e0034800bd2721
:109b8c000c00448e23384400a7ffe0144400bf8f20
:109b9c004000b68f3c00b58f3800b48f3400b38fc3
:109bac003000b28f2c00b18f2800b08f010002243e
:109bbc000800e0034800bd270c005f8e2530000232
:109bcc002128bf02ca0e410f1000a4270c00458e9d
:109bdc00211005020c0042aeacff00102000a8873b
:020000040000fa
:020000041d02db
:109bec00b8ffbd270180053c3000b2affcb1b224f8
:109bfc000800428e0c00438e2c00b1af2b3043007a
:109c0c004400bfaf4000b6af3c00b5af3800b4afb6
:109c1c003400b3af2800b0af5d00c01025888000c1
:109c2c000400488e0c00498e21504800233849010d
:109c3c005b00e0104400bf8f0c004b8e1700ec2c27
:109c4c00160010240400548e0b80ec0021680b02cb
:109c5c002b70b4015c00c015fcb1b58c0c00538e9c
:109c6c000c004f8e23b093022128af022530c00286
:109c7c00ca0e410f1000a42723c0740221a01003a8
:109c8c001000b927253080022528a002ca0e410fea
:109c9c00212036030c0054ae2000a8872200a78791
:109cac002400a6871a00a9871c00a4871e00aa8777
:109cbc001800ab87049d123c049d103c049d033c92
:109ccc00049d0c3c049d0d3c049d0e3c588e48c6d6
:109cdc00608e67c4648e19c65c8e92c5688ebdc5d5
:109cec006c8edfc500008844000887440010864451
:109cfc00001889440050844400608a4400708b44ee
:109d0c00a00180466009804620118046601a80467a
:109d1c00e052804660638046e07380460234084619
:109d2c00422c0846c2241246424d0746c25d0746e5
:109d3c00c26e1946207afd4f1000b58f1400b38ff8
:109d4c004400bf8f000035ae040033ae4000b68f28
:109d5c003c00b58f3800b48f3400b38f3000b28f15
:109d6c002800b08f080030e60c0031e6100033e616
:109d7c00140035e6180037e61c003be6200028e608
:109d8c00251000002c00b18f0800e0034800bd270f
:109d9c000c00448e23384400a7ffe0144400bf8f0e
:109dac004000b68f3c00b58f3800b48f3400b38fb1
:109dbc003000b28f2c00b18f2800b08f010002242c
:109dcc000800e0034800bd270c005f8e2530000220
:109ddc002128bf02ca0e410f1000a4270c00458e8b
:109dec00211005020c0042aeacff00102000a88729
:020000040000fa
:020000041d02db
:109dfc00b8ffbd270180053c3000b2af0cb2b224d5
:109e0c000800428e0c00438e2c00b1af2b30430067
:109e1c004400bfaf4000b6af3c00b5af3800b4afa4
:109e2c003400b3af2800b0af5d00c01025888000af
:109e3c000400488e0c00498e2150480023384901fb
:109e4c005b00e0104400bf8f0c004b8e1700ec2c15
:109e5c00160010240400548e0b80ec0021680b02b9
:109e6c002b70b4015c00c0150cb2b58c0c00538e79
:109e7c000c004f8e23b093022128af022530c00274
:109e8c00ca0e410f1000a42723c0740221a0100396
:109e9c001000b927253080022528a002ca0e410fd8
:109eac00212036030c0054ae2000a8872200a7877f
:109ebc002400a6871a00a9871c00a4871e00aa8765
:109ecc001800ab87049d123c049d103c049d033c80
:109edc00049d0c3c049d0d3c049d0e3c588e48c6c4
:109eec00608e67c4648e19c65c8e92c5688ebdc5c3
:109efc006c8edfc50000884400088744001086443f
:109f0c00001889440050844400608a4400708b44db
:109f1c00a00180466009804620118046601a804668
:109f2c00e052804660638046e07380460234084607
:109f3c00422c0846c2241246424d0746c25d0746d3
:109f4c00c26e1946207afd4f1000b58f1400b38fe6
:109f5c004400bf8f000035ae040033ae4000b68f16
:109f6c003c00b58f3800b48f3400b38f3000b28f03
:109f7c002800b08f080030e60c0031e6100033e604
:109f8c00140035e6180037e61c003be6200028e6f6
:109f9c00251000002c00b18f0800e0034800bd27fd
:109fac000c00448e23384400a7ffe0144400bf8ffc
:109fbc004000b68f3c00b58f3800b48f3400b38f9f
:109fcc003000b28f2c00b18f2800b08f010002241a
:109fdc000800e0034800bd270c005f8e253000020e
:109fec002128bf02ca0e410f1000a4270c00458e79
:109ffc00211005020c0042aeacff00102000a88717
:020000040000fa
:020000041d02db
:10a00c00b8ffbd270180053c3000b2af1cb2b224b2
:10a01c000800428e0c00438e2c00b1af2b30430055
:10a02c004400bfaf4000b6af3c00b5af3800b4af92
:10a03c003400b3af2800b0af5d00c010258880009d
:10a04c000400488e0c00498e2150480023384901e9
:10a05c005b00e0104400bf8f0c004b8e1700ec2c03
:10a06c00160010240400548e0b80ec0021680b02a7
:10a07c002b70b4015c00c0151cb2b58c0c00538e57
:10a08c000c004f8e23b093022128af022530c00262
:10a09c00ca0e410f1000a42723c0740221a0100384
:10a0ac001000b927253080022528a002ca0e410fc6
:10a0bc00212036030c0054ae2000a8872200a7876d
:10a0cc002400a6871a00a9871c00a4871e00aa8753
:10a0dc001800ab87049d123c049d103c049d033c6e
:10a0ec00049d0c3c049d0d3c049d0e3c588e48c6b2
:10a0fc00608e67c4648e19c65c8e92c5688ebdc5b1
:10a10c006c8edfc50000884400088744001086442c
:10a11c00001889440050844400608a4400708b44c9
:10a12c00a00180466009804620118046601a804656
:10a13c00e052804660638046e073804602340846f5
:10a14c00422c0846c2241246424d0746c25d0746c1
:10a15c00c26e1946207afd4f1000b58f1400b38fd4
:10a16c004400bf8f000035ae040033ae4000b68f04
:10a17c003c00b58f3800b48f3400b38f3000b28ff1
:10a18c002800b08f080030e60c0031e6100033e6f2
:10a19c00140035e6180037e61c003be6200028e6e4
:10a1ac00251000002c00b18f0800e0034800bd27eb
:10a1bc000c00448e23384400a7ffe0144400bf8fea
:10a1cc004000b68f3c00b58f3800b48f3400b38f8d
:10a1dc003000b28f2c00b18f2800b08f0100022408
:10a1ec000800e0034800bd270c005f8e25300002fc
:10a1fc002128bf02ca0e410f1000a4270c00458e67
:10a20c00211005020c0042aeacff00102000a88704
:020000040000fa
:020000041d02db
:10a21c00b8ffbd270180053c3000b2af2cb2b22490
:10a22c000800428e0c00438e2c00b1af2b30430043
:10a23c004400bfaf4000b6af3c00b5af3800b4af80
:10a24c003400b3af2800b0af5d00c010258880008b
:10a25c000400488e0c00498e2150480023384901d7
:10a26c005b00e0104400bf8f0c004b8e1700ec2cf1
:10a27c00160010240400548e0b80ec0021680b0295
:10a28c002b70b4015c00c0152cb2b58c0c00538e35
:10a29c000c004f8e23b093022128af022530c00250
:10a2ac00ca0e410f1000a42723c0740221a0100372
:10a2bc001000b927253080022528a002ca0e410fb4
:10a2cc00212036030c0054ae2000a8872200a7875b
:10a2dc002400a6871a00a9871c00a4871e00aa8741
:10a2ec001800ab87049d123c049d103c049d033c5c
:10a2fc00049d0c3c049d0d3c049d0e3c588e48c6a0
:10a30c00608e67c4648e19c65c8e92c5688ebdc59e
:10a31c006c8edfc50000884400088744001086441a
:10a32c00001889440050844400608a4400708b44b7
:10a33c00a00180466009804620118046601a804644
:10a34c00e052804660638046e073804602340846e3
:10a35c00422c0846c2241246424d0746c25d0746af
:10a36c00c26e1946207afd4f1000b58f1400b38fc2
:10a37c004400bf8f000035ae040033ae4000b68ff2
:10a38c003c00b58f3800b48f3400b38f3000b28fdf
:10a39c002800b08f080030e60c0031e6100033e6e0
:10a3ac00140035e6180037e61c003be6200028e6d2
:10a3bc00251000002c00b18f0800e0034800bd27d9
:10a3cc000c00448e23384400a7ffe0144400bf8fd8
:10a3dc004000b68f3c00b58f3800b48f3400b38f7b
:10a3ec003000b28f2c00b18f2800b08f01000224f6
:10a3fc000800e0034800bd270c005f8e25300002ea
:10a40c002128bf02ca0e410f1000a4270c00458e54
:10a41c00211005020c0042aeacff00102000a887f2
:020000040000fa
:020000041d02db
:10a42c00b8ffbd270180053c3000b2af3cb2b2246e
:10a43c000800428e0c00438e2c00b1af2b30430031
:10a44c004400bfaf4000b6af3c00b5af3800b4af6e
:10a45c003400b3af2800b0af5d00c0102588800079
:10a46c000400488e0c00498e2150480023384901c5
:10a47c005b00e0104400bf8f0c004b8e1700ec2cdf
:10a48c00160010240400548e0b80ec0021680b0283
:10a49c002b70b4015c00c0153cb2b58c0c00538e13
:10a4ac000c004f8e23b093022128af022530c0023e
:10a4bc00ca0e410f1000a42723c0740221a0100360
:10a4cc001000b927253080022528a002ca0e410fa2
:10a4dc00212036030c0054ae2000a8872200a78749
:10a4ec002400a6871a00a9871c00a4871e00aa872f
:10a4fc001800ab87049d123c049d103c049d033c4a
:10a50c00049d0c3c049d0d3c049d0e3c588e48c68d
:10a51c00608e67c4648e19c65c8e92c5688ebdc58c
:10a52c006c8edfc500008844000887440010864408
:10a53c00001889440050844400608a4400708b44a5
:10a54c00a00180466009804620118046601a804632
:10a55c00e052804660638046e073804602340846d1
:10a56c00422c0846c2241246424d0746c25d07469d
:10a57c00c26e1946207afd4f1000b58f1400b38fb0
:10a58c004400bf8f000035ae040033ae4000b68fe0
:10a59c003c00b58f3800b48f3400b38f3000b28fcd
:10a5ac002800b08f080030e60c0031e6100033e6ce
:10a5bc00140035e6180037e61c003be6200028e6c0
:10a5cc00251000002c00b18f0800e0034800bd27c7
:10a5dc000c00448e23384400a7ffe0144400bf8fc6
:10a5ec004000b68f3c00b58f3800b48f3400b38f69
:10a5fc003000b28f2c00b18f2800b08f01000224e4
:10a60c000800e0034800bd270c005f8e25300002d7
:10a61c002128bf02ca0e410f1000a4270c00458e42
:10a62c00211005020c0042aeacff00102000a887e0
:020000040000fa
:020000041d02db
:10a63c00b8ffbd270180053c3000b2af4cb2b2244c
:10a64c000800428e0c00438e2c00b1af2b3043001f
:10a65c004400bfaf4000b6af3c00b5af3800b4af5c
:10a66c003400b3af2800b0af5d00c0102588800067
:10a67c000400488e0c00498e2150480023384901b3
:10a68c005b00e0104400bf8f0c004b8e1700ec2ccd
:10a69c00160010240400548e0b80ec0021680b0271
:10a6ac002b70b4015c00c0154cb2b58c0c00538ef1
:10a6bc000c004f8e23b093022128af022530c0022c
:10a6cc00ca0e410f1000a42723c0740221a010034e
:10a6dc001000b927253080022528a002ca0e410f90
:10a6ec00212036030c0054ae2000a8872200a78737
:10a6fc002400a6871a00a9871c00a4871e00aa871d
:10a70c001800ab87049d123c049d103c049d033c37
:10a71c00049d0c3c049d0d3c049d0e3c588e48c67b
:10a72c00608e67c4648e19c65c8e92c5688ebdc57a
:10a73c006c8edfc5000088440008874400108644f6
:10a74c00001889440050844400608a4400708b4493
:10a75c00a00180466009804620118046601a804620
:10a76c00e052804660638046e073804602340846bf
:10a77c00422c0846c2241246424d0746c25d07468b
:10a78c00c26e1946207afd4f1000b58f1400b38f9e
:10a79c004400bf8f000035ae040033ae4000b68fce
:10a7ac003c00b58f3800b48f3400b38f3000b28fbb
:10a7bc002800b08f080030e60c0031e6100033e6bc
:10a7cc00140035e6180037e61c003be6200028e6ae
:10a7dc00251000002c00b18f0800e0034800bd27b5
:10a7ec000c00448e23384400a7ffe0144400bf8fb4
:10a7fc004000b68f3c00b58f3800b48f3400b38f57
:10a80c003000b28f2c00b18f2800b08f01000224d1
:10a81c000800e0034800bd270c005f8e25300002c5
:10a82c002128bf02ca0e410f1000a4270c00458e30
:10a83c00211005020c0042aeacff00102000a887ce
:020000040000fa
:020000041d02db
:10a84c00b8ffbd270180053c3000b2af5cb2b2242a
:10a85c000800428e0c00438e2c00b1af2b3043000d
:10a86c004400bfaf4000b6af3c00b5af3800b4af4a
:10a87c003400b3af2800b0af5d00c0102588800055
:10a88c000400488e0c00498e2150480023384901a1
:10a89c005b00e0104400bf8f0c004b8e1700ec2cbb
:10a8ac00160010240400548e0b80ec0021680b025f
:10a8bc002b70b4015c00c0155cb2b58c0c00538ecf
:10a8cc000c004f8e23b093022128af022530c0021a
:10a8dc00ca0e410f1000a42723c0740221a010033c
:10a8ec001000b927253080022528a002ca0e410f7e
:10a8fc00212036030c0054ae2000a8872200a78725
:10a90c002400a6871a00a9871c00a4871e00aa870a
:10a91c001800ab87049d123c049d103c049d033c25
:10a92c00049d0c3c049d0d3c049d0e3c588e48c669
:10a93c00608e67c4648e19c65c8e92c5688ebdc568
:10a94c006c8edfc5000088440008874400108644e4
:10a95c00001889440050844400608a4400708b4481
:10a96c00a00180466009804620118046601a80460e
:10a97c00e052804660638046e073804602340846ad
:10a98c00422c0846c2241246424d0746c25d074679
:10a99c00c26e1946207afd4f1000b58f1400b38f8c
:10a9ac004400bf8f000035ae040033ae4000b68fbc
:10a9bc003c00b58f3800b48f3400b38f3000b28fa9
:10a9cc002800b08f080030e60c0031e6100033e6aa
:10a9dc00140035e6180037e61c003be6200028e69c
:10a9ec00251000002c00b18f0800e0034800bd27a3
:10a9fc000c00448e23384400a7ffe0144400bf8fa2
:10aa0c004000b68f3c00b58f3800b48f3400b38f44
:10aa1c003000b28f2c00b18f2800b08f01000224bf
:10aa2c000800e0034800bd270c005f8e25300002b3
:10aa3c002128bf02ca0e410f1000a4270c00458e1e
:10aa4c00211005020c0042aeacff00102000a887bc
:020000040000fa
:020000041d02db
:10aa5c00b8ffbd270180053c3000b2af6cb2b22408
:10aa6c000800428e0c00438e2c00b1af2b304300fb
:10aa7c004400bfaf4000b6af3c00b5af3800b4af38
:10aa8c003400b3af2800b0af5d00c0102588800043
:10aa9c000400488e0c00498e21504800233849018f
:10aaac005b00e0104400bf8f0c004b8e1700ec2ca9
:10aabc00160010240400548e0b80ec0021680b024d
:10aacc002b70b4015c00c0156cb2b58c0c00538ead
:10aadc000c004f8e23b093022128af022530c00208
:10aaec00ca0e410f1000a42723c0740221a010032a
:10aafc001000b927253080022528a002ca0e410f6c
:10ab0c00212036030c0054ae2000a8872200a78712
:10ab1c002400a6871a00a9871c00a4871e00aa87f8
:10ab2c001800ab87049d123c049d103c049d033c13
:10ab3c00049d0c3c049d0d3c049d0e3c588e48c657
:10ab4c00608e67c4648e19c65c8e92c5688ebdc556
:10ab5c006c8edfc5000088440008874400108644d2
:10ab6c00001889440050844400608a4400708b446f
:10ab7c00a00180466009804620118046601a8046fc
:10ab8c00e052804660638046e0738046023408469b
:10ab9c00422c0846c2241246424d0746c25d074667
:10abac00c26e1946207afd4f1000b58f1400b38f7a
:10abbc004400bf8f000035ae040033ae4000b68faa
:10abcc003c00b58f3800b48f3400b38f3000b28f97
:10abdc002800b08f080030e60c0031e6100033e698
:10abec00140035e6180037e61c003be6200028e68a
:10abfc00251000002c00b18f0800e0034800bd2791
:10ac0c000c00448e23384400a7ffe0144400bf8f8f
:10ac1c004000b68f3c00b58f3800b48f3400b38f32
:10ac2c003000b28f2c00b18f2800b08f01000224ad
:10ac3c000800e0034800bd270c005f8e25300002a1
:10ac4c002128bf02ca0e410f1000a4270c00458e0c
:10ac5c00211005020c0042aeacff00102000a887aa
:020000040000fa
:020000041d02db
:10ac6c00b8ffbd270180053c3000b2af7cb2b224e6
:10ac7c000800428e0c00438e2c00b1af2b304300e9
:10ac8c004400bfaf4000b6af3c00b5af3800b4af26
:10ac9c003400b3af2800b0af5d00c0102588800031
:10acac000400488e0c00498e21504800233849017d
:10acbc005b00e0104400bf8f0c004b8e1700ec2c97
:10accc00160010240400548e0b80ec0021680b023b
:10acdc002b70b4015c00c0157cb2b58c0c00538e8b
:10acec000c004f8e23b093022128af022530c002f6
:10acfc00ca0e410f1000a42723c0740221a0100318
:10ad0c001000b927253080022528a002ca0e410f59
:10ad1c00212036030c0054ae2000a8872200a78700
:10ad2c002400a6871a00a9871c00a4871e00aa87e6
:10ad3c001800ab87049d123c049d103c049d033c01
:10ad4c00049d0c3c049d0d3c049d0e3c588e48c645
:10ad5c00608e67c4648e19c65c8e92c5688ebdc544
:10ad6c006c8edfc5000088440008874400108644c0
:10ad7c00001889440050844400608a4400708b445d
:10ad8c00a00180466009804620118046601a8046ea
:10ad9c00e052804660638046e07380460234084689
:10adac00422c0846c2241246424d0746c25d074655
:10adbc00c26e1946207afd4f1000b58f1400b38f68
:10adcc004400bf8f000035ae040033ae4000b68f98
:10addc003c00b58f3800b48f3400b38f3000b28f85
:10adec002800b08f080030e60c0031e6100033e686
:10adfc00140035e6180037e61c003be6200028e678
:10ae0c00251000002c00b18f0800e0034800bd277e
:10ae1c000c00448e23384400a7ffe0144400bf8f7d
:10ae2c004000b68f3c00b58f3800b48f3400b38f20
:10ae3c003000b28f2c00b18f2800b08f010002249b
:10ae4c000800e0034800bd270c005f8e253000028f
:10ae5c002128bf02ca0e410f1000a4270c00458efa
:10ae6c00211005020c0042aeacff00102000a88798
:020000040000fa
:020000041d02db
:10ae7c00b8ffbd270180053c3000b2af8cb2b224c4
:10ae8c000800428e0c00438e2c00b1af2b304300d7
:10ae9c004400bfaf4000b6af3c00b5af3800b4af14
:10aeac003400b3af2800b0af5d00c010258880001f
:10aebc000400488e0c00498e21504800233849016b
:10aecc005b00e0104400bf8f0c004b8e1700ec2c85
:10aedc00160010240400548e0b80ec0021680b0229
:10aeec002b70b4015c00c0158cb2b58c0c00538e69
:10aefc000c004f8e23b093022128af022530c002e4
:10af0c00ca0e410f1000a42723c0740221a0100305
:10af1c001000b927253080022528a002ca0e410f47
:10af2c00212036030c0054ae2000a8872200a787ee
:10af3c002400a6871a00a9871c00a4871e00aa87d4
:10af4c001800ab87049d123c049d103c049d033cef
:10af5c00049d0c3c049d0d3c049d0e3c588e48c633
:10af6c00608e67c4648e19c65c8e92c5688ebdc532
:10af7c006c8edfc5000088440008874400108644ae
:10af8c00001889440050844400608a4400708b444b
:10af9c00a00180466009804620118046601a8046d8
:10afac00e052804660638046e07380460234084677
:10afbc00422c0846c2241246424d0746c25d074643
:10afcc00c26e1946207afd4f1000b58f1400b38f56
:10afdc004400bf8f000035ae040033ae4000b68f86
:10afec003c00b58f3800b48f3400b38f3000b28f73
:10affc002800b08f080030e60c0031e6100033e674
:10b00c00140035e6180037e61c003be6200028e665
:10b01c00251000002c00b18f0800e0034800bd276c
:10b02c000c00448e23384400a7ffe0144400bf8f6b
:10b03c004000b68f3c00b58f3800b48f3400b38f0e
:10b04c003000b28f2c00b18f2800b08f0100022489
:10b05c000800e0034800bd270c005f8e253000027d
:10b06c002128bf02ca0e410f1000a4270c00458ee8
:10b07c00211005020c0042aeacff00102000a88786
:020000040000fa
:020000041d02db
:10b08c00b8ffbd270180053c3000b2af9cb2b224a2
:10b09c000800428e0c00438e2c00b1af2b304300c5
:10b0ac004400bfaf4000b6af3c00b5af3800b4af02
:10b0bc003400b3af2800b0af5d00c010258880000d
:10b0cc000400488e0c00498e215048002338490159
:10b0dc005b00e0104400bf8f0c004b8e1700ec2c73
:10b0ec00160010240400548e0b80ec0021680b0217
:10b0fc002b70b4015c00c0159cb2b58c0c00538e47
:10b10c000c004f8e23b093022128af022530c002d1
:10b11c00ca0e410f1000a42723c0740221a01003f3
:10b12c001000b927253080022528a002ca0e410f35
:10b13c00212036030c0054ae2000a8872200a787dc
:10b14c002400a6871a00a9871c00a4871e00aa87c2
:10b15c001800ab87049d123c049d103c049d033cdd
:10b16c00049d0c3c049d0d3c049d0e3c588e48c621
:10b17c00608e67c4648e19c65c8e92c5688ebdc520
:10b18c006c8edfc50000884400088744001086449c
:10b19c00001889440050844400608a4400708b4439
:10b1ac00a00180466009804620118046601a8046c6
:10b1bc00e052804660638046e07380460234084665
:10b1cc00422c0846c2241246424d0746c25d074631
:10b1dc00c26e1946207afd4f1000b58f1400b38f44
:10b1ec004400bf8f000035ae040033ae4000b68f74
:10b1fc003c00b58f3800b48f3400b38f3000b28f61
:10b20c002800b08f080030e60c0031e6100033e661
:10b21c00140035e6180037e61c003be6200028e653
:10b22c00251000002c00b18f0800e0034800bd275a
:10b23c000c00448e23384400a7ffe0144400bf8f59
:10b24c004000b68f3c00b58f3800b48f3400b38ffc
:10b25c003000b28f2c00b18f2800b08f0100022477
:10b26c000800e0034800bd270c005f8e253000026b
:10b27c002128bf02ca0e410f1000a4270c00458ed6
:10b28c00211005020c0042aeacff00102000a88774
:020000040000fa
:020000041d02db
:10b29c00b8ffbd270180053c3000b2afacb2b22480
:10b2ac000800428e0c00438e2c00b1af2b304300b3
:10b2bc004400bfaf4000b6af3c00b5af3800b4aff0
:10b2cc003400b3af2800b0af5d00c01025888000fb
:10b2dc000400488e0c00498e215048002338490147
:10b2ec005b00e0104400bf8f0c004b8e1700ec2c61
:10b2fc00160010240400548e0b80ec0021680b0205
:10b30c002b70b4015c00c015acb2b58c0c00538e24
:10b31c000c004f8e23b093022128af022530c002bf
:10b32c00ca0e410f1000a42723c0740221a01003e1
:10b33c001000b927253080022528a002ca0e410f23
:10b34c00212036030c0054ae2000a8872200a787ca
:10b35c002400a6871a00a9871c00a4871e00aa87b0
:10b36c001800ab87049d123c049d103c049d033ccb
:10b37c00049d0c3c049d0d3c049d0e3c588e48c60f
:10b38c00608e67c4648e19c65c8e92c5688ebdc50e
:10b39c006c8edfc50000884400088744001086448a
:10b3ac00001889440050844400608a4400708b4427
:10b3bc00a00180466009804620118046601a8046b4
:10b3cc00e052804660638046e07380460234084653
:10b3dc00422c0846c2241246424d0746c25d07461f
:10b3ec00c26e1946207afd4f1000b58f1400b38f32
:10b3fc004400bf8f000035ae040033ae4000b68f62
:10b40c003c00b58f3800b48f3400b38f3000b28f4e
:10b41c002800b08f080030e60c0031e6100033e64f
:10b42c00140035e6180037e61c003be6200028e641
:10b43c00251000002c00b18f0800e0034800bd2748
:10b44c000c00448e23384400a7ffe0144400bf8f47
:10b45c004000b68f3c00b58f3800b48f3400b38fea
:10b46c003000b28f2c00b18f2800b08f0100022465
:10b47c000800e0034800bd270c005f8e2530000259
:10b48c002128bf02ca0e410f1000a4270c00458ec4
:10b49c00211005020c0042aeacff00102000a88762
:020000040000fa
:020000041d02db
:10b4ac00b8ffbd270180053c3000b2afbcb2b2245e
:10b4bc000800428e0c00438e2c00b1af2b304300a1
:10b4cc004400bfaf4000b6af3c00b5af3800b4afde
:10b4dc003400b3af2800b0af5d00c01025888000e9
:10b4ec000400488e0c00498e215048002338490135
:10b4fc005b00e0104400bf8f0c004b8e1700ec2c4f
:10b50c00160010240400548e0b80ec0021680b02f2
:10b51c002b70b4015c00c015bcb2b58c0c00538e02
:10b52c000c004f8e23b093022128af022530c002ad
:10b53c00ca0e410f1000a42723c0740221a01003cf
:10b54c001000b927253080022528a002ca0e410f11
:10b55c00212036030c0054ae2000a8872200a787b8
:10b56c002400a6871a00a9871c00a4871e00aa879e
:10b57c001800ab87049d123c049d103c049d033cb9
:10b58c00049d0c3c049d0d3c049d0e3c588e48c6fd
:10b59c00608e67c4648e19c65c8e92c5688ebdc5fc
:10b5ac006c8edfc500008844000887440010864478
:10b5bc00001889440050844400608a4400708b4415
:10b5cc00a00180466009804620118046601a8046a2
:10b5dc00e052804660638046e07380460234084641
:10b5ec00422c0846c2241246424d0746c25d07460d
:10b5fc00c26e1946207afd4f1000b58f1400b38f20
:10b60c004400bf8f000035ae040033ae4000b68f4f
:10b61c003c00b58f3800b48f3400b38f3000b28f3c
:10b62c002800b08f080030e60c0031e6100033e63d
:10b63c00140035e6180037e61c003be6200028e62f
:10b64c00251000002c00b18f0800e0034800bd2736
:10b65c000c00448e23384400a7ffe0144400bf8f35
:10b66c004000b68f3c00b58f3800b48f3400b38fd8
:10b67c003000b28f2c00b18f2800b08f0100022453
:10b68c000800e0034800bd270c005f8e2530000247
:10b69c002128bf02ca0e410f1000a4270c00458eb2
:10b6ac00211005020c0042aeacff00102000a88750
:020000040000fa
:020000041d02db
:10b6bc00b8ffbd270180053c3000b2afccb2b2243c
:10b6cc000800428e0c00438e2c00b1af2b3043008f
:10b6dc004400bfaf4000b6af3c00b5af3800b4afcc
:10b6ec003400b3af2800b0af5d00c01025888000d7
:10b6fc000400488e0c00498e215048002338490123
:10b70c005b00e0104400bf8f0c004b8e1700ec2c3c
:10b71c00160010240400548e0b80ec0021680b02e0
:10b72c002b70b4015c00c015ccb2b58c0c00538ee0
:10b73c000c004f8e23b093022128af022530c0029b
:10b74c00ca0e410f1000a42723c0740221a01003bd
:10b75c001000b927253080022528a002ca0e410fff
:10b76c00212036030c0054ae2000a8872200a787a6
:10b77c002400a6871a00a9871c00a4871e00aa878c
:10b78c001800ab87049d123c049d103c049d033ca7
:10b79c00049d0c3c049d0d3c049d0e3c588e48c6eb
:10b7ac00608e67c4648e19c65c8e92c5688ebdc5ea
:10b7bc006c8edfc500008844000887440010864466
:10b7cc00001889440050844400608a4400708b4403
:10b7dc00a00180466009804620118046601a804690
:10b7ec00e052804660638046e0738046023408462f
:10b7fc00422c0846c2241246424d0746c25d0746fb
:10b80c00c26e1946207afd4f1000b58f1400b38f0d
:10b81c004400bf8f000035ae040033ae4000b68f3d
:10b82c003c00b58f3800b48f3400b38f3000b28f2a
:10b83c002800b08f080030e60c0031e6100033e62b
:10b84c00140035e6180037e61c003be6200028e61d
:10b85c00251000002c00b18f0800e0034800bd2724
:10b86c000c00448e23384400a7ffe0144400bf8f23
:10b87c004000b68f3c00b58f3800b48f3400b38fc6
:10b88c003000b28f2c00b18f2800b08f0100022441
:10b89c000800e0034800bd270c005f8e2530000235
:10b8ac002128bf02ca0e410f1000a4270c00458ea0
:10b8bc00211005020c0042aeacff00102000a8873e
:020000040000fa
:020000041d02db
:10b8cc00b8ffbd270180053c3000b2afdcb2b2241a
:10b8dc000800428e0c00438e2c00b1af2b3043007d
:10b8ec004400bfaf4000b6af3c00b5af3800b4afba
:10b8fc003400b3af2800b0af5d00c01025888000c5
:10b90c000400488e0c00498e215048002338490110
:10b91c005b00e0104400bf8f0c004b8e1700ec2c2a
:10b92c00160010240400548e0b80ec0021680b02ce
:10b93c002b70b4015c00c015dcb2b58c0c00538ebe
:10b94c000c004f8e23b093022128af022530c00289
:10b95c00ca0e410f1000a42723c0740221a01003ab
:10b96c001000b927253080022528a002ca0e410fed
:10b97c00212036030c0054ae2000a8872200a78794
:10b98c002400a6871a00a9871c00a4871e00aa877a
:10b99c001800ab87049d123c049d103c049d033c95
:10b9ac00049d0c3c049d0d3c049d0e3c588e48c6d9
:10b9bc00608e67c4648e19c65c8e92c5688ebdc5d8
:10b9cc006c8edfc500008844000887440010864454
:10b9dc00001889440050844400608a4400708b44f1
:10b9ec00a00180466009804620118046601a80467e
:10b9fc00e052804660638046e0738046023408461d
:10ba0c00422c0846c2241246424d0746c25d0746e8
:10ba1c00c26e1946207afd4f1000b58f1400b38ffb
:10ba2c004400bf8f000035ae040033ae4000b68f2b
:10ba3c003c00b58f3800b48f3400b38f3000b28f18
:10ba4c002800b08f080030e60c0031e6100033e619
:10ba5c00140035e6180037e61c003be6200028e60b
:10ba6c00251000002c00b18f0800e0034800bd2712
:10ba7c000c00448e23384400a7ffe0144400bf8f11
:10ba8c004000b68f3c00b58f3800b48f3400b38fb4
:10ba9c003000b28f2c00b18f2800b08f010002242f
:10baac000800e0034800bd270c005f8e2530000223
:10babc002128bf02ca0e410f1000a4270c00458e8e
:10bacc00211005020c0042aeacff00102000a8872c
:020000040000fa
:020000041d02db
:10badc00b8ffbd270180053c3000b2afecb2b224f8
:10baec000800428e0c00438e2c00b1af2b3043006b
:10bafc004400bfaf4000b6af3c00b5af3800b4afa8
:10bb0c003400b3af2800b0af5d00c01025888000b2
:10bb1c000400488e0c00498e2150480023384901fe
:10bb2c005b00e0104400bf8f0c004b8e1700ec2c18
:10bb3c00160010240400548e0b80ec0021680b02bc
:10bb4c002b70b4015c00c015ecb2b58c0c00538e9c
:10bb5c000c004f8e23b093022128af022530c00277
:10bb6c00ca0e410f1000a42723c0740221a0100399
:10bb7c001000b927253080022528a002ca0e410fdb
:10bb8c00212036030c0054ae2000a8872200a78782
:10bb9c002400a6871a00a9871c00a4871e00aa8768
:10bbac001800ab87049d123c049d103c049d033c83
:10bbbc00049d0c3c049d0d3c049d0e3c588e48c6c7
:10bbcc00608e67c4648e19c65c8e92c5688ebdc5c6
:10bbdc006c8edfc500008844000887440010864442
:10bbec00001889440050844400608a4400708b44df
:10bbfc00a00180466009804620118046601a80466c
:10bc0c00e052804660638046e0738046023408460a
:10bc1c00422c0846c2241246424d0746c25d0746d6
:10bc2c00c26e1946207afd4f1000b58f1400b38fe9
:10bc3c004400bf8f000035ae040033ae4000b68f19
:10bc4c003c00b58f3800b48f3400b38f3000b28f06
:10bc5c002800b08f080030e60c0031e6100033e607
:10bc6c00140035e6180037e61c003be6200028e6f9
:10bc7c00251000002c00b18f0800e0034800bd2700
:10bc8c000c00448e23384400a7ffe0144400bf8fff
:10bc9c004000b68f3c00b58f3800b48f3400b38fa2
:10bcac003000b28f2c00b18f2800b08f010002241d
:10bcbc000800e0034800bd270c005f8e2530000211
:10bccc002128bf02ca0e410f1000a4270c00458e7c
:10bcdc00211005020c0042aeacff00102000a8871a
:020000040000fa
:020000041d02db
:10bcec00a8ffbd274800b6af25b0c0000400a68c45
:10bcfc004400b5af4000b4af3400b1af0000b58c18
:10bd0c005400bfaf5000beaf4c00b7af3c00b3af58
:10bd1c003800b2af3000b0af25a080002588a0005d
:10bd2c004a00c0042518e0004408157c0800278e42
:10bd3c001000a9320000d28e0400de8e0400201107
:10bd4c0025b8e00025105e0201004054fefff724e8
:10bd5c000800a83201000055fffff7261000308eb6
:10bd6c000c00338effff102621107002000040a043
:10bd7c002528e0020200022a0a00401425105e0267
:10bd8c00340040142310d700211045003500401c0e
:10bd9c00251000000300a0180200a232310040144c
:10bdac00251000000b002011000000000000c28ec6
:10bdbc000400c48e251044000600401021107002af
:10bdcc00feff1026ffff43a0211070023000032459
:10bddc00000043a00400001120000324ffff1026e4
:10bdec0021107002000043a01000268e2128700242
:10bdfc00ffffc6241000b5af2330d000ede1400f9b
:10be0c00252080020400838e000163300400601042
:10be1c005400bf8f0400238e2a2043000b106400b3
:10be2c005000be8f4c00b78f4800b68f4400b58fc2
:10be3c004000b48f3c00b38f3800b28f3400b18f08
:10be4c003000b08f0800e0035800bd27b7ff00108a
:10be5c00010006240f0042320a004a280200401159
:10be6c005700442430004424bfff62241a00422ca3
:10be7c0013004010200082349fff42241a00422cf1
:10be8c0010004050ffff10266400a3af2800a7af9e
:10be9c002400a6af2000a5af1c00a8af3e11410f97
:10beac001800a9af6400a38f2800a78f2400a68fc9
:10bebc002000a58f1c00a88f1800a98f25204000fa
:10becc00ffff102621107002000044a00291120006
:10bedc0000171e00ffffa52425905200a5ff00109f
:04beec0002f11e0041
:020000040000fa
:020000041d02db
:10bef00000600244d8ffbd271c00b0af804c043c5a
:10bf000000f0507c2b2004022000b1af2400bfaf12
:10bf100010008014c28f0200807f033c0100632464
:10bf20002b800302180000122400bf8f049d023ce6
:10bf3000c48e41c4049d023cc88e40c40008004623
:10bf400010002012000002440080033c0d0000108d
:10bf500026106200e03e043c2b2004020f008010fb
:10bf60008039043c2b80040251000012807f043c85
:10bf700024184400040060142400bf8f02600c46a3
:10bf80001000a0e72400bf8f000082442000b18f82
:10bf90001c00b08f0800e0032800bd273d12410fb0
:10bfa00000000000983f023c2b1002022d004010c0
:10bfb000303f023c2b80020223000012049d023c11
:10bfc000400000461c8e42c4049d023c251800001f
:10bfd000410802467c8e42c4000002460308004627
:10bfe0000000024400008244049d043cc20000465c
:10bff000d08e80c4049d043cd48e81c4049d043c36
:10c00000821803462010204cd88e81c4049d043c25
:10c010002000224cdc8e81c4049d043ce08e84c44c
:10c02000ffff04246810814c420802462000234c84
:10c030000008824420006414020001460108004602
:10c04000d0ff0010000002441c8e41c401000324f4
:10c05000810001460000014603100046e1ff001088
:10c06000000002441c40023c2b8002020b000052e4
:10c07000049d023c049d023ccc8e41c4049d023cc4
:10c080001c8e43c481000146020003242000614c41
:10c0900003100046d3ff001000000244448e41c448
:10c0a0000300032403080046ceff001000000244f2
:10c0b000ccff0010ffff0324049d053c8018030003
:10c0c000bc42a5244000654c049d043c010001468f
:10c0d00000088244cc428224010001464000624ca8
:08c0e00097ff00100108004663
:020000040000fa
:020000041d02db
:10c0e800d8ffbd272000b4af0020062425a080007b
:10c0f80000200524020004241c00b3af1400b1afd3
:10c108001000b0af2400bfaf1800b2af670e410fe8
:10c118002588000007001024010013249b0d410fff
:10c12800050004240040062400400524670e410f42
:10c13800020004249b0d410f050004244c11410ffb
:10c14800020004244003427c041813022530000036
:10c158000040052402000424020040102538230270
:10c16800ff00f130670e410fffff10269b0d410fb6
:10c17800050004240040062400400524670e410ff2
:10c18800020004249b0d410f050004244c11410fab
:10c19800020004244003447c050080102530000080
:10c1a8000428130225302502ff00d1302530000075
:10c1b80000400524670e410f020004249b0d410f27
:10c1c800050004240040062400400524670e410fa2
:10c1d800020004249b0d410f050004244c11410f5b
:10c1e80002000424ffff1226044053024003497c46
:10c1f800253000000040052402000424020020111c
:10c2080025502802ff005131670e410ffeff12260c
:10c218009b0d410f0500042400400624004005241e
:10c22800670e410f020004249b0d410f05000424f2
:10c238004c11410f020004240458530240034c7c63
:10c24800253000000040052402000424020080116b
:10c2580025682b02ff00b131670e410ffdff102644
:10c26800ffff0e24adff0e1601008f3a40330f007a
:10c2780000200524670e410f020004249b0d410f86
:10c28800050004240040062400400524670e410fe1
:10c29800020004249b0d410f0500042425300000f2
:10c2a80000400524670e410f020004242400bf8fbc
:10c2b800251020022000b48f1c00b38f1800b28f05
:10c2c8001400b18f1000b08f0800e0032800bd27cc
:020000040000fa
:020000041d02db
:10c2d800d8ffbd272000b4af0800062425a08000a1
:10c2e80008000524020004241c00b3af1400b1aff9
:10c2f8001000b0af2400bfaf1800b2af670e410ff7
:10c308002588000007001024010013249b0d410f0d
:10c31800050004240400062404000524670e410fc8
:10c32800020004249b0d410f050004244c11410f09
:10c3380002000424c000427c0418130225300000c7
:10c3480004000524020004240200401025382302ba
:10c35800ff00f130670e410fffff10269b0d410fc4
:10c36800050004240400062404000524670e410f78
:10c37800020004249b0d410f050004244c11410fb9
:10c3880002000424c000447c050080102530000011
:10c398000428130225302502ff00d1302530000083
:10c3a80004000524670e410f020004249b0d410f71
:10c3b800050004240400062404000524670e410f28
:10c3c800020004249b0d410f050004244c11410f69
:10c3d80002000424ffff122604405302c000497cd7
:10c3e8002530000004000524020004240200201166
:10c3f80025502802ff005131670e410ffeff12261b
:10c408009b0d410f050004240400062404000524a4
:10c41800670e410f020004249b0d410f0500042400
:10c428004c11410f0200042404585302c0004c7cf4
:10c4380025300000040005240200042402008011b5
:10c4480025682b02ff00b131670e410ffdff102652
:10c45800ffff0e24adff0e1601008f3ac0300f000b
:10c4680008000524670e410f020004249b0d410fac
:10c47800050004240400062404000524670e410f67
:10c48800020004249b0d410f050004242530000000
:10c4980004000524670e410f020004242400bf8f06
:10c4a800251020022000b48f1c00b38f1800b28f13
:10c4b8001400b18f1000b08f0800e0032800bd27da
:020000040000fa
:020000041d02db
:10c4c80000600244493f053c00f0437cdb0fa52493
:10c4d800e0ffbd272b2865001700a0101c00bfaf88
:10c4e8008039053c2b1865000f006010807f033ce5
:10c4f8002420430008008014049d033cc88e60c4b7
:10c50800026000461000a0e71c00bf8f00008244b4
:10c518000800e0032000bd27049d033ce48e60c4ae
:10c52800f8ff001000600046216300461c00bf8f22
:10c538007c0b410b2000bd277b40053cd253a52432
:10c548002b2865002100a010c22702001640023cdb
:10c55800e4cb42342b1862000f00601021600046c3
:10c56800039d023c08008010183f4cd400032c4661
:10c57800210b410f00000000000003440080023c32
:10c58800e1ff00102610430001032c461c00bf8f5a
:10c59800210b410b2000bd27039d023c09008010a0
:10c5a800603f42d400002246000006440000674471
:10c5b800006086440080023c26284700dbff00100c
:10c5c8000060e544f8ff001001002246e240053c07
:10c5d800d631a5242b2865001300a010af40023cdb
:10c5e800e0ed42342b18620008006010216000461c
:10c5f800039d023c03008010683f4cd4e3ff001009
:10c6080000032c46daff001001032c46039d023c70
:10c6180003008010703f4cd4c4ff001000032c4668
:10c62800c2ff001001032c46807f043c2b186400d5
:10c63800040060140000000001600c46b2ff001006
:10c6480000000244c5dd400f1000a527030042305a
:10c65800020003240d00431003000324c4ff431009
:10c668001000acd705004014000000007c0b410fff
:10c6780000000000a4ff001000000244210b410f3d
:10c6880000000000a0ff0010000002441000a28f6c
:10c698001400a58f006082440080043c2618a40082
:08c6a800f2ff00100060e34402
:020000040000fa
:020000041d02db
:10c6b000049d043ce0ffbd27050006245a00052424
:10c6c000fc4384241400b0af1c00bfafd0e6400f81
:10c6d0001800b1af5b0a410f25804000060000162c
:10c6e000010002241c00bf8f1800b18f1400b08f0e
:10c6f0000800e0032000bd27bb06410f000000003a
:10c70000bdbc400f5a000424a8bd400f25200000e6
:10c71000c303410f0000000047bc400f5a0004242f
:10c72000b6b0400f252000005b0a410f258840006d
:10c73000e0002232e00003244b0043141c00bf8fb2
:10c74000bb06410f01001124bdbc400f5a00042458
:10c75000a8bd400f01000424a8bd400f060004241a
:10c760005b0a410f00000000bb06410f0000000003
:10c77000bdbc400f5a000424a8bd400f0c00042487
:10c78000a8bd400f010004245b0a410f0000000017
:10c790004006410f64000424bb06410f0000000066
:10c7a000bdbc400f5a000424a8bd400f0c00042457
:10c7b000c303410f0000000047bc400f5a0004248f
:10c7c000b6b0400f252000005b0a410f25804000d5
:10c7d000efff111200000000bb06410f0000000037
:10c7e000bdbc400f5a000424a8bd400f0100042422
:10c7f000a8bd400f252000005b0a410f000000008b
:10c80000bb06410f00000000bdbc400f5a000424cd
:10c81000a8bd400f25200000c303410f0000000009
:10c8200047bc400f5a000424b6b0400f252000003a
:10c830005b0a410f25884000080025320f00a01434
:10c84000020026320f00c0141c00bf8f01002732e7
:10c85000050002241800b18f1400b08f0a100700e1
:10c860000800e0032000bd271800b18f1400b08f2e
:10c87000020002240800e0032000bd2799ff0010f9
:0cc880000300022497ff001004000224b3
:020000040000fa
:020000041d02db
:10c88c0000a0023cc0ffbd273c474b2401800a3c62
:10c89c0004006789080066890c0065892c00b1af1b
:10c8ac00bcb151259080888f9480898f0c00238e89
:10c8bc000800248e010067990500669909006599a6
:10c8cc000d006c910e006d912b7083003c00bfaf7e
:10c8dc003800b4af3400b3af3000b2af2800b0af03
:10c8ec001000a8af1400a9af1800a7af1c00a6af8a
:10c8fc002000a5af2400aca34400c0112500ada3bb
:10c90c000800388effff792423a0380316009f2ed1
:10c91c004600e017000000000800228e0400338e51
:10c92c0016004b242b3873011800e014bcb1508d49
:10c93c000800328e08002a8e23a0720221200a02df
:10c94c0025308002ca0e410f1000a527160046267e
:10c95c002398d3001000a527253060022128b400ad
:10c96c00ca0e410f252000023c00bf8f080033aed9
:10c97c003800b48f3400b38f3000b28f2c00b18fdd
:10c98c002800b08f0800e0034000bd270800288e67
:10c99c001000a98f21200802030089a81400a38f7e
:10c9ac00000089b8070083a81800ac8f040083b876
:10c9bc000b008ca81c00ad8f08008cb82000ae8f2b
:10c9cc000f008da80c008db82400af9313008ea817
:10c9dc0010008eb814008fa02500bf930800388e6d
:10c9ec0015009fa03c00bf8f160019273800b48f8c
:10c9fc003400b38f3000b28f2800b08f080039aeee
:10ca0c002c00b18f0800e0034000bd2704002f8ede
:10ca1c000800308e21906f00ffff532623a0700278
:10ca2c0016009f2ebcffe013000000008880918f41
:10ca3c003c00bf8f010022263800b48f3400b38f26
:10ca4c003000b28f2c00b18f2800b08f888082af5d
:10ca5c000800e0034000bd2700a0023cc0ffbd273a
:10ca6c004c474b2401800a3c040067890800668906
:10ca7c000c0065892c00b1afccb15125a880888ff2
:10ca8c00ac80898f0c00238e0800248e01006799de
:10ca9c0005006699090065990d006c910e006d9169
:10caac002b7083003c00bfaf3800b4af3400b3af81
:10cabc003000b2af2800b0af1000a8af1400a9af7f
:10cacc001800a7af1c00a6af2000a5af2400aca394
:10cadc004400c0112500ada30800388effff792457
:10caec0023a0380316009f2e4600e017000000001c
:10cafc000800228e0400338e16004b242b38730151
:10cb0c001800e014ccb1508d0800328e08002a8e2b
:10cb1c0023a0720221200a0225308002ca0e410f86
:10cb2c001000a527160046262398d3001000a52731
:10cb3c00253060022128b400ca0e410f25200002c6
:10cb4c003c00bf8f080033ae3800b48f3400b38f75
:10cb5c003000b28f2c00b18f2800b08f0800e0039a
:10cb6c004000bd270800288e1000a98f2120080244
:10cb7c00030089a81400a38f000089b8070083a8bc
:10cb8c001800ac8f040083b80b008ca81c00ad8f70
:10cb9c0008008cb82000ae8f0f008da80c008db84b
:10cbac002400af9313008ea810008eb814008fa031
:10cbbc002500bf930800388e15009fa03c00bf8f46
:10cbcc00160019273800b48f3400b38f3000b28fa1
:10cbdc002800b08f080039ae2c00b18f0800e0039c
:10cbec004000bd2704002f8e0800308e21906f006e
:10cbfc00ffff532623a0700216009f2ebcffe013ec
:10cc0c0000000000a080918f3c00bf8f0100222605
:10cc1c003800b48f3400b38f3000b28f2c00b18f3a
:10cc2c002800b08fa08082af0800e0034000bd2731
:10cc3c0000a0023cc0ffbd275c474b2401800a3c8e
:10cc4c0004006789080066890c0065892c00b1af67
:10cc5c00dcb15125c080888fc480898f0c00238e55
:10cc6c000800248e010067990500669909006599f2
:10cc7c000d006c910e006d912b7083003c00bfafca
:10cc8c003800b4af3400b3af3000b2af2800b0af4f
:10cc9c001000a8af1400a9af1800a7af1c00a6afd6
:10ccac002000a5af2400aca34400c0112500ada307
:10ccbc000800388effff792423a0380316009f2e1e
:10cccc004600e017000000000800228e0400338e9e
:10ccdc0016004b242b3873011800e014dcb1508d76
:10ccec000800328e08002a8e23a0720221200a022c
:10ccfc0025308002ca0e410f1000a52716004626cb
:10cd0c002398d3001000a527253060022128b400f9
:10cd1c00ca0e410f252000023c00bf8f080033ae25
:10cd2c003800b48f3400b38f3000b28f2c00b18f29
:10cd3c002800b08f0800e0034000bd270800288eb3
:10cd4c001000a98f21200802030089a81400a38fca
:10cd5c00000089b8070083a81800ac8f040083b8c2
:10cd6c000b008ca81c00ad8f08008cb82000ae8f77
:10cd7c000f008da80c008db82400af9313008ea863
:10cd8c0010008eb814008fa02500bf930800388eb9
:10cd9c0015009fa03c00bf8f160019273800b48fd8
:10cdac003400b38f3000b28f2800b08f080039ae3a
:10cdbc002c00b18f0800e0034000bd2704002f8e2b
:10cdcc000800308e21906f00ffff532623a07002c5
:10cddc0016009f2ebcffe01300000000b880918f5e
:10cdec003c00bf8f010022263800b48f3400b38f73
:10cdfc003000b28f2c00b18f2800b08fb88082af7a
:10ce0c000800e0034000bd2700a0023cc0ffbd2786
:10ce1c006c474b2401800a3c040067890800668932
:10ce2c000c0065892c00b1afecb15125d880888fee
:10ce3c00dc80898f0c00238e0800248e01006799fa
:10ce4c0005006699090065990d006c910e006d91b5
:10ce5c002b7083003c00bfaf3800b4af3400b3afcd
:10ce6c003000b2af2800b0af1000a8af1400a9afcb
:10ce7c001800a7af1c00a6af2000a5af2400aca3e0
:10ce8c004400c0112500ada30800388effff7924a3
:10ce9c0023a0380316009f2e4600e0170000000068
:10ceac000800228e0400338e16004b242b3873019d
:10cebc001800e014ecb1508d0800328e08002a8e58
:10cecc0023a0720221200a0225308002ca0e410fd3
:10cedc001000a527160046262398d3001000a5277e
:10ceec00253060022128b400ca0e410f2520000213
:10cefc003c00bf8f080033ae3800b48f3400b38fc2
:10cf0c003000b28f2c00b18f2800b08f0800e003e6
:10cf1c004000bd270800288e1000a98f2120080290
:10cf2c00030089a81400a38f000089b8070083a808
:10cf3c001800ac8f040083b80b008ca81c00ad8fbc
:10cf4c0008008cb82000ae8f0f008da80c008db897
:10cf5c002400af9313008ea810008eb814008fa07d
:10cf6c002500bf930800388e15009fa03c00bf8f92
:10cf7c00160019273800b48f3400b38f3000b28fed
:10cf8c002800b08f080039ae2c00b18f0800e003e8
:10cf9c004000bd2704002f8e0800308e21906f00ba
:10cfac00ffff532623a0700216009f2ebcffe01338
:10cfbc0000000000d080918f3c00bf8f0100222622
:10cfcc003800b48f3400b38f3000b28f2c00b18f87
:10cfdc002800b08fd08082af0800e0034000bd274e
:10cfec0000a0023cc0ffbd277c474b2401800a3cbb
:10cffc0004006789080066890c0065892c00b1afb4
:10d00c00fcb15125f080888ff480898f0c00238e21
:10d01c000800248e0100679905006699090065993e
:10d02c000d006c910e006d912b7083003c00bfaf16
:10d03c003800b4af3400b3af3000b2af2800b0af9b
:10d04c001000a8af1400a9af1800a7af1c00a6af22
:10d05c002000a5af2400aca34400c0112500ada353
:10d06c000800388effff792423a0380316009f2e6a
:10d07c004600e017000000000800228e0400338eea
:10d08c0016004b242b3873011800e014fcb1508da2
:10d09c000800328e08002a8e23a0720221200a0278
:10d0ac0025308002ca0e410f1000a5271600462617
:10d0bc002398d3001000a527253060022128b40046
:10d0cc00ca0e410f252000023c00bf8f080033ae72
:10d0dc003800b48f3400b38f3000b28f2c00b18f76
:10d0ec002800b08f0800e0034000bd270800288e00
:10d0fc001000a98f21200802030089a81400a38f17
:10d10c00000089b8070083a81800ac8f040083b80e
:10d11c000b008ca81c00ad8f08008cb82000ae8fc3
:10d12c000f008da80c008db82400af9313008ea8af
:10d13c0010008eb814008fa02500bf930800388e05
:10d14c0015009fa03c00bf8f160019273800b48f24
:10d15c003400b38f3000b28f2800b08f080039ae86
:10d16c002c00b18f0800e0034000bd2704002f8e77
:10d17c000800308e21906f00ffff532623a0700211
:10d18c0016009f2ebcffe01300000000e880918f7a
:10d19c003c00bf8f010022263800b48f3400b38fbf
:10d1ac003000b28f2c00b18f2800b08fe88082af96
:10d1bc000800e0034000bd2700a0023cc0ffbd27d3
:10d1cc008c474b2401800a3c04006789080066895f
:10d1dc000c0065892c00b1af0cb251250881888fe9
:10d1ec000c81898f0c00238e0800248e0100679916
:10d1fc0005006699090065990d006c910e006d9102
:10d20c002b7083003c00bfaf3800b4af3400b3af19
:10d21c003000b2af2800b0af1000a8af1400a9af17
:10d22c001800a7af1c00a6af2000a5af2400aca32c
:10d23c004400c0112500ada30800388effff7924ef
:10d24c0023a0380316009f2e4600e01700000000b4
:10d25c000800228e0400338e16004b242b387301e9
:10d26c001800e0140cb2508d0800328e08002a8e83
:10d27c0023a0720221200a0225308002ca0e410f1f
:10d28c001000a527160046262398d3001000a527ca
:10d29c00253060022128b400ca0e410f252000025f
:10d2ac003c00bf8f080033ae3800b48f3400b38f0e
:10d2bc003000b28f2c00b18f2800b08f0800e00333
:10d2cc004000bd270800288e1000a98f21200802dd
:10d2dc00030089a81400a38f000089b8070083a855
:10d2ec001800ac8f040083b80b008ca81c00ad8f09
:10d2fc0008008cb82000ae8f0f008da80c008db8e4
:10d30c002400af9313008ea810008eb814008fa0c9
:10d31c002500bf930800388e15009fa03c00bf8fde
:10d32c00160019273800b48f3400b38f3000b28f39
:10d33c002800b08f080039ae2c00b18f0800e00334
:10d34c004000bd2704002f8e0800308e21906f0006
:10d35c00ffff532623a0700216009f2ebcffe01384
:10d36c00000000000081918f3c00bf8f010022263d
:10d37c003800b48f3400b38f3000b28f2c00b18fd3
:10d38c002800b08f008182af0800e0034000bd2769
:10d39c0000a0023cc0ffbd279c474b2401800a3ce7
:10d3ac0004006789080066890c0065892c00b1af00
:10d3bc001cb251252081888f2481898f0c00238eeb
:10d3cc000800248e0100679905006699090065998b
:10d3dc000d006c910e006d912b7083003c00bfaf63
:10d3ec003800b4af3400b3af3000b2af2800b0afe8
:10d3fc001000a8af1400a9af1800a7af1c00a6af6f
:10d40c002000a5af2400aca34400c0112500ada39f
:10d41c000800388effff792423a0380316009f2eb6
:10d42c004600e017000000000800228e0400338e36
:10d43c0016004b242b3873011800e0141cb2508dcd
:10d44c000800328e08002a8e23a0720221200a02c4
:10d45c0025308002ca0e410f1000a5271600462663
:10d46c002398d3001000a527253060022128b40092
:10d47c00ca0e410f252000023c00bf8f080033aebe
:10d48c003800b48f3400b38f3000b28f2c00b18fc2
:10d49c002800b08f0800e0034000bd270800288e4c
:10d4ac001000a98f21200802030089a81400a38f63
:10d4bc00000089b8070083a81800ac8f040083b85b
:10d4cc000b008ca81c00ad8f08008cb82000ae8f10
:10d4dc000f008da80c008db82400af9313008ea8fc
:10d4ec0010008eb814008fa02500bf930800388e52
:10d4fc0015009fa03c00bf8f160019273800b48f71
:10d50c003400b38f3000b28f2800b08f080039aed2
:10d51c002c00b18f0800e0034000bd2704002f8ec3
:10d52c000800308e21906f00ffff532623a070025d
:10d53c0016009f2ebcffe013000000001881918f95
:10d54c003c00bf8f010022263800b48f3400b38f0b
:10d55c003000b28f2c00b18f2800b08f188182afb1
:10d56c000800e0034000bd2700a0023cc0ffbd271f
:10d57c00ac474b2401800a3c04006789080066898b
:10d58c000c0065892c00b1af2cb251253881888fe5
:10d59c003c81898f0c00238e0800248e0100679932
:10d5ac0005006699090065990d006c910e006d914e
:10d5bc002b7083003c00bfaf3800b4af3400b3af66
:10d5cc003000b2af2800b0af1000a8af1400a9af64
:10d5dc001800a7af1c00a6af2000a5af2400aca379
:10d5ec004400c0112500ada30800388effff79243c
:10d5fc0023a0380316009f2e4600e0170000000001
:10d60c000800228e0400338e16004b242b38730135
:10d61c001800e0142cb2508d0800328e08002a8eaf
:10d62c0023a0720221200a0225308002ca0e410f6b
:10d63c001000a527160046262398d3001000a52716
:10d64c00253060022128b400ca0e410f25200002ab
:10d65c003c00bf8f080033ae3800b48f3400b38f5a
:10d66c003000b28f2c00b18f2800b08f0800e0037f
:10d67c004000bd270800288e1000a98f2120080229
:10d68c00030089a81400a38f000089b8070083a8a1
:10d69c001800ac8f040083b80b008ca81c00ad8f55
:10d6ac0008008cb82000ae8f0f008da80c008db830
:10d6bc002400af9313008ea810008eb814008fa016
:10d6cc002500bf930800388e15009fa03c00bf8f2b
:10d6dc00160019273800b48f3400b38f3000b28f86
:10d6ec002800b08f080039ae2c00b18f0800e00381
:10d6fc004000bd2704002f8e0800308e21906f0053
:10d70c00ffff532623a0700216009f2ebcffe013d0
:10d71c00000000003081918f3c00bf8f0100222659
:10d72c003800b48f3400b38f3000b28f2c00b18f1f
:10d73c002800b08f308182af0800e0034000bd2785
:10d74c0000a0023cc0ffbd27bc474b2401800a3c13
:10d75c0004006789080066890c0065892c00b1af4c
:10d76c003cb251255081888f5481898f0c00238eb7
:10d77c000800248e010067990500669909006599d7
:10d78c000d006c910e006d912b7083003c00bfafaf
:10d79c003800b4af3400b3af3000b2af2800b0af34
:10d7ac001000a8af1400a9af1800a7af1c00a6afbb
:10d7bc002000a5af2400aca34400c0112500ada3ec
:10d7cc000800388effff792423a0380316009f2e03
:10d7dc004600e017000000000800228e0400338e83
:10d7ec0016004b242b3873011800e0143cb2508dfa
:10d7fc000800328e08002a8e23a0720221200a0211
:10d80c0025308002ca0e410f1000a52716004626af
:10d81c002398d3001000a527253060022128b400de
:10d82c00ca0e410f252000023c00bf8f080033ae0a
:10d83c003800b48f3400b38f3000b28f2c00b18f0e
:10d84c002800b08f0800e0034000bd270800288e98
:10d85c001000a98f21200802030089a81400a38faf
:10d86c00000089b8070083a81800ac8f040083b8a7
:10d87c000b008ca81c00ad8f08008cb82000ae8f5c
:10d88c000f008da80c008db82400af9313008ea848
:10d89c0010008eb814008fa02500bf930800388e9e
:10d8ac0015009fa03c00bf8f160019273800b48fbd
:10d8bc003400b38f3000b28f2800b08f080039ae1f
:10d8cc002c00b18f0800e0034000bd2704002f8e10
:10d8dc000800308e21906f00ffff532623a07002aa
:10d8ec0016009f2ebcffe013000000004881918fb2
:10d8fc003c00bf8f010022263800b48f3400b38f58
:10d90c003000b28f2c00b18f2800b08f488182afcd
:10d91c000800e0034000bd2700a0023cc0ffbd276b
:10d92c00cc474b2401800a3c0400678908006689b7
:10d93c000c0065892c00b1af4cb251256881888fe1
:10d94c006c81898f0c00238e0800248e010067994e
:10d95c0005006699090065990d006c910e006d919a
:10d96c002b7083003c00bfaf3800b4af3400b3afb2
:10d97c003000b2af2800b0af1000a8af1400a9afb0
:10d98c001800a7af1c00a6af2000a5af2400aca3c5
:10d99c004400c0112500ada30800388effff792488
:10d9ac0023a0380316009f2e4600e017000000004d
:10d9bc000800228e0400338e16004b242b38730182
:10d9cc001800e0144cb2508d0800328e08002a8edc
:10d9dc0023a0720221200a0225308002ca0e410fb8
:10d9ec001000a527160046262398d3001000a52763
:10d9fc00253060022128b400ca0e410f25200002f8
:10da0c003c00bf8f080033ae3800b48f3400b38fa6
:10da1c003000b28f2c00b18f2800b08f0800e003cb
:10da2c004000bd270800288e1000a98f2120080275
:10da3c00030089a81400a38f000089b8070083a8ed
:10da4c001800ac8f040083b80b008ca81c00ad8fa1
:10da5c0008008cb82000ae8f0f008da80c008db87c
:10da6c002400af9313008ea810008eb814008fa062
:10da7c002500bf930800388e15009fa03c00bf8f77
:10da8c00160019273800b48f3400b38f3000b28fd2
:10da9c002800b08f080039ae2c00b18f0800e003cd
:10daac004000bd2704002f8e0800308e21906f009f
:10dabc00ffff532623a0700216009f2ebcffe0131d
:10dacc00000000006081918f3c00bf8f0100222676
:10dadc003800b48f3400b38f3000b28f2c00b18f6c
:10daec002800b08f608182af0800e0034000bd27a2
:10dafc0000a0023cc0ffbd27dc474b2401800a3c40
:10db0c0004006789080066890c0065892c00b1af98
:10db1c005cb251258081888f8481898f0c00238e83
:10db2c000800248e01006799050066990900659923
:10db3c000d006c910e006d912b7083003c00bfaffb
:10db4c003800b4af3400b3af3000b2af2800b0af80
:10db5c001000a8af1400a9af1800a7af1c00a6af07
:10db6c002000a5af2400aca34400c0112500ada338
:10db7c000800388effff792423a0380316009f2e4f
:10db8c004600e017000000000800228e0400338ecf
:10db9c0016004b242b3873011800e0145cb2508d26
:10dbac000800328e08002a8e23a0720221200a025d
:10dbbc0025308002ca0e410f1000a52716004626fc
:10dbcc002398d3001000a527253060022128b4002b
:10dbdc00ca0e410f252000023c00bf8f080033ae57
:10dbec003800b48f3400b38f3000b28f2c00b18f5b
:10dbfc002800b08f0800e0034000bd270800288ee5
:10dc0c001000a98f21200802030089a81400a38ffb
:10dc1c00000089b8070083a81800ac8f040083b8f3
:10dc2c000b008ca81c00ad8f08008cb82000ae8fa8
:10dc3c000f008da80c008db82400af9313008ea894
:10dc4c0010008eb814008fa02500bf930800388eea
:10dc5c0015009fa03c00bf8f160019273800b48f09
:10dc6c003400b38f3000b28f2800b08f080039ae6b
:10dc7c002c00b18f0800e0034000bd2704002f8e5c
:10dc8c000800308e21906f00ffff532623a07002f6
:10dc9c0016009f2ebcffe013000000007881918fce
:10dcac003c00bf8f010022263800b48f3400b38fa4
:10dcbc003000b28f2c00b18f2800b08f788182afea
:10dccc000800e0034000bd2700a0023cc0ffbd27b8
:10dcdc00ec474b2401800a3c0400678908006689e4
:10dcec000c0065892c00b1af6cb251259881888fde
:10dcfc009c81898f0c00238e0800248e010067996b
:10dd0c0005006699090065990d006c910e006d91e6
:10dd1c002b7083003c00bfaf3800b4af3400b3affe
:10dd2c003000b2af2800b0af1000a8af1400a9affc
:10dd3c001800a7af1c00a6af2000a5af2400aca311
:10dd4c004400c0112500ada30800388effff7924d4
:10dd5c0023a0380316009f2e4600e0170000000099
:10dd6c000800228e0400338e16004b242b387301ce
:10dd7c001800e0146cb2508d0800328e08002a8e08
:10dd8c0023a0720221200a0225308002ca0e410f04
:10dd9c001000a527160046262398d3001000a527af
:10ddac00253060022128b400ca0e410f2520000244
:10ddbc003c00bf8f080033ae3800b48f3400b38ff3
:10ddcc003000b28f2c00b18f2800b08f0800e00318
:10dddc004000bd270800288e1000a98f21200802c2
:10ddec00030089a81400a38f000089b8070083a83a
:10ddfc001800ac8f040083b80b008ca81c00ad8fee
:10de0c0008008cb82000ae8f0f008da80c008db8c8
:10de1c002400af9313008ea810008eb814008fa0ae
:10de2c002500bf930800388e15009fa03c00bf8fc3
:10de3c00160019273800b48f3400b38f3000b28f1e
:10de4c002800b08f080039ae2c00b18f0800e00319
:10de5c004000bd2704002f8e0800308e21906f00eb
:10de6c00ffff532623a0700216009f2ebcffe01369
:10de7c00000000009081918f3c00bf8f0100222692
:10de8c003800b48f3400b38f3000b28f2c00b18fb8
:10de9c002800b08f908182af0800e0034000bd27be
:10deac0000a0023cc0ffbd27fc474b2401800a3c6c
:10debc0004006789080066890c0065892c00b1afe5
:10decc007cb25125b081888fb481898f0c00238e50
:10dedc000800248e01006799050066990900659970
:10deec000d006c910e006d912b7083003c00bfaf48
:10defc003800b4af3400b3af3000b2af2800b0afcd
:10df0c001000a8af1400a9af1800a7af1c00a6af53
:10df1c002000a5af2400aca34400c0112500ada384
:10df2c000800388effff792423a0380316009f2e9b
:10df3c004600e017000000000800228e0400338e1b
:10df4c0016004b242b3873011800e0147cb2508d52
:10df5c000800328e08002a8e23a0720221200a02a9
:10df6c0025308002ca0e410f1000a5271600462648
:10df7c002398d3001000a527253060022128b40077
:10df8c00ca0e410f252000023c00bf8f080033aea3
:10df9c003800b48f3400b38f3000b28f2c00b18fa7
:10dfac002800b08f0800e0034000bd270800288e31
:10dfbc001000a98f21200802030089a81400a38f48
:10dfcc00000089b8070083a81800ac8f040083b840
:10dfdc000b008ca81c00ad8f08008cb82000ae8ff5
:10dfec000f008da80c008db82400af9313008ea8e1
:10dffc0010008eb814008fa02500bf930800388e37
:10e00c0015009fa03c00bf8f160019273800b48f55
:10e01c003400b38f3000b28f2800b08f080039aeb7
:10e02c002c00b18f0800e0034000bd2704002f8ea8
:10e03c000800308e21906f00ffff532623a0700242
:10e04c0016009f2ebcffe01300000000a881918fea
:10e05c003c00bf8f010022263800b48f3400b38ff0
:10e06c003000b28f2c00b18f2800b08fa88182af06
:10e07c000800e0034000bd2700a0023cc0ffbd2704
:10e08c000c484b2401800a3c04006789080066890f
:10e09c000c0065892c00b1af8cb25125c881888fda
:10e0ac00cc81898f0c00238e0800248e0100679987
:10e0bc0005006699090065990d006c910e006d9133
:10e0cc002b7083003c00bfaf3800b4af3400b3af4b
:10e0dc003000b2af2800b0af1000a8af1400a9af49
:10e0ec001800a7af1c00a6af2000a5af2400aca35e
:10e0fc004400c0112500ada30800388effff792421
:10e10c0023a0380316009f2e4600e01700000000e5
:10e11c000800228e0400338e16004b242b3873011a
:10e12c001800e0148cb2508d0800328e08002a8e34
:10e13c0023a0720221200a0225308002ca0e410f50
:10e14c001000a527160046262398d3001000a527fb
:10e15c00253060022128b400ca0e410f2520000290
:10e16c003c00bf8f080033ae3800b48f3400b38f3f
:10e17c003000b28f2c00b18f2800b08f0800e00364
:10e18c004000bd270800288e1000a98f212008020e
:10e19c00030089a81400a38f000089b8070083a886
:10e1ac001800ac8f040083b80b008ca81c00ad8f3a
:10e1bc0008008cb82000ae8f0f008da80c008db815
:10e1cc002400af9313008ea810008eb814008fa0fb
:10e1dc002500bf930800388e15009fa03c00bf8f10
:10e1ec00160019273800b48f3400b38f3000b28f6b
:10e1fc002800b08f080039ae2c00b18f0800e00366
:10e20c004000bd2704002f8e0800308e21906f0037
:10e21c00ffff532623a0700216009f2ebcffe013b5
:10e22c0000000000c081918f3c00bf8f01002226ae
:10e23c003800b48f3400b38f3000b28f2c00b18f04
:10e24c002800b08fc08182af0800e0034000bd27da
:10e25c0000a0023cc0ffbd271c484b2401800a3c97
:10e26c0004006789080066890c0065892c00b1af31
:10e27c009cb25125e081888fe481898f0c00238e1c
:10e28c000800248e010067990500669909006599bc
:10e29c000d006c910e006d912b7083003c00bfaf94
:10e2ac003800b4af3400b3af3000b2af2800b0af19
:10e2bc001000a8af1400a9af1800a7af1c00a6afa0
:10e2cc002000a5af2400aca34400c0112500ada3d1
:10e2dc000800388effff792423a0380316009f2ee8
:10e2ec004600e017000000000800228e0400338e68
:10e2fc0016004b242b3873011800e0149cb2508d7f
:10e30c000800328e08002a8e23a0720221200a02f5
:10e31c0025308002ca0e410f1000a5271600462694
:10e32c002398d3001000a527253060022128b400c3
:10e33c00ca0e410f252000023c00bf8f080033aeef
:10e34c003800b48f3400b38f3000b28f2c00b18ff3
:10e35c002800b08f0800e0034000bd270800288e7d
:10e36c001000a98f21200802030089a81400a38f94
:10e37c00000089b8070083a81800ac8f040083b88c
:10e38c000b008ca81c00ad8f08008cb82000ae8f41
:10e39c000f008da80c008db82400af9313008ea82d
:10e3ac0010008eb814008fa02500bf930800388e83
:10e3bc0015009fa03c00bf8f160019273800b48fa2
:10e3cc003400b38f3000b28f2800b08f080039ae04
:10e3dc002c00b18f0800e0034000bd2704002f8ef5
:10e3ec000800308e21906f00ffff532623a070028f
:10e3fc0016009f2ebcffe01300000000d881918f07
:10e40c003c00bf8f010022263800b48f3400b38f3c
:10e41c003000b28f2c00b18f2800b08fd88182af22
:10e42c000800e0034000bd2700a0023cc0ffbd2750
:10e43c002c484b2401800a3c04006789080066893b
:10e44c000c0065892c00b1afacb25125f881888fd6
:10e45c00fc81898f0c00238e0800248e01006799a3
:10e46c0005006699090065990d006c910e006d917f
:10e47c002b7083003c00bfaf3800b4af3400b3af97
:10e48c003000b2af2800b0af1000a8af1400a9af95
:10e49c001800a7af1c00a6af2000a5af2400aca3aa
:10e4ac004400c0112500ada30800388effff79246d
:10e4bc0023a0380316009f2e4600e0170000000032
:10e4cc000800228e0400338e16004b242b38730167
:10e4dc001800e014acb2508d0800328e08002a8e61
:10e4ec0023a0720221200a0225308002ca0e410f9d
:10e4fc001000a527160046262398d3001000a52748
:10e50c00253060022128b400ca0e410f25200002dc
:10e51c003c00bf8f080033ae3800b48f3400b38f8b
:10e52c003000b28f2c00b18f2800b08f0800e003b0
:10e53c004000bd270800288e1000a98f212008025a
:10e54c00030089a81400a38f000089b8070083a8d2
:10e55c001800ac8f040083b80b008ca81c00ad8f86
:10e56c0008008cb82000ae8f0f008da80c008db861
:10e57c002400af9313008ea810008eb814008fa047
:10e58c002500bf930800388e15009fa03c00bf8f5c
:10e59c00160019273800b48f3400b38f3000b28fb7
:10e5ac002800b08f080039ae2c00b18f0800e003b2
:10e5bc004000bd2704002f8e0800308e21906f0084
:10e5cc00ffff532623a0700216009f2ebcffe01302
:10e5dc0000000000f081918f3c00bf8f01002226cb
:10e5ec003800b48f3400b38f3000b28f2c00b18f51
:10e5fc002800b08ff08182af0800e0034000bd27f7
:10e60c0000a0023cc0ffbd273c484b2401800a3cc3
:10e61c0004006789080066890c0065892c00b1af7d
:10e62c00bcb251251082888f1482898f0c00238ee6
:10e63c000800248e01006799050066990900659908
:10e64c000d006c910e006d912b7083003c00bfafe0
:10e65c003800b4af3400b3af3000b2af2800b0af65
:10e66c001000a8af1400a9af1800a7af1c00a6afec
:10e67c002000a5af2400aca34400c0112500ada31d
:10e68c000800388effff792423a0380316009f2e34
:10e69c004600e017000000000800228e0400338eb4
:10e6ac0016004b242b3873011800e014bcb2508dab
:10e6bc000800328e08002a8e23a0720221200a0242
:10e6cc0025308002ca0e410f1000a52716004626e1
:10e6dc002398d3001000a527253060022128b40010
:10e6ec00ca0e410f252000023c00bf8f080033ae3c
:10e6fc003800b48f3400b38f3000b28f2c00b18f40
:10e70c002800b08f0800e0034000bd270800288ec9
:10e71c001000a98f21200802030089a81400a38fe0
:10e72c00000089b8070083a81800ac8f040083b8d8
:10e73c000b008ca81c00ad8f08008cb82000ae8f8d
:10e74c000f008da80c008db82400af9313008ea879
:10e75c0010008eb814008fa02500bf930800388ecf
:10e76c0015009fa03c00bf8f160019273800b48fee
:10e77c003400b38f3000b28f2800b08f080039ae50
:10e78c002c00b18f0800e0034000bd2704002f8e41
:10e79c000800308e21906f00ffff532623a07002db
:10e7ac0016009f2ebcffe013000000000882918f22
:10e7bc003c00bf8f010022263800b48f3400b38f89
:10e7cc003000b28f2c00b18f2800b08f088282af3e
:10e7dc000800e0034000bd2700a0023cc0ffbd279d
:10e7ec004c484b2401800a3c040067890800668968
:10e7fc000c0065892c00b1afccb251252882888fd2
:10e80c002c82898f0c00238e0800248e01006799be
:10e81c0005006699090065990d006c910e006d91cb
:10e82c002b7083003c00bfaf3800b4af3400b3afe3
:10e83c003000b2af2800b0af1000a8af1400a9afe1
:10e84c001800a7af1c00a6af2000a5af2400aca3f6
:10e85c004400c0112500ada30800388effff7924b9
:10e86c0023a0380316009f2e4600e017000000007e
:10e87c000800228e0400338e16004b242b387301b3
:10e88c001800e014ccb2508d0800328e08002a8e8d
:10e89c0023a0720221200a0225308002ca0e410fe9
:10e8ac001000a527160046262398d3001000a52794
:10e8bc00253060022128b400ca0e410f2520000229
:10e8cc003c00bf8f080033ae3800b48f3400b38fd8
:10e8dc003000b28f2c00b18f2800b08f0800e003fd
:10e8ec004000bd270800288e1000a98f21200802a7
:10e8fc00030089a81400a38f000089b8070083a81f
:10e90c001800ac8f040083b80b008ca81c00ad8fd2
:10e91c0008008cb82000ae8f0f008da80c008db8ad
:10e92c002400af9313008ea810008eb814008fa093
:10e93c002500bf930800388e15009fa03c00bf8fa8
:10e94c00160019273800b48f3400b38f3000b28f03
:10e95c002800b08f080039ae2c00b18f0800e003fe
:10e96c004000bd2704002f8e0800308e21906f00d0
:10e97c00ffff532623a0700216009f2ebcffe0134e
:10e98c00000000002082918f3c00bf8f01002226e6
:10e99c003800b48f3400b38f3000b28f2c00b18f9d
:10e9ac002800b08f208282af0800e0034000bd2712
:10e9bc0000a0023cc0ffbd275c484b2401800a3cf0
:10e9cc0004006789080066890c0065892c00b1afca
:10e9dc00dcb251254082888f4482898f0c00238eb3
:10e9ec000800248e01006799050066990900659955
:10e9fc000d006c910e006d912b7083003c00bfaf2d
:10ea0c003800b4af3400b3af3000b2af2800b0afb1
:10ea1c001000a8af1400a9af1800a7af1c00a6af38
:10ea2c002000a5af2400aca34400c0112500ada369
:10ea3c000800388effff792423a0380316009f2e80
:10ea4c004600e017000000000800228e0400338e00
:10ea5c0016004b242b3873011800e014dcb2508dd7
:10ea6c000800328e08002a8e23a0720221200a028e
:10ea7c0025308002ca0e410f1000a527160046262d
:10ea8c002398d3001000a527253060022128b4005c
:10ea9c00ca0e410f252000023c00bf8f080033ae88
:10eaac003800b48f3400b38f3000b28f2c00b18f8c
:10eabc002800b08f0800e0034000bd270800288e16
:10eacc001000a98f21200802030089a81400a38f2d
:10eadc00000089b8070083a81800ac8f040083b825
:10eaec000b008ca81c00ad8f08008cb82000ae8fda
:10eafc000f008da80c008db82400af9313008ea8c6
:10eb0c0010008eb814008fa02500bf930800388e1b
:10eb1c0015009fa03c00bf8f160019273800b48f3a
:10eb2c003400b38f3000b28f2800b08f080039ae9c
:10eb3c002c00b18f0800e0034000bd2704002f8e8d
:10eb4c000800308e21906f00ffff532623a0700227
:10eb5c0016009f2ebcffe013000000003882918f3e
:10eb6c003c00bf8f010022263800b48f3400b38fd5
:10eb7c003000b28f2c00b18f2800b08f388282af5a
:10eb8c000800e0034000bd2700a0023cc0ffbd27e9
:10eb9c006c484b2401800a3c040067890800668994
:10ebac000c0065892c00b1afecb251255882888fce
:10ebbc005c82898f0c00238e0800248e01006799db
:10ebcc0005006699090065990d006c910e006d9118
:10ebdc002b7083003c00bfaf3800b4af3400b3af30
:10ebec003000b2af2800b0af1000a8af1400a9af2e
:10ebfc001800a7af1c00a6af2000a5af2400aca343
:10ec0c004400c0112500ada30800388effff792405
:10ec1c0023a0380316009f2e4600e01700000000ca
:10ec2c000800228e0400338e16004b242b387301ff
:10ec3c001800e014ecb2508d0800328e08002a8eb9
:10ec4c0023a0720221200a0225308002ca0e410f35
:10ec5c001000a527160046262398d3001000a527e0
:10ec6c00253060022128b400ca0e410f2520000275
:10ec7c003c00bf8f080033ae3800b48f3400b38f24
:10ec8c003000b28f2c00b18f2800b08f0800e00349
:10ec9c004000bd270800288e1000a98f21200802f3
:10ecac00030089a81400a38f000089b8070083a86b
:10ecbc001800ac8f040083b80b008ca81c00ad8f1f
:10eccc0008008cb82000ae8f0f008da80c008db8fa
:10ecdc002400af9313008ea810008eb814008fa0e0
:10ecec002500bf930800388e15009fa03c00bf8ff5
:10ecfc00160019273800b48f3400b38f3000b28f50
:10ed0c002800b08f080039ae2c00b18f0800e0034a
:10ed1c004000bd2704002f8e0800308e21906f001c
:10ed2c00ffff532623a0700216009f2ebcffe0139a
:10ed3c00000000005082918f3c00bf8f0100222602
:10ed4c003800b48f3400b38f3000b28f2c00b18fe9
:10ed5c002800b08f508282af0800e0034000bd272e
:020000040000fa
:020000041d02db
:10ed6c00e0ffbd271800b2af1400b1af1000b0af78
:10ed7c001c00bfaf1912410f07001024258840005a
:10ed8c00ffff12240730110240130600002046300a
:10ed9c0000200524670e410f020004249b0d410f37
:10edac00050004240040062400400524670e410f92
:10edbc00020004249b0d410f0500042425300000a3
:10edcc0000400524670e410f02000424ffff0326b8
:10eddc0007207100402b04000020a6300200042400
:10edec00670e410f002005249b0d410f05000424e4
:10edfc000040062400400524670e410f0200042445
:10ee0c009b0d410f05000424253000000040052413
:10ee1c00670e410f02000424feff07260740f10095
:10ee2c00404b08000020263100200524670e410fbe
:10ee3c00020004249b0d410f05000424004006240d
:10ee4c0000400524670e410f020004249b0d410f66
:10ee5c00050004242530000000400524670e410ff6
:10ee6c0002000424fdff0a260758510140630b00e1
:10ee7c000020863100200524670e410f0200042477
:10ee8c009b0d410f0500042400400624004005247e
:10ee9c00670e410f020004249b0d410f0500042452
:10eeac00fcff10262530000000400524670e410fa2
:10eebc0002000424b4ff12160730110200200624ad
:10eecc0000200524670e410f020004249b0d410f06
:10eedc00050004240040062400400524670e410f61
:10eeec00020004249b0d410f050004244c11410f1a
:10eefc0002000424253000000040052402000424f4
:10ef0c00670e410f258840002530000000200524a5
:10ef1c00670e410f020004241c00bf8f40032d7e9e
:10ef2c001800b28f1400b18f1000b08f0100a239fd
:08ef3c000800e0032000bd27de
:020000040000fa
:020000041d02db
:10ef4400e0ffbd271800b2af1400b1af1000b0af9e
:10ef54001c00bfaf5912410f070010242588400040
:10ef6400ffff122407301102401306000020463030
:10ef740000200524670e410f020004249b0d410f5d
:10ef8400050004240040062400400524670e410fb8
:10ef9400020004249b0d410f0500042425300000c9
:10efa40000400524670e410f02000424ffff0326de
:10efb40007207100402b04000020a6300200042426
:10efc400670e410f002005249b0d410f050004240a
:10efd4000040062400400524670e410f020004246b
:10efe4009b0d410f0500042425300000004005243a
:10eff400670e410f02000424feff07260740f100bc
:10f00400404b08000020263100200524670e410fe4
:10f01400020004249b0d410f050004240040062433
:10f0240000400524670e410f020004249b0d410f8c
:10f03400050004242530000000400524670e410f1c
:10f0440002000424fdff0a260758510140630b0007
:10f054000020863100200524670e410f020004249d
:10f064009b0d410f050004240040062400400524a4
:10f07400670e410f020004249b0d410f0500042478
:10f08400fcff10262530000000400524670e410fc8
:10f0940002000424b4ff12160730110200200624d3
:10f0a40000200524670e410f020004249b0d410f2c
:10f0b400050004240040062400400524670e410f87
:10f0c400020004249b0d410f050004244c11410f40
:10f0d400020004242530000000400524020004241a
:10f0e400670e410f258840002530000000200524cc
:10f0f400670e410f020004241c00bf8f40032d7ec5
:10f104001800b28f1400b18f1000b08f0100a23923
:08f114000800e0032000bd2704
:020000040000fa
:020000041d02db
:10f11c00e0ffbd271800b2af1400b1af1000b0afc4
:10f12c001c00bfaf1912410f0700102425884000a6
:10f13c00ffff122407301102c010060008004630f1
:10f14c0008000524670e410f020004249b0d410f9b
:10f15c00050004240400062404000524670e410f56
:10f16c00020004249b0d410f0500042425300000ef
:10f17c0004000524670e410f02000424ffff032640
:10f18c0007207100c02804000800a63002000424e7
:10f19c00670e410f080005249b0d410f0500042448
:10f1ac000400062404000524670e410f0200042409
:10f1bc009b0d410f0500042425300000040005249c
:10f1cc00670e410f02000424feff07260740f100e2
:10f1dc00c04808000800263108000524670e410fbe
:10f1ec00020004249b0d410f050004240400062496
:10f1fc0004000524670e410f020004249b0d410fef
:10f20c00050004242530000004000524670e410f7e
:10f21c0002000424fdff0a2607585101c0600b00b0
:10f22c000800863108000524670e410f02000424f3
:10f23c009b0d410f05000424040006240400052442
:10f24c00670e410f020004249b0d410f050004249e
:10f25c00fcff10262530000004000524670e410f2a
:10f26c0002000424b4ff1216073011020800062411
:10f27c0008000524670e410f020004249b0d410f6a
:10f28c00050004240400062404000524670e410f25
:10f29c00020004249b0d410f050004244c11410f66
:10f2ac00020004242530000004000524020004247c
:10f2bc00670e410f2588400025300000080005240a
:10f2cc00670e410f020004241c00bf8fc0002d7e6e
:10f2dc001800b28f1400b18f1000b08f0100a2394a
:08f2ec000800e0032000bd272b
:020000040000fa
:020000041d02db
:10f2f400e0ffbd271800b2af1400b1af1000b0afeb
:10f304001c00bfaf5912410f07001024258840008c
:10f31400ffff122407301102c01006000800463017
:10f3240008000524670e410f020004249b0d410fc1
:10f33400050004240400062404000524670e410f7c
:10f34400020004249b0d410f050004242530000015
:10f3540004000524670e410f02000424ffff032666
:10f3640007207100c02804000800a630020004240d
:10f37400670e410f080005249b0d410f050004246e
:10f384000400062404000524670e410f020004242f
:10f394009b0d410f050004242530000004000524c2
:10f3a400670e410f02000424feff07260740f10008
:10f3b400c04808000800263108000524670e410fe4
:10f3c400020004249b0d410f0500042404000624bc
:10f3d40004000524670e410f020004249b0d410f15
:10f3e400050004242530000004000524670e410fa5
:10f3f40002000424fdff0a2607585101c0600b00d7
:10f404000800863108000524670e410f0200042419
:10f414009b0d410f05000424040006240400052468
:10f42400670e410f020004249b0d410f05000424c4
:10f43400fcff10262530000004000524670e410f50
:10f4440002000424b4ff1216073011020800062437
:10f4540008000524670e410f020004249b0d410f90
:10f46400050004240400062404000524670e410f4b
:10f47400020004249b0d410f050004244c11410f8c
:10f4840002000424253000000400052402000424a2
:10f49400670e410f25884000253000000800052430
:10f4a400670e410f020004241c00bf8fc0002d7e94
:10f4b4001800b28f1400b18f1000b08f0100a23970
:08f4c4000800e0032000bd2751
:020000040000fa
:020000041d02db
:10f4cc00e0ffbd271800b2af1400b1af1000b0af11
:10f4dc001c00bfaf2588800007001024ffff1224fa
:10f4ec00073011024013060000204630002005248e
:10f4fc00670e410f020004249b0d410f05000424ec
:10f50c000040062400400524670e410f020004242d
:10f51c009b0d410f050004242530000000400524fc
:10f52c00670e410f02000424ffff03260720710021
:10f53c00402b04000020a63002000424670e410f6b
:10f54c00002005249b0d410f0500042400400624d7
:10f55c0000400524670e410f020004249b0d410f4f
:10f56c00050004242530000000400524670e410fdf
:10f57c0002000424feff07260740f100404b080060
:10f58c000020263100200524670e410f02000424c0
:10f59c009b0d410f05000424004006240040052467
:10f5ac00670e410f020004249b0d410f050004243b
:10f5bc002530000000400524670e410f0200042492
:10f5cc00fdff0a260758510140630b0000208631cd
:10f5dc0000200524670e410f020004249b0d410fef
:10f5ec00050004240040062400400524670e410f4a
:10f5fc00020004249b0d410f05000424fcff10267f
:10f60c002530000000400524670e410f0200042441
:10f61c00b4ff121607301102002006240020052426
:10f62c00670e410f020004249b0d410f05000424ba
:10f63c000040062400400524670e410f02000424fc
:10f64c009b0d410f050004244c11410f02000424b2
:10f65c00253000000040052402000424670e410ff1
:10f66c00258840002530000000200524670e410f3e
:10f67c00020004241c00bf8f40032d7e1800b28fa3
:10f68c001400b18f1000b08f0100a2390800e00304
:04f69c002000bd2766
:020000040000fa
:020000041d02db
:10f6a000e0ffbd271800b2af1400b1af1000b0af3b
:10f6b0001c00bfaf2588800007001024ffff122424
:10f6c00007301102c010060008004630080005246b
:10f6d000670e410f020004249b0d410f0500042416
:10f6e0000400062404000524670e410f02000424d0
:10f6f0009b0d410f05000424253000000400052463
:10f70000670e410f02000424ffff0326072071004b
:10f71000c02804000800a63002000424670e410f30
:10f72000080005249b0d410f050004240400062455
:10f7300004000524670e410f020004249b0d410fb5
:10f74000050004242530000004000524670e410f45
:10f7500002000424feff07260740f100c04808000d
:10f760000800263108000524670e410f020004241a
:10f770009b0d410f05000424040006240400052409
:10f78000670e410f020004249b0d410f0500042465
:10f790002530000004000524670e410f02000424f8
:10f7a000fdff0a2607585101c0600b000800863192
:10f7b00008000524670e410f020004249b0d410f31
:10f7c000050004240400062404000524670e410fec
:10f7d000020004249b0d410f05000424fcff1026a9
:10f7e0002530000004000524670e410f02000424a8
:10f7f000b4ff121607301102080006240800052481
:10f80000670e410f020004249b0d410f05000424e4
:10f810000400062404000524670e410f020004249e
:10f820009b0d410f050004244c11410f02000424dc
:10f83000253000000400052402000424670e410f57
:10f84000258840002530000008000524670e410f80
:10f85000020004241c00bf8fc0002d7e1800b28f50
:10f860001400b18f1000b08f0100a2390800e0032e
:04f870002000bd2790
:020000040000fa
:020000041d02db
:10f8740000e85d4100701a4000601b40e8febd27af
:10f884001401baaf02601a401001bbaf44781b7c6c
:10f8940000047b370c01baaf00609b4012100000db
:10f8a400101800000401a2af0001a3af1210200041
:10f8b40010182000fc00a2aff800a3af1210400003
:10f8c40010184000f400a2aff000a3af12106000c3
:10f8d40010186000d800bff7d000bdf7c800bbf710
:10f8e400c000b9f7b800b7f7b000b5f7a800b3f790
:10f8f400a000b2f79800b1f79000b0f78800aff716
:10f904008000aef77800adf77000acf76800abf795
:10f914006000aaf75800a9f75000a8f74800a7f715
:10f924004000a6f73800a5f73000a4f72800a3f795
:10f934002000a2f71800a1f71000a0f7ec00a2af76
:10f94400e800a3afb81c3f7c0801a3af00f8424411
:10f95400e400a2afde1d400f00000000e400a28f0f
:10f9640000f8c244fc00a58f0801a38f1308a0006f
:10f97400f800a58f0401a28f1108a000f400a58f40
:10f98400d800bfd71310a000f000a58fd000bdd7ba
:10f994001110a000ec00a58fc800bbd7c000b9d7d8
:10f9a400b800b7d7b000b5d7a800b3d7a000b2d776
:10f9b4009800b1d79000b0d78800afd78000aed7f9
:10f9c4007800add77000acd76800abd76000aad779
:10f9d4005800a9d75000a8d74800a7d74000a6d7f9
:10f9e4003800a5d73000a4d72800a3d71318a00047
:10f9f400f8fc617ce800a58f0001a38f2000a2d74a
:10fa04001800a1d71000a0d7130040001100600017
:10fa14001118a00000606041c00000000c01bb8f01
:10fa24001401ba8f02609b401001bb8f00709a4092
:10fa34001801bd2700e8dd4100609b40180000422a
:020000040000fa
:020000041d02db
:10fa440000e85d4100701a4000601b40e8febd27dd
:10fa54001401baaf02601a401001bbaf44781b7c9a
:10fa640000047b370c01baaf00609b401210000009
:10fa7400101800000401a2af0001a3af121020006f
:10fa840010182000fc00a2aff800a3af1210400031
:10fa940010184000f400a2aff000a3af12106000f1
:10faa40010186000d800bff7d000bdf7c800bbf73e
:10fab400c000b9f7b800b7f7b000b5f7a800b3f7be
:10fac400a000b2f79800b1f79000b0f78800aff744
:10fad4008000aef77800adf77000acf76800abf7c4
:10fae4006000aaf75800a9f75000a8f74800a7f744
:10faf4004000a6f73800a5f73000a4f72800a3f7c4
:10fb04002000a2f71800a1f71000a0f7ec00a2afa4
:10fb1400e800a3afb81c3f7c0801a3af00f842443f
:10fb2400e400a2af26e0400f00000000e400a28f32
:10fb340000f8c244fc00a58f0801a38f1308a0009d
:10fb4400f800a58f0401a28f1108a000f400a58f6e
:10fb5400d800bfd71310a000f000a58fd000bdd7e8
:10fb64001110a000ec00a58fc800bbd7c000b9d706
:10fb7400b800b7d7b000b5d7a800b3d7a000b2d7a4
:10fb84009800b1d79000b0d78800afd78000aed727
:10fb94007800add77000acd76800abd76000aad7a7
:10fba4005800a9d75000a8d74800a7d74000a6d727
:10fbb4003800a5d73000a4d72800a3d71318a00075
:10fbc400f8fc617ce800a58f0001a38f2000a2d778
:10fbd4001800a1d71000a0d7130040001100600046
:10fbe4001118a00000606041c00000000c01bb8f30
:10fbf4001401ba8f02609b401001bb8f00709a40c1
:10fc04001801bd2700e8dd4100609b401800004258
:020000040000fa
:020000041d02db
:10fc140000e85d4100701a4000601b40e8febd270b
:10fc24001401baaf02601a401001bbaf44781b7cc8
:10fc340000147b370c01baaf00609b401210000027
:10fc4400101800000401a2af0001a3af121020009d
:10fc540010182000fc00a2aff800a3af121040005f
:10fc640010184000f400a2aff000a3af121060001f
:10fc740010186000d800bff7d000bdf7c800bbf76c
:10fc8400c000b9f7b800b7f7b000b5f7a800b3f7ec
:10fc9400a000b2f79800b1f79000b0f78800aff772
:10fca4008000aef77800adf77000acf76800abf7f2
:10fcb4006000aaf75800a9f75000a8f74800a7f772
:10fcc4004000a6f73800a5f73000a4f72800a3f7f2
:10fcd4002000a2f71800a1f71000a0f7ec00a2afd3
:10fce400e800a3afb81c3f7c0801a3af00f842446e
:10fcf400e400a2af4ee3400f00000000e400a28f36
:10fd040000f8c244fc00a58f0801a38f1308a000cb
:10fd1400f800a58f0401a28f1108a000f400a58f9c
:10fd2400d800bfd71310a000f000a58fd000bdd716
:10fd34001110a000ec00a58fc800bbd7c000b9d734
:10fd4400b800b7d7b000b5d7a800b3d7a000b2d7d2
:10fd54009800b1d79000b0d78800afd78000aed755
:10fd64007800add77000acd76800abd76000aad7d5
:10fd74005800a9d75000a8d74800a7d74000a6d755
:10fd84003800a5d73000a4d72800a3d71318a000a3
:10fd9400f8fc617ce800a58f0001a38f2000a2d7a6
:10fda4001800a1d71000a0d7130040001100600074
:10fdb4001118a00000606041c00000000c01bb8f5e
:10fdc4001401ba8f02609b401001bb8f00709a40ef
:10fdd4001801bd2700e8dd4100609b401800004287
:020000040000fa
:020000041d02db
:10fde40000e85d4100701a4000601b40e8febd273a
:10fdf4001401baaf02601a401001bbaf44781b7cf7
:10fe040000147b370c01baaf00609b401210000055
:10fe1400101800000401a2af0001a3af12102000cb
:10fe240010182000fc00a2aff800a3af121040008d
:10fe340010184000f400a2aff000a3af121060004d
:10fe440010186000d800bff7d000bdf7c800bbf79a
:10fe5400c000b9f7b800b7f7b000b5f7a800b3f71a
:10fe6400a000b2f79800b1f79000b0f78800aff7a0
:10fe74008000aef77800adf77000acf76800abf720
:10fe84006000aaf75800a9f75000a8f74800a7f7a0
:10fe94004000a6f73800a5f73000a4f72800a3f720
:10fea4002000a2f71800a1f71000a0f7ec00a2af01
:10feb400e800a3afb81c3f7c0801a3af00f842449c
:10fec400e400a2af32ef400f00000000e400a28f74
:10fed40000f8c244fc00a58f0801a38f1308a000fa
:10fee400f800a58f0401a28f1108a000f400a58fcb
:10fef400d800bfd71310a000f000a58fd000bdd745
:10ff04001110a000ec00a58fc800bbd7c000b9d762
:10ff1400b800b7d7b000b5d7a800b3d7a000b2d700
:10ff24009800b1d79000b0d78800afd78000aed783
:10ff34007800add77000acd76800abd76000aad703
:10ff44005800a9d75000a8d74800a7d74000a6d783
:10ff54003800a5d73000a4d72800a3d71318a000d1
:10ff6400f8fc617ce800a58f0001a38f2000a2d7d4
:10ff74001800a1d71000a0d71300400011006000a2
:10ff84001118a00000606041c00000000c01bb8f8c
:10ff94001401ba8f02609b401001bb8f00709a401d
:10ffa4001801bd2700e8dd4100609b4018000042b5
:020000040000fa
:020000041d02db
:10ffb40000e85d4100701a4000601b40e8febd2768
:10ffc4001401baaf02601a401001bbaf44781b7c25
:10ffd40000147b370c01baaf00609b401210000084
:10ffe400101800000401a2af0001a3af12102000fa
:10fff40010182000fc00a2aff800a3af12104000bc
:020000041d03da
:1000040010184000f400a2aff000a3af121060007b
:1000140010186000d800bff7d000bdf7c800bbf7c8
:10002400c000b9f7b800b7f7b000b5f7a800b3f748
:10003400a000b2f79800b1f79000b0f78800aff7ce
:100044008000aef77800adf77000acf76800abf74e
:100054006000aaf75800a9f75000a8f74800a7f7ce
:100064004000a6f73800a5f73000a4f72800a3f74e
:100074002000a2f71800a1f71000a0f7ec00a2af2f
:10008400e800a3afb81c3f7c0801a3af00f84244ca
:10009400e400a2af5df8400f00000000e400a28f6e
:1000a40000f8c244fc00a58f0801a38f1308a00028
:1000b400f800a58f0401a28f1108a000f400a58ff9
:1000c400d800bfd71310a000f000a58fd000bdd773
:1000d4001110a000ec00a58fc800bbd7c000b9d791
:1000e400b800b7d7b000b5d7a800b3d7a000b2d72f
:1000f4009800b1d79000b0d78800afd78000aed7b2
:100104007800add77000acd76800abd76000aad731
:100114005800a9d75000a8d74800a7d74000a6d7b1
:100124003800a5d73000a4d72800a3d71318a000ff
:10013400f8fc617ce800a58f0001a38f2000a2d702
:100144001800a1d71000a0d71300400011006000d0
:100154001118a00000606041c00000000c01bb8fba
:100164001401ba8f02609b401001bb8f00709a404b
:100174001801bd2700e8dd4100609b4018000042e3
:020000040000fa
:020000041d03da
:1001840000e85d4100701a4000601b40e8febd2796
:100194001401baaf02601a401001bbaf44781b7c53
:1001a40000147b370c01baaf00609b4012100000b2
:1001b400101800000401a2af0001a3af1210200028
:1001c40010182000fc00a2aff800a3af12104000ea
:1001d40010184000f400a2aff000a3af12106000aa
:1001e40010186000d800bff7d000bdf7c800bbf7f7
:1001f400c000b9f7b800b7f7b000b5f7a800b3f777
:10020400a000b2f79800b1f79000b0f78800aff7fc
:100214008000aef77800adf77000acf76800abf77c
:100224006000aaf75800a9f75000a8f74800a7f7fc
:100234004000a6f73800a5f73000a4f72800a3f77c
:100244002000a2f71800a1f71000a0f7ec00a2af5d
:10025400e800a3afb81c3f7c0801a3af00f84244f8
:10026400e400a2af83f8400f00000000e400a28f76
:1002740000f8c244fc00a58f0801a38f1308a00056
:10028400f800a58f0401a28f1108a000f400a58f27
:10029400d800bfd71310a000f000a58fd000bdd7a1
:1002a4001110a000ec00a58fc800bbd7c000b9d7bf
:1002b400b800b7d7b000b5d7a800b3d7a000b2d75d
:1002c4009800b1d79000b0d78800afd78000aed7e0
:1002d4007800add77000acd76800abd76000aad760
:1002e4005800a9d75000a8d74800a7d74000a6d7e0
:1002f4003800a5d73000a4d72800a3d71318a0002e
:10030400f8fc617ce800a58f0001a38f2000a2d730
:100314001800a1d71000a0d71300400011006000fe
:100324001118a00000606041c00000000c01bb8fe8
:100334001401ba8f02609b401001bb8f00709a4079
:100344001801bd2700e8dd4100609b401800004211
:020000040000fa
:020000041d03da
:1003540000e85d4100701a4000601b40e8febd27c4
:100364001401baaf02601a401001bbaf44781b7c81
:1003740000147b370c01baaf00609b4012100000e0
:10038400101800000401a2af0001a3af1210200056
:1003940010182000fc00a2aff800a3af1210400018
:1003a40010184000f400a2aff000a3af12106000d8
:1003b40010186000d800bff7d000bdf7c800bbf725
:1003c400c000b9f7b800b7f7b000b5f7a800b3f7a5
:1003d400a000b2f79800b1f79000b0f78800aff72b
:1003e4008000aef77800adf77000acf76800abf7ab
:1003f4006000aaf75800a9f75000a8f74800a7f72b
:100404004000a6f73800a5f73000a4f72800a3f7aa
:100414002000a2f71800a1f71000a0f7ec00a2af8b
:10042400e800a3afb81c3f7c0801a3af00f8424426
:10043400e400a2af5def400f00000000e400a28fd3
:1004440000f8c244fc00a58f0801a38f1308a00084
:10045400f800a58f0401a28f1108a000f400a58f55
:10046400d800bfd71310a000f000a58fd000bdd7cf
:100474001110a000ec00a58fc800bbd7c000b9d7ed
:10048400b800b7d7b000b5d7a800b3d7a000b2d78b
:100494009800b1d79000b0d78800afd78000aed70e
:1004a4007800add77000acd76800abd76000aad78e
:1004b4005800a9d75000a8d74800a7d74000a6d70e
:1004c4003800a5d73000a4d72800a3d71318a0005c
:1004d400f8fc617ce800a58f0001a38f2000a2d75f
:1004e4001800a1d71000a0d713004000110060002d
:1004f4001118a00000606041c00000000c01bb8f17
:100504001401ba8f02609b401001bb8f00709a40a7
:100514001801bd2700e8dd4100609b40180000423f
:020000040000fa
:020000041d03da
:1005240000e85d4100701a4000601b40e8febd27f2
:100534001401baaf02601a401001bbaf44781b7caf
:1005440000147b370c01baaf00609b40121000000e
:10055400101800000401a2af0001a3af1210200084
:1005640010182000fc00a2aff800a3af1210400046
:1005740010184000f400a2aff000a3af1210600006
:1005840010186000d800bff7d000bdf7c800bbf753
:10059400c000b9f7b800b7f7b000b5f7a800b3f7d3
:1005a400a000b2f79800b1f79000b0f78800aff759
:1005b4008000aef77800adf77000acf76800abf7d9
:1005c4006000aaf75800a9f75000a8f74800a7f759
:1005d4004000a6f73800a5f73000a4f72800a3f7d9
:1005e4002000a2f71800a1f71000a0f7ec00a2afba
:1005f400e800a3afb81c3f7c0801a3af00f8424455
:10060400e400a2af88ef400f00000000e400a28fd6
:1006140000f8c244fc00a58f0801a38f1308a000b2
:10062400f800a58f0401a28f1108a000f400a58f83
:10063400d800bfd71310a000f000a58fd000bdd7fd
:100644001110a000ec00a58fc800bbd7c000b9d71b
:10065400b800b7d7b000b5d7a800b3d7a000b2d7b9
:100664009800b1d79000b0d78800afd78000aed73c
:100674007800add77000acd76800abd76000aad7bc
:100684005800a9d75000a8d74800a7d74000a6d73c
:100694003800a5d73000a4d72800a3d71318a0008a
:1006a400f8fc617ce800a58f0001a38f2000a2d78d
:1006b4001800a1d71000a0d713004000110060005b
:1006c4001118a00000606041c00000000c01bb8f45
:1006d4001401ba8f02609b401001bb8f00709a40d6
:1006e4001801bd2700e8dd4100609b40180000426e
:020000040000fa
:020000041d03da
:1006f40000e85d4100701a4000601b40e8febd2721
:100704001401baaf02601a401001bbaf44781b7cdd
:1007140000047b370c01baaf00609b40121000004c
:10072400101800000401a2af0001a3af12102000b2
:1007340010182000fc00a2aff800a3af1210400074
:1007440010184000f400a2aff000a3af1210600034
:1007540010186000d800bff7d000bdf7c800bbf781
:10076400c000b9f7b800b7f7b000b5f7a800b3f701
:10077400a000b2f79800b1f79000b0f78800aff787
:100784008000aef77800adf77000acf76800abf707
:100794006000aaf75800a9f75000a8f74800a7f787
:1007a4004000a6f73800a5f73000a4f72800a3f707
:1007b4002000a2f71800a1f71000a0f7ec00a2afe8
:1007c400e800a3afb81c3f7c0801a3af00f8424483
:1007d400e400a2af7d12410f00000000e400a28fec
:1007e40000f8c244fc00a58f0801a38f1308a000e1
:1007f400f800a58f0401a28f1108a000f400a58fb2
:10080400d800bfd71310a000f000a58fd000bdd72b
:100814001110a000ec00a58fc800bbd7c000b9d749
:10082400b800b7d7b000b5d7a800b3d7a000b2d7e7
:100834009800b1d79000b0d78800afd78000aed76a
:100844007800add77000acd76800abd76000aad7ea
:100854005800a9d75000a8d74800a7d74000a6d76a
:100864003800a5d73000a4d72800a3d71318a000b8
:10087400f8fc617ce800a58f0001a38f2000a2d7bb
:100884001800a1d71000a0d7130040001100600089
:100894001118a00000606041c00000000c01bb8f73
:1008a4001401ba8f02609b401001bb8f00709a4004
:1008b4001801bd2700e8dd4100609b40180000429c
:020000040000fa
:020000041d03da
:1008c40000e85d4100701a4000601b40e8febd274f
:1008d4001401baaf02601a401001bbaf44781b7c0c
:1008e40000047b370c01baaf00609b40121000007b
:1008f400101800000401a2af0001a3af12102000e1
:1009040010182000fc00a2aff800a3af12104000a2
:1009140010184000f400a2aff000a3af1210600062
:1009240010186000d800bff7d000bdf7c800bbf7af
:10093400c000b9f7b800b7f7b000b5f7a800b3f72f
:10094400a000b2f79800b1f79000b0f78800aff7b5
:100954008000aef77800adf77000acf76800abf735
:100964006000aaf75800a9f75000a8f74800a7f7b5
:100974004000a6f73800a5f73000a4f72800a3f735
:100984002000a2f71800a1f71000a0f7ec00a2af16
:10099400e800a3afb81c3f7c0801a3af00f84244b1
:1009a400e400a2af85f0400f00000000e400a28f35
:1009b40000f8c244fc00a58f0801a38f1308a0000f
:1009c400f800a58f0401a28f1108a000f400a58fe0
:1009d400d800bfd71310a000f000a58fd000bdd75a
:1009e4001110a000ec00a58fc800bbd7c000b9d778
:1009f400b800b7d7b000b5d7a800b3d7a000b2d716
:100a04009800b1d79000b0d78800afd78000aed798
:100a14007800add77000acd76800abd76000aad718
:100a24005800a9d75000a8d74800a7d74000a6d798
:100a34003800a5d73000a4d72800a3d71318a000e6
:100a4400f8fc617ce800a58f0001a38f2000a2d7e9
:100a54001800a1d71000a0d71300400011006000b7
:100a64001118a00000606041c00000000c01bb8fa1
:100a74001401ba8f02609b401001bb8f00709a4032
:100a84001801bd2700e8dd4100609b4018000042ca
:020000040000fa
:020000041d03da
:100a940000e85d4100701a4000601b40e8febd277d
:100aa4001401baaf02601a401001bbaf44781b7c3a
:100ab40000047b370c01baaf00609b4012100000a9
:100ac400101800000401a2af0001a3af121020000f
:100ad40010182000fc00a2aff800a3af12104000d1
:100ae40010184000f400a2aff000a3af1210600091
:100af40010186000d800bff7d000bdf7c800bbf7de
:100b0400c000b9f7b800b7f7b000b5f7a800b3f75d
:100b1400a000b2f79800b1f79000b0f78800aff7e3
:100b24008000aef77800adf77000acf76800abf763
:100b34006000aaf75800a9f75000a8f74800a7f7e3
:100b44004000a6f73800a5f73000a4f72800a3f763
:100b54002000a2f71800a1f71000a0f7ec00a2af44
:100b6400e800a3afb81c3f7c0801a3af00f84244df
:100b7400e400a2af6f0a410f00000000e400a28f5e
:100b840000f8c244fc00a58f0801a38f1308a0003d
:100b9400f800a58f0401a28f1108a000f400a58f0e
:100ba400d800bfd71310a000f000a58fd000bdd788
:100bb4001110a000ec00a58fc800bbd7c000b9d7a6
:100bc400b800b7d7b000b5d7a800b3d7a000b2d744
:100bd4009800b1d79000b0d78800afd78000aed7c7
:100be4007800add77000acd76800abd76000aad747
:100bf4005800a9d75000a8d74800a7d74000a6d7c7
:100c04003800a5d73000a4d72800a3d71318a00014
:100c1400f8fc617ce800a58f0001a38f2000a2d717
:100c24001800a1d71000a0d71300400011006000e5
:100c34001118a00000606041c00000000c01bb8fcf
:100c44001401ba8f02609b401001bb8f00709a4060
:100c54001801bd2700e8dd4100609b4018000042f8
:020000040000fa
:020000041d03da
:100c640000e85d4100701a4000601b40e8febd27ab
:100c74001401baaf02601a401001bbaf44781b7c68
:100c840000047b370c01baaf00609b4012100000d7
:100c9400101800000401a2af0001a3af121020003d
:100ca40010182000fc00a2aff800a3af12104000ff
:100cb40010184000f400a2aff000a3af12106000bf
:100cc40010186000d800bff7d000bdf7c800bbf70c
:100cd400c000b9f7b800b7f7b000b5f7a800b3f78c
:100ce400a000b2f79800b1f79000b0f78800aff712
:100cf4008000aef77800adf77000acf76800abf792
:100d04006000aaf75800a9f75000a8f74800a7f711
:100d14004000a6f73800a5f73000a4f72800a3f791
:100d24002000a2f71800a1f71000a0f7ec00a2af72
:100d3400e800a3afb81c3f7c0801a3af00f842440d
:100d4400e400a2afbf0e410f00000000e400a28f38
:100d540000f8c244fc00a58f0801a38f1308a0006b
:100d6400f800a58f0401a28f1108a000f400a58f3c
:100d7400d800bfd71310a000f000a58fd000bdd7b6
:100d84001110a000ec00a58fc800bbd7c000b9d7d4
:100d9400b800b7d7b000b5d7a800b3d7a000b2d772
:100da4009800b1d79000b0d78800afd78000aed7f5
:100db4007800add77000acd76800abd76000aad775
:100dc4005800a9d75000a8d74800a7d74000a6d7f5
:100dd4003800a5d73000a4d72800a3d71318a00043
:100de400f8fc617ce800a58f0001a38f2000a2d746
:100df4001800a1d71000a0d7130040001100600014
:100e04001118a00000606041c00000000c01bb8ffd
:100e14001401ba8f02609b401001bb8f00709a408e
:100e24001801bd2700e8dd4100609b401800004226
:020000040000fa
:020000041d03da
:100e340000e85d4100701a4000601b40e8febd27d9
:100e44001401baaf02601a401001bbaf44781b7c96
:100e540000047b370c01baaf00609b401210000005
:100e6400101800000401a2af0001a3af121020006b
:100e740010182000fc00a2aff800a3af121040002d
:100e840010184000f400a2aff000a3af12106000ed
:100e940010186000d800bff7d000bdf7c800bbf73a
:100ea400c000b9f7b800b7f7b000b5f7a800b3f7ba
:100eb400a000b2f79800b1f79000b0f78800aff740
:100ec4008000aef77800adf77000acf76800abf7c0
:100ed4006000aaf75800a9f75000a8f74800a7f740
:100ee4004000a6f73800a5f73000a4f72800a3f7c0
:100ef4002000a2f71800a1f71000a0f7ec00a2afa1
:100f0400e800a3afb81c3f7c0801a3af00f842443b
:100f1400e400a2af830a410f00000000e400a28fa6
:100f240000f8c244fc00a58f0801a38f1308a00099
:100f3400f800a58f0401a28f1108a000f400a58f6a
:100f4400d800bfd71310a000f000a58fd000bdd7e4
:100f54001110a000ec00a58fc800bbd7c000b9d702
:100f6400b800b7d7b000b5d7a800b3d7a000b2d7a0
:100f74009800b1d79000b0d78800afd78000aed723
:100f84007800add77000acd76800abd76000aad7a3
:100f94005800a9d75000a8d74800a7d74000a6d723
:100fa4003800a5d73000a4d72800a3d71318a00071
:100fb400f8fc617ce800a58f0001a38f2000a2d774
:100fc4001800a1d71000a0d7130040001100600042
:100fd4001118a00000606041c00000000c01bb8f2c
:100fe4001401ba8f02609b401001bb8f00709a40bd
:100ff4001801bd2700e8dd4100609b401800004255
:020000040000fa
:020000041d03da
:1010040000e85d4100701a4000601b40e8febd2707
:101014001401baaf02601a401001bbaf44781b7cc4
:1010240000047b370c01baaf00609b401210000033
:10103400101800000401a2af0001a3af1210200099
:1010440010182000fc00a2aff800a3af121040005b
:1010540010184000f400a2aff000a3af121060001b
:1010640010186000d800bff7d000bdf7c800bbf768
:10107400c000b9f7b800b7f7b000b5f7a800b3f7e8
:10108400a000b2f79800b1f79000b0f78800aff76e
:101094008000aef77800adf77000acf76800abf7ee
:1010a4006000aaf75800a9f75000a8f74800a7f76e
:1010b4004000a6f73800a5f73000a4f72800a3f7ee
:1010c4002000a2f71800a1f71000a0f7ec00a2afcf
:1010d400e800a3afb81c3f7c0801a3af00f842446a
:1010e400e400a2af970a410f00000000e400a28fc1
:1010f40000f8c244fc00a58f0801a38f1308a000c8
:10110400f800a58f0401a28f1108a000f400a58f98
:10111400d800bfd71310a000f000a58fd000bdd712
:101124001110a000ec00a58fc800bbd7c000b9d730
:10113400b800b7d7b000b5d7a800b3d7a000b2d7ce
:101144009800b1d79000b0d78800afd78000aed751
:101154007800add77000acd76800abd76000aad7d1
:101164005800a9d75000a8d74800a7d74000a6d751
:101174003800a5d73000a4d72800a3d71318a0009f
:10118400f8fc617ce800a58f0001a38f2000a2d7a2
:101194001800a1d71000a0d7130040001100600070
:1011a4001118a00000606041c00000000c01bb8f5a
:1011b4001401ba8f02609b401001bb8f00709a40eb
:1011c4001801bd2700e8dd4100609b401800004283
:020000040000fa
:020000041d03da
:1011d40000e85d4100701a4000601b40e8febd2736
:1011e4001401baaf02601a401001bbaf44781b7cf3
:1011f40000047b370c01baaf00609b401210000062
:10120400101800000401a2af0001a3af12102000c7
:1012140010182000fc00a2aff800a3af1210400089
:1012240010184000f400a2aff000a3af1210600049
:1012340010186000d800bff7d000bdf7c800bbf796
:10124400c000b9f7b800b7f7b000b5f7a800b3f716
:10125400a000b2f79800b1f79000b0f78800aff79c
:101264008000aef77800adf77000acf76800abf71c
:101274006000aaf75800a9f75000a8f74800a7f79c
:101284004000a6f73800a5f73000a4f72800a3f71c
:101294002000a2f71800a1f71000a0f7ec00a2affd
:1012a400e800a3afb81c3f7c0801a3af00f8424498
:1012b400e400a2afab0a410f00000000e400a28fdb
:1012c40000f8c244fc00a58f0801a38f1308a000f6
:1012d400f800a58f0401a28f1108a000f400a58fc7
:1012e400d800bfd71310a000f000a58fd000bdd741
:1012f4001110a000ec00a58fc800bbd7c000b9d75f
:10130400b800b7d7b000b5d7a800b3d7a000b2d7fc
:101314009800b1d79000b0d78800afd78000aed77f
:101324007800add77000acd76800abd76000aad7ff
:101334005800a9d75000a8d74800a7d74000a6d77f
:101344003800a5d73000a4d72800a3d71318a000cd
:10135400f8fc617ce800a58f0001a38f2000a2d7d0
:101364001800a1d71000a0d713004000110060009e
:101374001118a00000606041c00000000c01bb8f88
:101384001401ba8f02609b401001bb8f00709a4019
:101394001801bd2700e8dd4100609b4018000042b1
:020000040000fa
:020000041d03da
:1013a40000e85d4100701a4000601b40e8febd2764
:1013b4001401baaf02601a401001bbaf44781b7c21
:1013c40000047b370c01baaf00609b401210000090
:1013d400101800000401a2af0001a3af12102000f6
:1013e40010182000fc00a2aff800a3af12104000b8
:1013f40010184000f400a2aff000a3af1210600078
:1014040010186000d800bff7d000bdf7c800bbf7c4
:10141400c000b9f7b800b7f7b000b5f7a800b3f744
:10142400a000b2f79800b1f79000b0f78800aff7ca
:101434008000aef77800adf77000acf76800abf74a
:101444006000aaf75800a9f75000a8f74800a7f7ca
:101454004000a6f73800a5f73000a4f72800a3f74a
:101464002000a2f71800a1f71000a0f7ec00a2af2b
:10147400e800a3afb81c3f7c0801a3af00f84244c6
:10148400e400a2aff8ec400f00000000e400a28fdb
:1014940000f8c244fc00a58f0801a38f1308a00024
:1014a400f800a58f0401a28f1108a000f400a58ff5
:1014b400d800bfd71310a000f000a58fd000bdd76f
:1014c4001110a000ec00a58fc800bbd7c000b9d78d
:1014d400b800b7d7b000b5d7a800b3d7a000b2d72b
:1014e4009800b1d79000b0d78800afd78000aed7ae
:1014f4007800add77000acd76800abd76000aad72e
:101504005800a9d75000a8d74800a7d74000a6d7ad
:101514003800a5d73000a4d72800a3d71318a000fb
:10152400f8fc617ce800a58f0001a38f2000a2d7fe
:101534001800a1d71000a0d71300400011006000cc
:101544001118a00000606041c00000000c01bb8fb6
:101554001401ba8f02609b401001bb8f00709a4047
:101564001801bd2700e8dd4100609b4018000042df
:020000040000fa
:020000041d03da
:1015740000e85d4100701a4000601b40e8febd2792
:101584001401baaf02601a401001bbaf44781b7c4f
:1015940000047b370c01baaf00609b4012100000be
:1015a400101800000401a2af0001a3af1210200024
:1015b40010182000fc00a2aff800a3af12104000e6
:1015c40010184000f400a2aff000a3af12106000a6
:1015d40010186000d800bff7d000bdf7c800bbf7f3
:1015e400c000b9f7b800b7f7b000b5f7a800b3f773
:1015f400a000b2f79800b1f79000b0f78800aff7f9
:101604008000aef77800adf77000acf76800abf778
:101614006000aaf75800a9f75000a8f74800a7f7f8
:101624004000a6f73800a5f73000a4f72800a3f778
:101634002000a2f71800a1f71000a0f7ec00a2af59
:10164400e800a3afb81c3f7c0801a3af00f84244f4
:10165400e400a2af69e0400f00000000e400a28fa4
:1016640000f8c244fc00a58f0801a38f1308a00052
:10167400f800a58f0401a28f1108a000f400a58f23
:10168400d800bfd71310a000f000a58fd000bdd79d
:101694001110a000ec00a58fc800bbd7c000b9d7bb
:1016a400b800b7d7b000b5d7a800b3d7a000b2d759
:1016b4009800b1d79000b0d78800afd78000aed7dc
:1016c4007800add77000acd76800abd76000aad75c
:1016d4005800a9d75000a8d74800a7d74000a6d7dc
:1016e4003800a5d73000a4d72800a3d71318a0002a
:1016f400f8fc617ce800a58f0001a38f2000a2d72d
:101704001800a1d71000a0d71300400011006000fa
:101714001118a00000606041c00000000c01bb8fe4
:101724001401ba8f02609b401001bb8f00709a4075
:101734001801bd2700e8dd4100609b40180000420d
:020000040000fa
:020000041d03da
:1017440000e85d4100701a4000601b40e8febd27c0
:101754001401baaf02601a401001bbaf44781b7c7d
:1017640000047b370c01baaf00609b4012100000ec
:10177400101800000401a2af0001a3af1210200052
:1017840010182000fc00a2aff800a3af1210400014
:1017940010184000f400a2aff000a3af12106000d4
:1017a40010186000d800bff7d000bdf7c800bbf721
:1017b400c000b9f7b800b7f7b000b5f7a800b3f7a1
:1017c400a000b2f79800b1f79000b0f78800aff727
:1017d4008000aef77800adf77000acf76800abf7a7
:1017e4006000aaf75800a9f75000a8f74800a7f727
:1017f4004000a6f73800a5f73000a4f72800a3f7a7
:101804002000a2f71800a1f71000a0f7ec00a2af87
:10181400e800a3afb81c3f7c0801a3af00f8424422
:10182400e400a2af60e7400f00000000e400a28fd4
:1018340000f8c244fc00a58f0801a38f1308a00080
:10184400f800a58f0401a28f1108a000f400a58f51
:10185400d800bfd71310a000f000a58fd000bdd7cb
:101864001110a000ec00a58fc800bbd7c000b9d7e9
:10187400b800b7d7b000b5d7a800b3d7a000b2d787
:101884009800b1d79000b0d78800afd78000aed70a
:101894007800add77000acd76800abd76000aad78a
:1018a4005800a9d75000a8d74800a7d74000a6d70a
:1018b4003800a5d73000a4d72800a3d71318a00058
:1018c400f8fc617ce800a58f0001a38f2000a2d75b
:1018d4001800a1d71000a0d7130040001100600029
:1018e4001118a00000606041c00000000c01bb8f13
:1018f4001401ba8f02609b401001bb8f00709a40a4
:101904001801bd2700e8dd4100609b40180000423b
:020000040000fa
:020000041d03da
:1019140000e85d4100701a4000601b40e8febd27ee
:101924001401baaf02601a401001bbaf44781b7cab
:1019340000047b370c01baaf00609b40121000001a
:10194400101800000401a2af0001a3af1210200080
:1019540010182000fc00a2aff800a3af1210400042
:1019640010184000f400a2aff000a3af1210600002
:1019740010186000d800bff7d000bdf7c800bbf74f
:10198400c000b9f7b800b7f7b000b5f7a800b3f7cf
:10199400a000b2f79800b1f79000b0f78800aff755
:1019a4008000aef77800adf77000acf76800abf7d5
:1019b4006000aaf75800a9f75000a8f74800a7f755
:1019c4004000a6f73800a5f73000a4f72800a3f7d5
:1019d4002000a2f71800a1f71000a0f7ec00a2afb6
:1019e400e800a3afb81c3f7c0801a3af00f8424451
:1019f400e400a2af24ed400f00000000e400a28f39
:101a040000f8c244fc00a58f0801a38f1308a000ae
:101a1400f800a58f0401a28f1108a000f400a58f7f
:101a2400d800bfd71310a000f000a58fd000bdd7f9
:101a34001110a000ec00a58fc800bbd7c000b9d717
:101a4400b800b7d7b000b5d7a800b3d7a000b2d7b5
:101a54009800b1d79000b0d78800afd78000aed738
:101a64007800add77000acd76800abd76000aad7b8
:101a74005800a9d75000a8d74800a7d74000a6d738
:101a84003800a5d73000a4d72800a3d71318a00086
:101a9400f8fc617ce800a58f0001a38f2000a2d789
:101aa4001800a1d71000a0d7130040001100600057
:101ab4001118a00000606041c00000000c01bb8f41
:101ac4001401ba8f02609b401001bb8f00709a40d2
:101ad4001801bd2700e8dd4100609b40180000426a
:020000040000fa
:020000041d03da
:101ae400c0ffbd273400b6af0800d68c3800b7afae
:101af4003000b5af2c00b4af2800b3af1c00b0afba
:101b04003c00bfaf2400b2af2000b1af1000d78caf
:101b14000c00d38c2580800025a8a00023f7400f5b
:101b240025a0e0000100c052fffff6260000838ece
:101b34002590000021104300000082ae2a105602b6
:101b44002c004010ffffe2262a1042022a004050d7
:101b5400219072023c00028e4c00038e2b1843002d
:101b64001c006010010043243c0003ae00005190af
:101b7400b30f410f252020024800401421107202a7
:101b8400010002243f0042564c00028e3011410fe6
:101b94002520200278000324390043143000022455
:101ba40000006482360082144c00038e3c00028ed6
:101bb4002b18430028006010010043243c0003aeae
:101bc400000044903c00028effff422428000010d5
:101bd4003c0002ae84ee400f252000022588400020
:101be400ffff0224e2ff2216000000000f00401253
:101bf4003c00bf8f21907202000040a21000062416
:101c04001000a527eb0e410f252060020000a2aeb4
:101c14001000a28f0400a3ae26105300010011246b
:101c2400feff03240a8862003c00bf8f25102002b7
:101c34003800b78f3400b68f3000b58f2c00b48fc6
:101c44002800b38f2400b28f2000b18f1c00b08f06
:101c54000800e0034000bd2784ee400f2520000269
:101c6400252040004c00028ed7ff40543c00028ed9
:101c7400b30f410f0000000008004014211072024d
:101c84004c00028edcff4050219072023c00028e18
:101c9400ffff4224d7ff00103c0002ae000051a019
:101ca4000000828e01005226a3ff0010010042248e
:020000040000fa
:020000041d03da
:101cb400d8ffbd273800a28f2400bfaf2000b3afe8
:101cc4001c00b2af1800b1af680080141400b0afac
:101cd4000880123c5cac5026100003922588a000ba
:101ce400ffff052463006010000025ae5d00e010d6
:101cf40002004830130000550e000a9601004930d6
:101d040034000d8e28000e8e2b78ae012400e011d5
:101d14007d80939301001824130078120880193ce5
:101d2400a0ff12242400bf8f251040022000b38f8f
:101d34001c00b28f1800b18f1400b08f0800e003ac
:101d44002800bd272b58ea00f6ff605582ff1224b5
:101d54001b00ea00f40140010200092410600000a5
:101d6400e7ff00102338ec0060aa3f270800e28f49
:101d7400020043280c0060147d8080a32c00e48fb3
:101d8400020085283100a01408800c3c5000e88f24
:101d940002000a293000401508800b3c7d8093a383
:101da400e0ff001080ff12242598e003c0680400bf
:101db4002170a40180780e0021c0ef03000006af5b
:101dc400049d063c040007af4cccc724100009afa7
:101dd400140000af8512410f0c0007af3400098ec8
:101de4002520400001003925340019ae8712410f27
:101df40000000000000033ae5cac448e0c00059281
:101e0400e00d410f2530600204004014259040008d
:101e140001001124c3ff00107d8091a38512410f9e
:101e2400000000003400038e25204000ffff6224e0
:101e3400340002ae8712410fffff1024000030aec1
:101e440001001124b7ff00107d8091a384aa93257b
:101e5400d6ff001001000424a8aa7325d3ff0010a4
:101e640002000424afff001082ff1224adff001013
:0c1e740088ff1224abff00108aff12242c
:020000040000fa
:020000041d03da
:101e80000800828cfeff0324530043100000000072
:101e9000e0ffbd271800b1af2588800002000424b0
:101ea0001400b0af1c00bfaf250044101400308eea
:101eb0000400268e1800c054c4000592d8000f8e6e
:101ec000c40000a2252800000f001824e800078e97
:101ed0003300ef50ec00068ed00004962530a000b1
:101ee00009f8e00125280003f400058e40000824cd
:101ef0003800b98c1c00048e1c00bf8f1800b18ff5
:101f00008c0008ae880006261400b08f252800003b
:101f1000080020032000bd273100a050d8000f8efc
:101f2000c800078ecc00088e2b48e8002f00201533
:101f30000d001824d8000f8ee4ff001025280000a3
:101f4000c40019920b00205318000396d800028e8b
:101f50000800405018000396e8001f8e32005f1002
:101f600025300000d000049609f840000c0005243c
:101f700018000396029d113ce800078e881f2f264b
:101f800001000424c40004a2d8000faed00003a6b0
:101f900024000526d0ffef140e001824ec00068e56
:101fa00009f8e00125200003f400058e4000082414
:101fb0003800b98c1c00048e1c00bf8f1800b18f34
:101fc0008c0008ae880006261400b08f252800007b
:101fd000080020032000bd270800e00300000000e7
:101fe00025280000b9ff001001001824d4000a8e33
:101ff00024000526ca0e410f21204701c800068e85
:1020000004002b8ecc000c8e2168cb002b70ac0111
:10201000d8000f8ec8000dae0900c01125280000a1
:10202000aaff001001001824ec00068e25280000ed
:1020300009f840000c000424ceff0010180003969d
:08204000a2ff00100d0018249e
:020000040000fa
:020000041d03da
:10204800e0ffbd270000878c1800b1af1c00bfafb0
:102058001400b0af0000e3802d0002242588800022
:102068002e0062102520a0003000052434006510e1
:102078002580e000ff006d30d0ffae250a00cf2d8f
:102088000800e0112e00182401000382ff006d30c3
:10209800d0ffae250a00cf2dfbffe015010010266a
:1020a8002e001824420078104429037c45000a2495
:1020b8002d006a500100188200000b92d0ff6c2599
:1020c8000a008d2d0600a0110000000001000392f7
:1020d800d0ff65240a00a82cfcff0015010010267b
:1020e8000700801001000926232827012b30a600ad
:1020f8003f00c010019d0a3cbc0f410f7499462552
:102108001c00bf8f000030ae251000001800b18ff2
:102118001400b08f0800e0032000bd270100e38011
:10212800ff006830d0ff09250a002a2d0800401159
:102138000100f02430000b24d4ff6b54010003820b
:102148000100038230000c24caff6c140100102621
:102158001c00bf8f1800b18f1400b08f0e0002242e
:102168000800e0032000bd272b000e241d000e13dd
:102178002d000f241c000f530200188201001026a6
:10218800ff001933d0ff3f270a00e22ff1ff40502c
:102198001c00bf8f01000392d0ff65240a00a82c01
:1021a800caff001501001026cdff00100000000036
:1021b80001001992d0ff3f270a00e22fe4ff4010e8
:1021c8000100102601000382ff006530d0ffa8241b
:1021d8000a00092dfbff201501001026b3ff00108f
:1021e8004429037c02001882e5ff00100200102633
:1021f8001c00bf8f1800b18f1400b08f0f0002248d
:082208000800e0032000bd27df
:020000040000fa
:020000041d03da
:10221000e8ffbd271000b0af25808000019d043c81
:102220001400bfaffb0c410f0c9984240100023253
:1022300023004014020005322800a014019d063c32
:10224000040007322b00e014019d083c080009320d
:102250002e002015019d0a3c10000b323100601544
:10226000019d0c3c20000d323400a015019d0e3c58
:1022700040000f323700e015019d183c80001932f4
:102280003a002017019d1f3c000204323e008014da
:10229000019d023c8006037e41006014019d053cc7
:1022a000c006107e44000016019d063c1400bf8f3e
:1022b0001000b08f0a0004243912410b1800bd270a
:1022c000019d033cfb0c410f14996424020005326c
:1022d000dcffa01004000732019d063cfb0c410fff
:1022e0001c99c42404000732d9ffe0100800093209
:1022f000019d083cfb0c410f24990425080009327c
:10230000d6ff201110000b32019d0a3cfb0c410f3f
:102310002c99442510000b32d3ff601120000d32a0
:10232000019d0c3cfb0c410f3499842520000d329b
:10233000d0ffa01140000f32019d0e3cfb0c410f5d
:102340003c99c42540000f32cdffe01180001932c6
:10235000019d183cfb0c410f449904278000193261
:10236000caff201300020432019d1f3c4c99e42750
:10237000fb0c410f0000000000020432c6ff801079
:102380008006037e019d023cfb0c410f54994424be
:102390008006037ec3ff6050c006107e019d053c91
:1023a0005c99a424fb0c410fc006107ec0ff0012f4
:1023b0001400bf8f019d063cfb0c410f6899c4249b
:1023c0001400bf8f1000b08f0a0004243912410b93
:0423d0001800bd270d
:020000040000fa
:020000041d03da
:1023d40000e85d4100601b40e8febd2702601a4032
:1023e4001001bbaf44781b7c001c7b370c01baafd7
:1023f40000609b4012100000101800000401a2affe
:102404000001a3af1210200010182000fc00a2af9e
:10241400f800a3af1210400010184000f400a2af5f
:10242400f000a3af1210600010186000d800bff7ce
:10243400d000bdf7c800bbf7c000b9f7b800b7f7c4
:10244400b000b5f7a800b3f7a000b2f79800b1f751
:102454009000b0f78800aff78000aef77800adf7d2
:102464007000acf76800abf76000aaf75800a9f752
:102474005000a8f74800a7f74000a6f73800a5f7d2
:102484003000a4f72800a3f72000a2f71800a1f752
:102494001000a0f7ec00a2afe800a3afb81c3f7c8b
:1024a4000801a3af00f84244e400a2af6411410f55
:1024b40000000000e400a28f00f8c244fc00a58fd5
:1024c4000801a38f1308a000f800a58f0401a28fb0
:1024d4001108a000f400a58fd800bfd71310a000e6
:1024e400f000a58fd000bdd71110a000ec00a58f7f
:1024f400c800bbd7c000b9d7b800b7d7b000b5d7ac
:10250400a800b3d7a000b2d79800b1d79000b0d735
:102514008800afd78000aed77800add77000acd7b5
:102524006800abd76000aad75800a9d75000a8d735
:102534004800a7d74000a6d73800a5d73000a4d7b5
:102544002800a3d71318a000f8fc617ce800a58f2d
:102554000001a38f2000a2d71800a1d71000a0d794
:10256400130040000c01ba8f1001bb8f11006000f2
:102574001118a00002609a401801bd2700e8dd414f
:0825840000609b4018000042ba
:020000040000fa
:020000041d03da
:10258c00d8ffbd272400bfaf2000b3af1c00b2aff3
:10259c001800b1af610080141400b0af0880123c79
:1025ac005cac50260a000292ffff03242588a00091
:1025bc005c0040100000a3ac080004961b00e40073
:1025cc00f4018000104000002400e01025280001d8
:1025dc000900005582ff13243800098e2c000a8e46
:1025ec002b582a011b00601101000d247d808c9357
:1025fc0009008d11a0ff13242400bf8f2510600249
:10260c001c00b28f2000b38f1800b18f1400b08f54
:10261c000800e0032800bd2708800e3c60aacf25e7
:10262c000800f88d0200192b0e0020177d8080a366
:10263c002c00e58d0200bf283200e0170880083c12
:10264c005000e28d02004328310060140880043ce5
:10265c007d808ca3e8ff001080ff1324e6ff0010a0
:10266c0082ff13242598e001c04805002150250164
:10267c0080580a002160eb01000086ad049d063ce9
:10268c00040087adaccbc724140080ad8512410f7c
:10269c000c0087ad38000d8e252040000100ae25c2
:1026ac0038000eae8712410f00000000000033ae60
:1026bc00060005925cac448ee00d410f25306002a3
:1026cc00040040142598400001001124caff00109a
:1026dc007d8091a38512410f000000003800128efe
:1026ec0025204000ffff4f2638000fae8712410f08
:1026fc00ffff1024000030ae01001124beff0010bb
:10270c007d8091a384aa1325d7ff00100100052416
:10271c00a8aa9324d4ff001002000524b6ff0010d1
:0c272c0088ff1324b4ff00108aff132460
:020000040000fa
:020000041d03da
:10273800049d023cc0ffbd2714374b243000692597
:102748003800bdaf3800aa8f0000688d0400678d7f
:10275800000048ad3800ac8f0800668d040087add6
:102768003800ad8f0c00638d0800a6ad3800ae8f21
:1027780010006b250c00c3ad3800af8f1000f82592
:10278800f0ff69153800b8af3800a78f0000798dc1
:10279800040069910000f9ac3800a68fffff82247d
:1027a800feff482c0b0000110400c9a00000839014
:1027b8000800601004000b240c00848c1600ab1079
:1027c80054008f8c0f00ea917f004c310400805137
:1027d800ffffa52483ff02240800e0034000bd2773
:1027e800ff00ad300400ae2dfbffc01183ff0224b3
:1027f800039d193c0f00f8917c3e29278a112d7df5
:10280800ff000833253802010f00e7a1251000005a
:102818000800e0034000bd270000a6930100a39331
:102828000200a4932000e6a13500a5272000e3a11b
:102838000300a7272000e4a10000ee900100ed901e
:102848000200ec900300eb900400ea900500f89079
:102858000600f9900700e9900800e2900900e89066
:102868000a00e7242000eea12000eda12000eca141
:102878002000eba12000eaa12000f8a12000f9a186
:102888002000e9a12000e2a12000e8a1ebffe55427
:102898000000ee900f00e6917f00c330ceff605439
:1028a80083ff02240f00e49101000c24ff0085300f
:1028b8000800ae340f00eea10201ed9125100000d2
:1028c80044088d7d0201eda1d1ff00100000000039
:020000040000fa
:020000041d03da
:1028d800d8ffbd271800b2af1400b1af1000b0afd9
:1028e8000180113c0080103c0080123c1c00b3affa
:1028f800c47f5226804c1326388330262400bfaf6d
:102908002000b4af25206002000050ae2cd5400f47
:10291800100070ae25200002280011262068400f04
:10292800fc2a74260c0270262c0052262520000250
:10293800100011ae2cd5400f000051ae252020020a
:102948002068400f280033261c0213ae0c02042610
:102958002cd5400f2c0053ae2068400f2520600274
:102968005000332618040426580053ae2cd5400fc7
:10297800100093ac2068400f2520600278003326b1
:1029880024060426840053ae2cd5400f100093acc7
:102998002068400f25206002a00033263008042656
:1029a800b00053ae2cd5400f100093ac2068400ff8
:1029b80025206002c80033263c0a0426dc0053aefa
:1029c8002cd5400f100093ac2068400f25206002e2
:1029d800f0003326480c0426080153ae2cd5400fce
:1029e800100093ac2068400f2520600218013326a0
:1029f800540e0426340153ae2cd5400f100093ac6e
:102a08002068400f2520600240013326601004260c
:102a1800600153ae2cd5400f100093ac2068400fd6
:102a280025206002680133266c1204268c0153aeff
:102a38002cd5400f100093ac781410262068400f56
:102a48002520600290013126b8ff1416b8015226dd
:102a58002400bf8f2000b48f1c00b38f1800b28fe2
:102a68001400b18f1000b08f0800e0032800bd27c4
:020000040000fa
:020000041d03da
:102a78001800828cd8ffbd271c00b3af1800b2af76
:102a88001400b1af1000b0af2400bfaf2000b4af46
:102a9800258080002598a0002590c0000b004014d8
:102aa8002588e0001c000b8e140060152400bf8fe1
:102ab8002000b48f1c00b38f1800b28f1400b18fa0
:102ac8001000b08f0800e0032800bd277112410fe5
:102ad8000000948c350040100100032428002312c4
:102ae80002000524440025120000000039002012cd
:102af800000000002e000010254040025312410f34
:102b08000000148e1200401001000c242c002c121e
:102b180002000e2434002e12000000000e00205681
:102b28005000198e740c410f25208002000c582685
:102b38002b7802030700e0112530400225286002a7
:102b4800d1e5400f25208002030040545000198e23
:102b5800259000005000198e2000b48f21f8320310
:102b680050001fae2400bf8f1c00b38f1800b28f17
:102b78001400b18f1000b08f0800e0032800bd27b3
:102b8800650c410f25208002000444262b3082006a
:102b9800d8ffc01025304002252860029de5400f6f
:102ba80025208002020040142540400225400000f4
:102bb8004c00098e21502801baff00104c000aaec3
:102bc800740c410f2520800200044d26d9ff001007
:102bd8002b78a201650c410f25208002000c4726a6
:102be800ebff00102b30e200740c410f252080020f
:102bf800d0ff00102b784202650c410f252080027f
:082c0800e3ff00102b30420233
:020000040000fa
:020000041d03da
:102c1000d0ffbd272000b3af1c00b2af2c00bfaf68
:102c20002800b5af2400b4af1800b1af1400b0afa6
:102c30002590800000005182050020162598a000f4
:102c40002b0000100000708232002012010052267a
:102c5000aa0f410fff002432fbff405001005182b8
:102c60002000343600007082ff008232050000161a
:102c70009fff54243e0000102c00bf8f2000001244
:102c800001007326aa0f410fff000432fbff4050e2
:102c90000100708220001536ff00a3321a00842e36
:102ca0002c0080109fff75243011410fff0024324b
:102cb0001a00a62e2a00c01020a4027c3011410f59
:102cc000ff000432203c027c2900f4142c00bf8f4a
:102cd00025401102160000112c00bf8f0100518207
:102ce00001005226daff20160100732600007082d0
:102cf0000e000012bfff1424e2ff001000000000cd
:102d00001a00852e2300a010bfff1524e6ff001037
:102d10000000000000007082daff0016bfff1424dc
:102d200025401102eeff0055010051822c00bf8f9b
:102d30002800b58f2400b48f2000b38f1c00b28f01
:102d40001800b18f1400b08f010002240800e003c6
:102d50003000bd271a00a62ed8ffc01425a02002df
:102d600025380002dbfff410254011022c00bf8f34
:102d70002800b58f2400b48f2000b38f1c00b28fc1
:102d80001800b18f1400b08f251000000800e00378
:102d90003000bd2725a02002cbff00102538000001
:020000040000fa
:020000041d03da
:102da000d0ffbd273000ace71000b0af3000b08fcf
:102db000803f033c00f0027e2b2043001400bfaf95
:102dc0002000b6f7190080141800b4f70f00431460
:102dd000039d023c183f44d4039d023c203f42d453
:102de000216000462100444c200020463000a0e72e
:102df0001400bf8f3000a0c72000b6d71800b4d78a
:102e00001000b08f0800e0033000bd273000a0c7dd
:102e1000000880440080023c010000462100032499
:102e20004c0343acf1ff001003080046003f033c95
:102e30002b1843001900601080ff033c2110430051
:102e40000039033c2b104300e9ff40143000a0c7b9
:102e5000049d023c42000046908e40c4049d023c0a
:102e6000948e42c4049d023c2808404c988e42c473
:102e7000049d023c9c8e43c4049d023c2000414cb6
:102e80001c8e42c4020001466008434c0300014608
:102e90003000a1c7d5ff00102000214c3d12410f8a
:102ea00000000000049d023c1c8e56c4049d023ca0
:102eb00001b50046108e40c402a50046fb9e400f9f
:102ec00021a30046049d023c908e42c4049d023c16
:102ed000948e41c4049d023ca8a0224c988e41c40b
:102ee000049d023ca010344c9c8e41c4039d023cc6
:102ef0008210144620a5c14e83101446a11000462e
:102f00002110004c183f42d40000204601102046fa
:102f100020002046b6ff01063000a0e73000a38f56
:102f20000080023c26104300b1ff00103000a2af29
:020000040000fa
:020000041d03da
:102f3000e8ffbd27004006240040052402000424c9
:102f40001400bfaf670e410f1000b0af9b0d410fd3
:102f5000050004244c11410f020004244003427c6c
:102f6000510040142530000000400524670e410f39
:102f7000020004249b0d410f050004240040062498
:102f800000400524670e410f0200042408001024ad
:102f90009b0d410f050004244c11410f0200042435
:102fa0004003437c25300000004005243e006014af
:102fb00002000424670e410f000000009b0d410f2a
:102fc000050004240040062400400524670e410f3c
:102fd000020004249b0d410f050004244c11410ff5
:102fe000020004244003477c2530000000400524f3
:102ff0002d00e01402000424670e410f00000000c1
:103000009b0d410f050004240040062400400524c8
:10301000670e410f020004249b0d410f050004249c
:103020004c11410f020004244003487c253000006d
:10303000004005241c00001502000424670e410f07
:10304000000000009b0d410f0500042400400624f1
:1030500000400524670e410f020004249b0d410f20
:10306000050004244c11410f020004244003497c54
:1030700025300000004005240b0020150200042428
:10308000670e410ffcff10269b0d410f0500042425
:103090000040062400400524670e410f020004246e
:1030a000bbff0016000000001400bf8f1000b08f9f
:0830b0000800e0031800bd2731
:020000040000fa
:020000041d03da
:1030b800e8ffbd27040006240400052402000424b8
:1030c8001400bfaf670e410f1000b0af9b0d410f4a
:1030d800050004244c11410f02000424c000427c66
:1030e800510040142530000004000524670e410fec
:1030f800020004249b0d410f05000424040006244b
:1031080004000524670e410f02000424080010245f
:103118009b0d410f050004244c11410f02000424ab
:10312800c000437c25300000040005243e006014e4
:1031380002000424670e410f000000009b0d410fa0
:10314800050004240400062404000524670e410f2a
:10315800020004249b0d410f050004244c11410f6b
:1031680002000424c000477c253000000400052428
:103178002d00e01402000424670e410f0000000037
:103188009b0d410f050004240400062404000524b7
:10319800670e410f020004249b0d410f0500042413
:1031a8004c11410f02000424c000487c2530000067
:1031b800040005241c00001502000424670e410fba
:1031c800000000009b0d410f0500042404000624a4
:1031d80004000524670e410f020004249b0d410fd3
:1031e800050004244c11410f02000424c000497c4e
:1031f80025300000040005240b00201502000424db
:10320800670e410ffcff10269b0d410f050004249b
:103218000400062404000524670e410f020004245c
:10322800bbff0016000000001400bf8f1000b08f15
:083238000800e0031800bd27a7
:020000040000fa
:020000041d03da
:10324000e8ffbd2700010624000105240500042431
:103250001400bfaf670e410f1000b0af9b0d410fc0
:10326000050004244c11410f050004248000427c19
:10327000510040142530000000010524670e410f65
:10328000050004249b0d410f0500042400010624c1
:1032900000010524670e410f0500042408001024d6
:1032a0009b0d410f050004244c11410f050004241f
:1032b0008000437c25300000000105243e0060149e
:1032c00005000424670e410f000000009b0d410f14
:1032d000050004240001062400010524670e410fa7
:1032e000050004249b0d410f050004244c11410fdf
:1032f000050004248000477c2530000000010524df
:103300002d00e01405000424670e410f00000000aa
:103310009b0d410f05000424000106240001052433
:10332000670e410f050004249b0d410f0500042486
:103330004c11410f050004248000487c253000001a
:10334000000105241c00001505000424670e410f30
:10335000000000009b0d410f05000424000106241d
:1033600000010524670e410f050004249b0d410f49
:10337000050004244c11410f050004248000497c01
:1033800025300000000105240b0020150500042451
:10339000670e410ffcff10269b0d410f0500042412
:1033a0000001062400010524670e410f05000424d6
:1033b000bbff0016000000001400bf8f1000b08f8c
:0833c0000800e0031800bd271e
:020000040000fa
:020000041d03da
:1033c800e8ffbd270400062404000524252000008a
:1033d8001400bfaf670e410f1000b0af9b0d410f37
:1033e800050004244c11410f25200000c000427c38
:1033f800510040142530000004000524670e410fd9
:10340800252000009b0d410f05000424040006241c
:1034180004000524670e410f252000000800102431
:103428009b0d410f050004244c11410f252000007d
:10343800c000437c25300000040005243e006014d1
:1034480025200000670e410f000000009b0d410f72
:10345800050004240400062404000524670e410f17
:10346800252000009b0d410f050004244c11410f3d
:1034780025200000c000477c2530000004000524fa
:103488002d00e01425200000670e410f0000000009
:103498009b0d410f050004240400062404000524a4
:1034a800670e410f252000009b0d410f05000424e5
:1034b8004c11410f25200000c000487c2530000039
:1034c800040005241c00001525200000670e410f8c
:1034d800000000009b0d410f050004240400062491
:1034e80004000524670e410f252000009b0d410fa5
:1034f800050004244c11410f25200000c000497c20
:1035080025300000040005240b00201525200000ac
:10351800670e410ffcff10269b0d410f0500042488
:103528000400062404000524670e410f252000002e
:10353800bbff0016000000001400bf8f1000b08f02
:083548000800e0031800bd2794
:020000040000fa
:020000041d03da
:10355000e8ffbd27200006242000052405000424e0
:103560001400bfaf670e410f1000b0af9b0d410fad
:10357000050004244c11410f050004240001427c85
:10358000510040142530000020000524670e410f33
:10359000050004249b0d410f05000424200006248f
:1035a00020000524670e410f0500042408001024a4
:1035b0009b0d410f050004244c11410f050004240c
:1035c0000001437c25300000200005243e006014eb
:1035d00005000424670e410f000000009b0d410f01
:1035e000050004242000062420000524670e410f56
:1035f000050004249b0d410f050004244c11410fcc
:10360000050004240001477c25300000200005242b
:103610002d00e01405000424670e410f0000000097
:103620009b0d410f050004242000062420000524e2
:10363000670e410f050004249b0d410f0500042473
:103640004c11410f050004240001487c2530000086
:10365000200005241c00001505000424670e410ffe
:10366000000000009b0d410f0500042420000624eb
:1036700020000524670e410f050004249b0d410f17
:10368000050004244c11410f050004240001497c6d
:1036900025300000200005240b002015050004241f
:1036a000670e410ffcff10269b0d410f05000424ff
:1036b0002000062420000524670e410f0500042485
:1036c000bbff0016000000001400bf8f1000b08f79
:0836d0000800e0031800bd270b
:020000040000fa
:020000041d03da
:1036d800e8ffbd27004006240040052425200000ff
:1036e8001400bfaf670e410f1000b0af9b0d410f24
:1036f800050004244c11410f25200000c003427c22
:10370800510040142530000000400524670e410f89
:10371800252000009b0d410f0500042400400624cd
:1037280000400524670e410f2520000008001024e2
:103738009b0d410f050004244c11410f252000006a
:10374800c003437c25300000004005243e0060147f
:1037580025200000670e410f000000009b0d410f5f
:10376800050004240040062400400524670e410f8c
:10377800252000009b0d410f050004244c11410f2a
:1037880025200000c003477c2530000000400524a8
:103798002d00e01425200000670e410f00000000f6
:1037a8009b0d410f05000424004006240040052419
:1037b800670e410f252000009b0d410f05000424d2
:1037c8004c11410f25200000c003487c2530000023
:1037d800004005241c00001525200000670e410f3d
:1037e800000000009b0d410f050004240040062442
:1037f80000400524670e410f252000009b0d410f56
:10380800050004244c11410f25200000c003497c09
:1038180025300000004005240b002015252000005d
:10382800670e410ffcff10269b0d410f0500042475
:103838000040062400400524670e410f25200000a3
:10384800bbff0016000000001400bf8f1000b08fef
:083858000800e0031800bd2781
:020000040000fa
:020000041d03da
:10386000e8ffbd270001062400010524060004240a
:103870001400bfaf670e410f1000b0af9b0d410f9a
:10388000050004244c11410f06000424c001427cb1
:10389000510040142530000000010524670e410f3f
:1038a000060004249b0d410f05000424000106249a
:1038b00000010524670e410f0600042408001024af
:1038c0009b0d410f050004244c11410f06000424f8
:1038d000c001437c25300000000105243e00601437
:1038e00006000424670e410f000000009b0d410fed
:1038f000050004240001062400010524670e410f81
:10390000060004249b0d410f050004244c11410fb7
:1039100006000424c001477c253000000001052476
:103920002d00e01406000424670e410f0000000083
:103930009b0d410f0500042400010624000105240d
:10394000670e410f060004249b0d410f050004245f
:103950004c11410f06000424c001487c25300000b2
:10396000000105241c00001506000424670e410f09
:10397000000000009b0d410f0500042400010624f7
:1039800000010524670e410f060004249b0d410f22
:10399000050004244c11410f06000424c001497c99
:1039a00025300000000105240b002015060004242a
:1039b000670e410ffcff10269b0d410f05000424ec
:1039c0000001062400010524670e410f06000424af
:1039d000bbff0016000000001400bf8f1000b08f66
:0839e0000800e0031800bd27f8
:020000040000fa
:020000041d03da
:1039e800b8ffbd273c00b2af3800b1af3400b0af6c
:1039f8004400bfaf4000b3af258880002590a000e9
:103a0800258000002530000225282002119c400f47
:103a18001000a4272800a293030040102400a68fba
:103a28000600405201001026010007242528000244
:103a3800d5e8400f2520200201001026253000027d
:103a480025282002119c400f1000a4272800a393ca
:103a5800030060102400a68f060040120100132600
:103a68000100072425280002d5e8400f2520200260
:103a7800010013261000a42725306002119c400f76
:103a8800252820022800a493030080102400a68f74
:103a98000600405202001326010007242528600270
:103aa800d5e8400f252020020200132625282002f1
:103ab80025306002119c400f1000a4272800a59310
:103ac8000300a0102400a68f06004052030013260e
:103ad8000100072425286002d5e8400f2520200290
:103ae800030013262530600225282002119c400f70
:103af8001000a4272800a6930300c0102400a68f56
:103b08000600405204001026010007242528600200
:103b1800d5e8400f252020020400102623000724a2
:103b2800b9ff0716253000020c00398e0800201353
:103b38004400bf8f1000248e4000b38f3c00b28f2a
:103b48003800b18f3400b08f080020034800bd272b
:103b58004000b38f3c00b28f3800b18f3400b08f73
:083b68000800e0034800bd273e
:020000040000fa
:020000041d03da
:103b7000f00002245800a210f100a32827006010d2
:103b800025100000c00003245300a310c100a32887
:103b9000220060109100a3281d0060108000a3285f
:103ba0001e00601480ffa5241100a22c4f004010bd
:103bb00080280500039d023ccc3b42242110450097
:103bc0000000428c0800400000000000843c039d7f
:103bd000843c039db03c039dec3c039d243c039d31
:103be000ec3c039dec3c039dec3c039d603c039d41
:103bf000ec3c039dec3c039dec3c039dec3c039da5
:103c0000ec3c039dec3c039dec3c039db03c039dd0
:103c1000a00003242200a3500000e28c0800e0036f
:103c2000000000000000e28c040043240000428ced
:103c30000600c0100000e3ac2016027c000082ac3d
:103c4000c317020004000010040082acffff4230e2
:103c5000000082ac040080ac0800e00301000224f4
:103c60000000e28c040043240000428c0300c010da
:103c70000000e3acf1ff00102014027cf4ff001000
:103c8000ff0042300000e38c0000628c04006324db
:103c9000efffc0100000e3ace9ff0010000082acb1
:103ca000040043240000e3ace4ff00100000428c59
:103cb0000000e28c070042240410027c0000488cc3
:103cc0000400498c080042240000e2ac000088aceb
:103cd000e1ff0010040089ac0000e28c04004324e2
:103ce0000000e3acdaff00100000428c2510000059
:083cf0000800e00300000000e1
:020000040000fa
:020000041d03da
:103cf800b8ffbd274000b4af3800b2af3400b1af51
:103d08003000b0af4400bfaf3c00b3af258880009f
:103d180025a0a0002590c0002580000025300002c5
:103d280025282002119c400f1000a4271400a58ffd
:103d380004cb400f252040022528200243004014d0
:103d48001000a42701001026119c400f2530000206
:103d58001400a58f04cb400f2520400225980002af
:103d680025282002390040141000a427010010263d
:103d7800119c400f253000021400a58f04cb400f82
:103d88002520400225282002300040141000a427d6
:103d980002007026119c400f253000021400a58fe8
:103da80004cb400f2520400225282002270040147c
:103db8001000a42703007026119c400f2530000234
:103dc8001400a58f04cb400f25204002252820028f
:103dd8001e0040141000a42704007026119c400ff8
:103de800253000021400a58f04cb400f2520400287
:103df80025282002150040141000a427050070266d
:103e0800119c400f253000021400a58f04cb400ff1
:103e1800252040020d0040142300032406007026cc
:103e2800bfff0316253000024400bf8f4000b48f47
:103e38003c00b38f3800b28f3400b18f3000b08fa0
:103e4800010002240800e0034800bd274400bf8f9a
:103e5800000090ae3c00b38f4000b48f3800b28fa2
:103e68003400b18f3000b08f251000000800e00347
:043e78004800bd271a
:020000040000fa
:020000041d03da
:103e800082cb394ab690493e188661188661883fd0
:103e9000000000000000e043ffffffffffffef7f97
:103ea00000000000000010000000000065cdcd41c2
:103eb000000000000000f03f000000000000d03fc4
:103ec000000000000000e83f000000000000e03fac
:103ed0000000000000004043000000000000f0ff70
:103ee000000000000000f07ffffffffffffff77ff3
:103ef000000000000000b03f000000000000504340
:103f000000000000000020400000000000002440ed
:103f10000000000000001440182d4454fb21f93f1c
:103f20000000000000007038000000000000f0bf3a
:103f30000000000000003043000000000000e0c36b
:103f4000000000f0ffff1f34000000000000f00739
:103f5000000000000000e07f00000000000060039f
:103f6000182d4454fb210940d221337f7cd91240c3
:103f7000182d4454fb21194059f3f8c21f6ea501b6
:103f8000815e0cfdffffdfbf423a05e15355a53fbf
:103f90006950eee04293f93e271e0fe887c0563f76
:103fa00083c8c96d305fe43f000000000000384363
:103fb00000000050fb21f93f63621a61b410513eca
:103fc000a7463b8c87cdc63e74e7cae2f9002a3f7c
:103fd000b2fb6e891011813f77accb545555c53f6c
:103fe000000000000000703e000000000000704172
:083ff000000000000000c03fca
:020000040000fa
:020000041d03da
:103ff800d0ffbd271c00b2af1800b1af1400b0af9e
:10400800258880002580a0002590c0005000052448
:10401800050006242c00bfaf2400b4af2000b3afc6
:1040280025a0e000d0e6400f2800b5af0c00228e96
:1040380009f84000022210000c00338e09f86002d3
:10404800ff00043221181402ffff74302b201402e1
:1040580030008010232890020100a6303700c014d9
:1040680042991000000044920c00228e09f840008a
:1040780001005226010009264051357d0e00b31279
:10408800ffff303108002a8e09f8400100000000c7
:104098002520200205000624d0e6400f5000052404
:1040a8000c00338e09f86002022210000c00228ee8
:1040b80009f84000ff0004320c00338e00004492df
:1040c80009f860020100522601000b264051737d59
:1040d8000e007512ffff70310800288e09f80001e4
:1040e800000000002520200205000624d0e6400f2d
:1040f800500005240c00228e09f84000022210000e
:104108000c00358e09f8a002ff000432d6ff905645
:10411800000044920800398e2c00bf8f2800b58f0c
:104128002400b48f2000b38f1c00b28f1800b18f09
:104138001400b08f080020033000bd27000044920f
:104148000c00358e09f8a0020100102625386002ff
:104158004051137e01005226dfff6716ffff103221
:08416800eaff00100000000056
:020000040000fa
:020000041d03da
:10417000c8ffbd270180063c1800b0affcb2d024b8
:104180000c00028e0800038e2800b4af2b386200aa
:104190001c00b1af3400bfaf3000b6af2c00b5afdc
:1041a0002400b3af2000b2af25a080002a00e010a9
:1041b0002588a00008000b8effff4c2423508b01a4
:1041c0002b6851012d00a05581bf103c08000e8eb8
:1041d0000400138e21782e022b90f3013800401634
:1041e000fcb2d58c0800128e0800188e23b0720223
:1041f0002120b8022530c002ca0e410f25288002b6
:1042000023c8530221883103253020022128960239
:10421000ca0e410f2520a002080011ae81bf103c3c
:104220002011038ec001677c1800e01025100000eb
:104230003400bf8f3000b68f2c00b58f2800b48fac
:104240002400b38f2000b28f1c00b18f1800b08ff4
:104250000800e0033800bd270400048e0800058e26
:1042600021404400ffff0925235025012b685101ff
:10427000d6ffa0110000000081bf103c2011038e6a
:10428000c001677ceaffe01401000224dad3400f8a
:104290001000a2af3400bf8f1000a28f3000b68f85
:1042a0002c00b58f2800b48f2400b38f2000b28f6c
:1042b0001c00b18f1800b08f0800e0033800bd2744
:1042c00008001f8e253020022120bf02ca0e410f98
:1042d000252880020800068e21102602080002ae62
:0842e000cfff001081bf103c6c
:020000040000fa
:020000041d03da
:1042e8000800a0c400088044d0ffbd272000b4f710
:1042f800320001460400b4c40000a28c1800b1af1b
:104308001400b0af1c00bfaf2588a0002580800036
:10431800000082ac31000145040094e4049d043c93
:10432800248e83c40c0024c60028804482000346df
:104338003221054630000445080002e6100029c66f
:1043480000508044049d053c148ea6c4324a0a4697
:10435800360008450c0006e6049d083c148e0bc583
:104368000080804414002b8e32a3104610000be608
:1043780014000bae70000bae13000d457c000baea5
:1043880012006011049d0c3c40000d920100a051e8
:10439800440014e6049d0e3c208ed2c5049d0f3cbb
:1043a8002c8ef5c5c19414461c00bf8f2000b4d7cd
:1043b8001800b18fc39d1546480017e61400b08f4a
:1043c8000800e0033000bd27049d0c3c148e91c505
:1043d8000c0011e6ecff0010100011e60c0024c6da
:1043e80000288044049d033c148e62c43221054693
:1043f800d2ff0545080002e6049d063c288eccc481
:1044080032b1400f02230c46049d073c108ee7c4ce
:10441800100029c60050804402020746324a0a4664
:1044280082410846ccff09450c0006e6049d093c7c
:10443800288e2dc532b1400f024b0d46049d0a3c13
:10444800108e4ec5c2030e46c5ff0010c27a0f4635
:020000040000fa
:020000041d03da
:1044580098008290c0ffbd273000b1af2c00b0afec
:104468007800a0c43c00bfaf3800b3af3400b2af8f
:1044780025888000050040102580a000780081c4b0
:1044880032080046400001451000b327049d033c54
:10449800104964240400868c0800878c1000b32718
:1044a800252860029c0024261400a6af1800a7af98
:1044b8009e00410f1000a0e7980025923400a0103c
:1044c800c00032267c00288e7c00098e0500091564
:1044d8000000000088002a8e88000b8e30004b51a7
:1044e80084002c8e9eff400f2520400225102002bc
:1044f80090000e2600000f8e0400188e0800198efa
:104508000c001f8e1000102600004fac040058aca1
:10451800080059ac0c005facf6ff0e1610004224e0
:104528000000038e049d063c000043ac8c0022c6ac
:10453800900023c6708ec4c48800278e25204002b0
:1045480025286002e80313242400b3af2000a0af9d
:104558001000a7af1400a2e71800a4e7bad0400fd4
:104568001c00a3e73c00bf8f010004243800b38f70
:104578003400b28f2c00b08f980024a23000b18f85
:104588000800e0034000bd27ceff0010c0009224c1
:104598005ce9400f25204002cbff00107c00288eec
:1045a80084000d8ed2ff8d51251020029eff400ff2
:0c45b80025204002ceff0010251020023c
:020000040000fa
:020000041d03da
:1045c4008000093c0000838c0200001013002a259f
:1045d400000083ac00006680ff00c730f7ffe224d0
:1045e400ff004b301800682d0600001106606a01b8
:1045f40001008d31f6ffa015010063240800e003db
:10460400010002247c00c328fcff60105b00c42866
:104614002b008014a5ffcc24ff008d312100ae2d8a
:10462400f6ffc011039d183c80780d004046192701
:104634000a482f7f08002001000000001c47039d4a
:104644000046039d0046039d0046039d0046039dce
:104654000046039d0046039d0046039d0046039dbe
:104664000046039d0046039d0c47039d0046039da1
:104674000046039d0046039d0046039d0046039d9e
:104684000046039d0046039d1447039d0046039d79
:104694000046039d0046039d0046039d0046039d7e
:1046a4000c47039d0046039d0046039d0046039d61
:1046b4000046039d0046039d0046039d2447039d39
:1046c4002d0002240c00c2102e00cb28060060111d
:1046d40022000824c9ffc814255000000000aaac19
:1046e4000800e00325100000d0ffe6240a00c72cd0
:1046f400c2ffe0100000000001000a240000aaac80
:104704000800e00325100000f4ff001004000a2450
:10471400f2ff001005000a24f0ff001003000a2431
:08472400eeff001002000a2460
:020000040000fa
:020000041d03da
:10472c00d0ffbd270180063c1000b0af1cb3d024d5
:10473c000c00028e0800038e2000b4af2b386200f0
:10474c001400b1af2c00bfaf2800b6af2400b5af3a
:10475c001c00b3af1800b2af25a080002900e010f8
:10476c002588a00008000b8effff4c2423508b01e2
:10477c002b6851012b00a0150000000008000e8ec4
:10478c000400138e21782e022b90f3013300401677
:10479c001cb3d58c0800128e0800188e23b0720240
:1047ac002120b8022530c002ca0e410f25288002f4
:1047bc0023c8530221883103253020022128960278
:1047cc00ca0e410f2520a002080011ae0c0f410f9c
:1047dc009f0004242c00bf8f2580000025100002b0
:1047ec002800b68f2400b58f2000b48f1c00b38f27
:1047fc001800b28f1400b18f1000b08f0800e003c6
:10480c003000bd270400048e0800058e21404400b2
:10481c00ffff0925235025012b685101d7ffa0115b
:10482c00000000000c0f410f9f0004242c00bf8fd0
:10483c0001001024251000022800b68f2400b58f2b
:10484c002000b48f1c00b38f1800b28f1400b18fee
:10485c001000b08f0800e0033000bd2708001f8e49
:10486c00253020022120bf02ca0e410f25288002cc
:10487c000800068e21102602080002aed3ff00109d
:04488c000000000028
:020000040000fa
:020000041d03da
:104890000000c28c0400c38cd0ffbd272800b2af3b
:1048a0001000a2af2590c0001400a3af1800a627e7
:1048b0004e0007242400b1af2000b0af2c00bfafe2
:1048c000258080002588a000d555400f1800a0af96
:1048d0000800468e0000ce804400c0111800ad8f45
:1048e000254000002510a0010a000524dbff0a2452
:1048f000dcff0c24db0009240d000010ddff0b247d
:10490000010059242600c9112bf831032b785100de
:104910000400e0112120020200008ea001004224c8
:10492000010008240000ce801000c0510a10a80128
:10493000ff00ce31f2ffc5150100c62401004f244f
:104940002b20f10121380202f6ff801021c00f0256
:104950000000eaa000000ca30000ce800200422468
:10496000f3ffc015010008240a10a8012b685100ac
:104970001300a01100000000218002020a0011248f
:1049800001004224000011a22c00bf8f2800b28f2a
:104990002400b18f2000b08f0800e0033000bd2755
:1049a00021900202dfffe0132118190200004aa241
:1049b0000200422400006ba0daff0010010008246e
:1049c000f2ff20122c00bf8f212811020a000a24b6
:1049d000ffffaaa02c00bf8f2800b28f2400b18f48
:1049e0002000b08f0800e0033000bd27dfff00107b
:0449f0001800a28f7a
:020000040000fa
:020000041d03da
:1049f4000000c28c0400c38cd0ffbd272800b2afd6
:104a04001000a2af2590c0001400a3af1800a62781
:104a1400460007242400b1af2000b0af2c00bfaf84
:104a2400258080002588a000d555400f1800a0af30
:104a34000800468e0000ce804400c0111800ad8fdf
:104a4400254000002510a0010a000524dbff0a24ec
:104a5400dcff0c24db0009240d000010ddff0b2417
:104a6400010059242600c9112bf831032b78510079
:104a74000400e0112120020200008ea00100422463
:104a8400010008240000ce801000c0510a10a801c3
:104a9400ff00ce31f2ffc5150100c62401004f24ea
:104aa4002b20f10121380202f6ff801021c00f02f1
:104ab4000000eaa000000ca30000ce800200422403
:104ac400f3ffc015010008240a10a8012b68510047
:104ad4001300a01100000000218002020a0011242a
:104ae40001004224000011a22c00bf8f2800b28fc5
:104af4002400b18f2000b08f0800e0033000bd27f0
:104b040021900202dfffe0132118190200004aa2db
:104b14000200422400006ba0daff00100100082408
:104b2400f2ff20122c00bf8f212811020a000a2450
:104b3400ffffaaa02c00bf8f2800b28f2400b18fe2
:104b44002000b08f0800e0033000bd27dfff001015
:044b54001800a28f14
:020000040000fa
:020000041d03da
:104b5800019d033cd8986224d8986a8c0400498c3b
:104b68000800488c0c00478c1000468c1400458cbb
:104b780018004b8c1c004c8cc0ffbd273800b1af0f
:104b88003400b0af3c00bfaf258880001000aaaf4a
:104b98001400a9af1800a8af1c00a7af2000a6af4b
:104ba8002400a5af2800abaf2c00acaf25800000d7
:104bb8002528000220001026ffff103220000724bd
:104bc8001000a627fecf400f25202002252800022e
:104bd800200007241000a627fecf400f2520200222
:104be80020000426ffff903025280002200007241b
:104bf8001000a627fecf400f2520200220000d26fa
:104c0800ffffb03125280002200007241000a62746
:104c1800fecf400f2520200220000e26ffffd031b6
:104c280025280002200007241000a627fecf400fe9
:104c38002520200220000f26fffff0312528000242
:104c4800200007241000a627fecf400f25202002b1
:104c580020001826ffff1033252800022000072413
:104c68001000a627fecf400f25202002200019267d
:104c7800ffff303325280002200007241000a62754
:104c8800fecf400f2520200220000326ffff7030b2
:104c980000100224c7ff0216252800023c00bf8f1f
:104ca8003800b18f3400b08f0800e0034000bd2702
:020000040000fa
:020000041d03da
:104cb8002518c0000400678cc0ffbd270000a28c27
:104cc8003800b4afc2a707003400b3af3000b2afaa
:104cd8002c00b1af2800b0af258880000800b28c46
:104ce8000400a48c0c00b38c0000c68c3c00bfaf41
:104cf8002580a000400080122000a2af2b180600db
:104d0800233807002338e300080080042330060016
:104d18004408027c050080162000a2af2000a28f64
:104d28000400433025006010c000427cffff42268b
:104d38002000a3271800a3af0a0003241400a3af80
:104d48001000a2afafd7400f252000021d0080122f
:104d58002d000324ffff422421206202000083a0cb
:104d68001000068e2000a38fffffc6241000a3affb
:104d7800253840022330c20021286202ede1400fad
:104d8800252020020400238e0001633004006010f7
:104d98003c00bf8f0400038e2a2043000b106400e0
:104da8003800b48f3400b38f3000b28f2c00b18f2d
:104db8002800b08f0800e0034000bd27dcff00108a
:104dc800231042022000a38f0400643004008050a6
:104dd80008006330ffff4224dfff00102b0003248c
:104de800dfff601020000424ffff42242118620224
:104df800dbff0010000064a0c6ff83044408027ca7
:084e0800c7ff00102000a28f7b
:020000040000fa
:020000041d03da
:104e100000000040fb21f93f000000002d44743edb
:104e2000000000809846f83c0000006051cc783bc0
:104e300000000080831bf0390000004020257a38f4
:104e4000000000802282e336000000001df3693577
:104e500083f9a200444e6e00fc291500d1572700ab
:104e6000dd34f50062dbc0003c99950041904300c1
:104e70006351fe00bbdeab00b761c5003a6e240093
:104e8000d24d42004906e00009ea2e001c92d100f2
:104e9000eb1dfe0029b11c00e83ea700f53582009d
:104ea00044bb2e009ce98400b4267000417e5f0064
:104eb000d6913900538339009cf439008b5f84000c
:104ec00028f9bd00f81f3b00deff97000f98050092
:104ed000112fef000a5a8b006d1f6d00cf7e360038
:104ee00009cb2700464fb7009e663f002dea5f00c2
:104ef000ba277500e5ebc7003d7bf100f7390700e5
:104f000092528a00fb6bea001fb15f00085d8d00c2
:104f1000300356007bfc4600f0ab6b0020bccf009a
:104f200036f49a00e3a91d005e619100081be600bb
:104f300085996500a0145f008d40680080d8ff004f
:104f400027734d0006063100ca561500c9a8730024
:104f50007be260006b8cc0000300000004000000d6
:084f600004000000060000003f
:020000040000fa
:020000041d03da
:104f6800d0ffbd270180043c1400b1affcb29124ee
:104f78000800228e0c00238e2c00bfaf2b28430084
:104f88002800b6af2400b5af2000b4af1c00b3af03
:104f98001800b2af3800a0101000b0af0400288e7f
:104fa8000c00298e21504800233849012900e010bf
:104fb8002c00bf8f0c002b8e0140ec2c00401024dd
:104fc8000400348e0b80ec0021680b022b70b401b6
:104fd8002c00c015fcb2958c0c00338e00a0123c3e
:104fe8000c002f8e23b09302500352262128af02c3
:104ff8002530c002ca0e410f2520400223c074028a
:1050080021a01003253080022528a002ca0e410fd6
:10501800212056020c0034ae81bf113c00e0437ed3
:10502800501123ae701130ae4011258e01000724b7
:10503800c418057c401125ae2011268e039d083c1e
:10504800c439e67c684f09252c8389af201126ae28
:105058002c00bf8f2800b68f2400b58f2000b48f96
:105068001c00b38f1800b28f1400b18f1000b08fde
:105078000800e0033000bd270c00268ecbff00108f
:10508800233846000c00398e00a01f3c5003f2273d
:105098002520400225300002ca0e410f2128b902fe
:1050a8000c00248e211004020c0022aedbff00103d
:0450b80081bf113c67
:020000040000fa
:020000041d03da
:1050bc000000c28c0400c38cd0ffbd271000a2af2f
:1050cc001400a3af2800b2af520007242590c000f3
:1050dc001800a6272c00bfaf2400b1af2000b0af42
:1050ec002588a00025808000d555400f1800a0af62
:1050fc000800478e1800a627252820024f86400f4f
:10510c00252000020c00478e1800a6272528200217
:10511c004f86400f252000021000478e1800a6274e
:10512c00252820024f86400f252000021400478eb0
:10513c001800a627252820024f86400f25200002a4
:10514c001800478e1800a627252820024f86400fee
:10515c00252000021c00478e1800a62725282002b7
:10516c004f86400f252000022000478e1800a627ee
:10517c00252820024f86400f252000022400478e50
:10518c001800a627252820024f86400f2520000254
:10519c002800478e252000021800a6274f86400fb6
:1051ac00252820021800a28f2b2051000a00801005
:1051bc00212802020a000624010042240000a6a0b5
:1051cc002c00bf8f2800b28f2400b18f2000b08f2d
:1051dc000800e0033000bd27faff20122c00bf8f1f
:1051ec00213811020a000824ffffe8a02c00bf8f11
:1051fc002800b28f2400b18f2000b08f0800e0038c
:04520c003000bd278a
:020000040000fa
:020000041d03da
:10521000c0ffbd27252880003400b1af2530000035
:10522000258880001000a4273c00bfaf3800b2af33
:10523000119c400f3000b0af2c00a28f010012244f
:10524000000052a00100062425282002119c400fd6
:105250001000a4272c00a38f1000a427020006240e
:10526000000072a0119c400f252820022c00a48f62
:1052700003001024000092a02530000225282002ff
:10528000119c400f1000a4272c00a58f01001224b0
:10529000010006260000b2a01000a427119c400fb8
:1052a000252820022c00a78f020006260000f2a06d
:1052b00025282002119c400f1000a4272c00a88f45
:1052c00003000626000012a125282002119c400f91
:1052d0001000a4272c00a98f04000626000032a18c
:1052e00025282002119c400f1000a4272c00aa8f13
:1052f00005000626000052a125282002119c400f1f
:105300001000a4272c00ab8f06000626000072a117
:1053100025282002119c400f1000a4272c00ac8fe0
:1053200007000626000092a125282002119c400fac
:105330001000a4272c00ad8f08001026230006249f
:10534000cdff06160000b2a13c00bf8f3800b28f1f
:105350003400b18f3000b08f0800e0034000bd275b
:020000040000fa
:020000041d03da
:10536000f00002244800a210f100a32827006010da
:1053700025100000c00003244300a310c100a3288f
:10538000220060109100a3281d0060108000a32857
:105390001e00601480ffa5241100a22c41004010c3
:1053a00080280500039d023cbc5342242110450087
:1053b0000000428c08004000000000008854039d5b
:1053c0008854039d6c54039da454039d1454039d61
:1053d000a454039da454039da454039d3454039ddd
:1053e000a454039da454039da454039da454039d5d
:1053f000a454039da454039da454039d6c54039d85
:10540000a00003242100a3500000e28c0800e00368
:10541000000000000000e28c0000838c04004424a3
:105420000000e4ac0000428c000043a40800e0034c
:10543000010002240000e28c0000838c040044245c
:105440000000e4ac0000428cf8ff0010000043a014
:105450000400858c0000848c0000e3ac0000428cca
:10546000000044acf1ff0010040045ac0000e28ce9
:10547000f7ffc010040043240000e3ac0400858c57
:10548000f6ff00100000848c0000e28c0000838c8a
:10549000040044240000e4ac0000428ce3ff001050
:1054a000000043ac251000000800e00300000000ed
:020000040000fa
:020000041d03da
:1054b0000000828cc0ffbd273800b1af3c00bfaff9
:1054c0003400b0af47004010258880001000868c63
:1054d000d401052409f8400014008424258000002c
:1054e0002530000225282002119c400f1000a4271f
:1054f0001800a58f1b46400f1000a42701000626a8
:1055000025282002119c400f1000a4271800a58f09
:105510001b46400f1000a427020006262528200263
:10552000119c400f1000a4271800a58f1b46400fa8
:105530001000a4270300062625282002119c400ff6
:105540001000a4271800a58f1b46400f1000a427a9
:105550000400062625282002119c400f1000a427d5
:105560001800a58f1b46400f1000a4270500062633
:1055700025282002119c400f1000a4271800a58f99
:105580001b46400f1000a4270600062625282002ef
:10559000119c400f1000a4271800a58f1b46400f38
:1055a0001000a4270700102623000324cdff0316b4
:1055b000253000020800398e060020133c00bf8f02
:1055c0001000248e3800b18f3400b08f0800200303
:1055d0004000bd273800b18f3400b08f0800e003d1
:1055e0004000bd27d4010624ff000524700f410fa1
:0c55f00014008424baff00102580000085
:020000040000fa
:020000041d03da
:1055fc00e0ffbd271400b1af1000b0af25888000cc
:10560c0082bf103c9e0004241c00bfaf002400aedf
:10561c001800b2af102400ae160f410f00000000ae
:10562c00160f410f9f0004242a0f410f9e000424e3
:10563c002a0f410f9f0004240180023c2cb3442408
:10564c000800838c0180053c0c0083ac1cb3a624a1
:10565c000800c78c04002892318380a30c00c7accf
:10566c000600005110002b920024099602000a2417
:10567c00044a497d002409a610002b9208006011f1
:10568c000000000000240c9601000d240421ac7dc8
:10569c0000240ca610240e8e446bae7d10240eae8e
:1056ac0000240f960800388e0100122444100f7f3e
:1056bc0000240fa6002419960c003f8e0200032430
:1056cc000400f97f002419a600240296c418427e17
:1056dc00002402a61024048e8439447e102404aec7
:1056ec001024058e847b657c102405ae1024068e58
:1056fc000463467e102406ae1024078e8452477e27
:10570c00102407ae3b04410f0000248e402402ae4f
:10571c00002411961c00bf8fc47b517e002411a65f
:10572c001800b28f1400b18f1000b08f9e000424ab
:08573c000c0f410b2000bd27fa
:020000040000fa
:020000041d03da
:10574400d0ffbd270180063c1000b0af3cb3d0248d
:105754000c00028e0800038e2000b4af2b386200c8
:105764001400b1af2c00bfaf2800b6af2400b5af12
:105774001c00b3af1800b2af25a080002600e010d3
:105784002588a00008000b8effff4c2423508b01ba
:105794002b6851012800a0152c00bf8f08000e8e25
:1057a4000400138e21782e022b90f3012c00401656
:1057b4003cb3d58c0800128e0800188e23b07202f8
:1057c4002120b8022530c002ca0e410f25288002cc
:1057d40023c8530221883103253020022128960250
:1057e400ca0e410f2520a002080011ae2c00bf8f65
:1057f4002800b68f2400b58f2000b48f1c00b38f0f
:105804001800b28f1400b18f1000b08f2510000063
:105814000800e0033000bd270400048e0800058e54
:1058240021404400ffff0925235025012b68510125
:10583400daffa0112c00bf8f2800b68f2400b58f8b
:105844002000b48f1c00b38f1800b28f1400b18fe6
:105854001000b08f010002240800e0033000bd27cf
:1058640008001f8e253020022120bf02ca0e410fde
:10587400252880020800068e21102602080002aea8
:08588400dbff00102c00bf8fb8
:020000040000fa
:020000041d03da
:10588c00e0ffbd273400a9933800a88f1c00bfafe0
:10589c00220080141800b0af0000cb8c0400cc8c1c
:1058ac000800c38c0880043c00a0063c5cac82243d
:1058bc002550a0005043cd2404000524340040acf6
:1058cc0028004cac380040ac2c004bac300043ac46
:1058dc003c0040ac1500251140004dac05000724e0
:1058ec000f0027151c00bf8f0500199103001f9195
:1058fc000200069104000991005a19000300ec33d0
:10590c0002000424c229060016008411251869011e
:10591c0003000d2426008d11237005001c00bf8f81
:10592c001800b08f0800e0032000bd2705000e9181
:10593c0002000f240600cf115cac8aac0a001024c4
:10594c00f6ffd051040047a0f5ff00101c00bf8fdc
:10595c0006001891f1ff0e53120047a0f0ff001043
:10596c001c00bf8f0100b8244038180021c8f80073
:10597c0040f8190021805f00000006a20300089186
:10598c00252040011000a3af03000731020003a63d
:10599c00050c410f252800001c00bf8f01000a24b4
:1059ac0004000aa21800b08f0800e0032000bd27f5
:1059bc000600cf311400f025efff001021805000bd
:020000040000fa
:020000041d03da
:1059cc00d0ffbd271c00b3af1800b2af1400b1afad
:1059dc001000b0af259880002c00bfaf2800b6afe8
:1059ec002400b5af2000b4af31f0400f2590a000db
:1059fc000180033c0cb371240800308e0c00228e05
:105a0c002b20020228008010000000000400268ecb
:105a1c000c00278e2140060223800701180000127b
:105a2c002c00bf8f0c00298e2b5050020400348e9a
:105a3c000b804a02215809022b6074011d0080154d
:105a4c000cb3758c0c00328e0c002d8e23b0920290
:105a5c002128ad022530c002ca0e410f252060025c
:105a6c002370540221a0d001253080022528a002e9
:105a7c00ca0e410f212076020c0034ae2c00bf8fd1
:105a8c00251000022800b68f2400b58f2000b48f9b
:105a9c001c00b38f1800b28f1400b18f1000b08fa0
:105aac000800e0033000bd270c00258edbff001042
:105abc00238005020c002f8e253000022128af0216
:105acc00ca0e410f252060020c00388e2c00bf8faf
:105adc0021c81802251000022800b68f2400b58fab
:105aec002000b48f1c00b38f1800b28f1000b08f41
:105afc000c0039ae1400b18f0800e0033000bd2754
:020000040000fa
:020000041d03da
:105b0c004c008014000000004a00a01000000000af
:105b1c002000a68c4700c0100880033ce0ffbd2786
:105b2c001c00bfaf1800b2af1400b1af1000b0af83
:105b3c00c4a5712403002292c4a564940410027cb1
:105b4c00030022a22400a88c1800a7940700093196
:105b5c00005109001c00b28c3000ab8c2c00ac94b2
:105b6c000880103c0efa853001004d35039d1f3c1a
:105b7c00049d023c01000e24e8a518262578a501f9
:105b8c000c0026ae40001924801ee627e4a1442414
:105b9c0008002eae180020a6100027a6140032ae66
:105bac00c00020ae880038ae8c0039ae98002eae06
:105bbc00900020ae940026ae9c0031ae700024ae56
:105bcc00780031ae74002eaec4a56fa4dc0020aefc
:105bdc00f4002baef8002ca60f00e010258000007e
:105bec001000438e07006050100027961000688c40
:105bfc00040000511000279609f800010000000075
:105c0c001000279601000926ff0030312b500702a7
:105c1c00f3ff4015140052261c00bf8f1800b28fe2
:105c2c001400b18f1000b08f251000000800e003a5
:0c5c3c002000bd270800e003ffff022449
:020000040000fa
:020000041d03da
:105c4800e0ffbd271800b2af259080001000b0af6c
:105c58001c00bfaf0ff8400f1400b1af0400429210
:105c68000500401082bf103c002004960200032467
:105c7800044a647c002004a6100045920800a01085
:105c88000000000000200696010007240421e67c9d
:105c9800002006a61020088e446be87c102008ae71
:105ca8000020099608004a8e010011244410497dfd
:105cb800002009a600200b960c004c8e04008b7d5a
:105cc80000200ba600200d96c4182d7e00200da6de
:105cd80010200e8e84392e7e10200eae10200f8ece
:105ce80004632f7e10200fae1020188e8452387e49
:105cf800102018ae0000448e3b04410f81bf123cb7
:105d0800402002ae0020199630114426c47b397e0b
:105d1800002019a60010429672000324c47b227e3c
:105d2800001042a6010083a03011458e20201026c5
:105d38000421257e00e0067e301145ae601146ae96
:105d4800801151aeb01151ae4011478e710004243c
:105d5800c49c277e401147ae0c0f410f0000000085
:105d68001c00bf8f1800b28f1400b18f1000b08fc5
:0c5d7800870004240c0f410b2000bd2705
:020000040000fa
:020000041d03da
:105d8400c8ffbd273000b3af2598a0001000a52799
:105d94002800b1af2400b0af3400bfaf2c00b2afc5
:105da40071d1400f258880001a00401425804000de
:105db4001000a38f040002241e0062147565073cc2
:105dc4000000328e7472e824040006241800a5270b
:105dd400252040021800a8af580b410f1c00a0a3b7
:105de4001d0040106c73093c66612a2565000b2474
:105df400050006241000a527252040021000aaafa4
:105e0400580b410f1400aba7200040100500442696
:105e1400010010243400bf8f251000023000b38f1e
:105e24002c00b28f2800b18f2400b08f0800e0034b
:105e34003800bd273400bf8f020010242510000253
:105e44003000b38f2c00b28f2800b18f2400b08fa4
:105e54000800e0033800bd2704004526edff60126a
:105e6400000025ae3400bf8f010006242510000277
:105e74002c00b28f2800b18f2400b08f000066a2de
:105e84003000b38f0800e0033800bd27e1ff601243
:105e9400000024ae3400bf8f251000022c00b28f06
:105ea4002800b18f2400b08f000060a23000b38faf
:085eb4000800e0033800bd27df
:020000040000fa
:020000041d03da
:105ebc000400828cc0ffbd273400b7af1c00b1af0b
:105ecc001800b0af5800b78f3c00bfaf3800beaf62
:105edc003000b6af2c00b5af2800b4af2400b3af80
:105eec002000b2af2580c000020041042588e000ec
:105efc00010002241000958c5000b68f0c00938c7e
:105f0c000000fe8effffb526234056005400a28fe2
:105f1c0021187502000060a0010012240200de337b
:105f2c00c3a702001000a01e251011022b00405226
:105f3c000000e38e3c00bf8f2510a0023800be8ffe
:105f4c003400b78f3000b68f2c00b58f2800b48f7b
:105f5c002400b38f2000b28f1c00b18f1800b08fbb
:105f6c000800e0034000bd27070040142110160173
:105f7c000600401c5400a68fecffc01a0000000065
:105f8c00eaffc013000000005400a68f2520000279
:105f9c0025282002253880021000a8af487f400f2a
:105fac00ffffb526259040002118750230004224d1
:105fbc005400a68f2520000225282002000062a094
:105fcc002a81400f25388002ffffd6261000a88fab
:105fdc0025886000d3ff0010258040000421037c3d
:085fec00d4ff00100000e3ae39
:020000040000fa
:020000041d03da
:105ff400d0ffbd272800b5af2000b3af1400b0af69
:106004002c00bfaf0000908c2400b4af1c00b2afd2
:106014001800b1af25a88000070000102598a00043
:10602400aa0f410fff00243207004054000072827f
:10603400010010260000b0ae00001182f8ff201607
:10604400000000000000728206004016ff00543277
:10605400210000102c00bf8f1e0040120100732687
:10606400ff005432aa0f410f25208002faff40504e
:10607400010072822100201220002236ff004330ea
:106084009fff64241a00852c0500a01020004636ca
:106094003011410fff002432208c027c2000463650
:1060a400ff00c7309fffe8241a00092d04002011c7
:1060b400000000003011410f252080022094027c52
:1060c4000e005116010010260000b0aedaff0010d9
:1060d400010073262c00bf8f2800b58f2400b48fd5
:1060e4002000b38f1c00b28f1800b18f1400b08f42
:1060f400010002240800e0033000bd272c00bf8ffc
:106104002800b58f2400b48f2000b38f1c00b28ff9
:106114001800b18f1400b08f251000000800e003b0
:046124003000bd2763
:020000040000fa
:020000041d03da
:10612800d0ffbd272800b5af0800b58c2400b4af58
:106138002000b3af1c00b2af1800b1af2c00bfaf46
:106148001400b0af1000b18c0c00b48c2590800006
:1061580023f7400f2598c0000100a052ffff352605
:106168000000638e2580000021104300000062ae0d
:106178002a1015021c004010ffff22262a100202d6
:106188001a00405021a090023c00428e4c00438ee1
:106198002b1843000d006010010043243c0043ae5f
:1061a80000004290d5ff43244408037c2518700062
:1061b80019006014d0ff4324000082a20000628e00
:1061c80001001024e9ff00100100422484ee400f72
:1061d80025204002ffff0324f3ff4354d5ff432447
:1061e800050000122c00bf8f21a09002000080a2a1
:1061f800251000002c00bf8f2800b58f2400b48f15
:106208002000b38f1c00b28f1800b18f1400b08f1c
:106218000800e0033000bd270a00632c0800605422
:10622800211890024c00428ef0ff405021a09002ad
:106238003c00428effff4224ebff00103c0042aec0
:10624800000062a00000628e01001026c7ff001047
:0462580001004224db
:020000040000fa
:020000041d03da
:10625c00d8ffbd271400b0af0080103c1c00b2afbb
:10626c001800b1af9c7f12260180113c2520400202
:10627c00388331262400bfaf6400400f2000b3af39
:10628c00252020029204410f9c0353262c005026fb
:10629c00280031266400400f252000022520200212
:1062ac009204410f280032266400400f2c00042673
:1062bc009204410f25204002500032266400400f0a
:1062cc00580004269204410f252040027800322603
:1062dc006400400f840004269204410f25204002e4
:1062ec00a00032266400400fb00004269204410f37
:1062fc0025204002c80032266400400fdc00042632
:10630c009204410f25204002f00032266400400f19
:10631c00080104269204410f252040021801322660
:10632c006400400f340104269204410f25204002e2
:10633c00400132266400400f600104269204410f94
:10634c0025204002680132266400400f8c0104268f
:10635c00b80110269204410f25204002cdff1316e0
:10636c00900131262400bf8f2000b38f1c00b28f08
:10637c001800b18f1400b08f0800e0032800bd276f
:020000040000fa
:020000041d03da
:10638c00d8ffbd271c00b2af1400b0af2590800021
:10639c0082bf103c750004242400bfaf2000b3afb3
:1063ac002a0f410f1800b1af0000028e0100032428
:1063bc00c418627c000002ae9710410f0000000070
:1063cc00d02053242b206202080000102188830067
:1063dc009710410f000000002b2823020700a01487
:1063ec0000000000290071102b306202df0f410ffa
:1063fc0075000424f6ff4010000000002a0f410f26
:10640c00750004240000078e0100483a4429077dda
:10641c00000007ae0000098e01000a240421497d0a
:10642c00000009ae9710410f00000000d02052244c
:10643c002b58420208000010219863019710410f5d
:10644c00000000002b6063020700801500000000b4
:10645c00120073102b684202df0f410f75000424e9
:10646c00f6ff40100000000060000e8e2400bf8f6d
:10647c002000b38f1c00b28f1800b18f1400b08fa6
:10648c00ff00c2310800e0032800bd27d7ffc01071
:10649c0000000000d9ff001000000000eeffa0116a
:0c64ac0000000000f0ff001000000000e5
:020000040000fa
:020000041d03da
:1064b800d8ffbd271c00b2af1400b0af25908000f4
:1064c80082bf103c960004242400bfaf2000b3af65
:1064d8002a0f410f1800b1af0002028e01000324f9
:1064e800c418627c000202ae9710410f0000000041
:1064f800d02053242b20620208000010218883003a
:106508009710410f000000002b2823020700a01459
:1065180000000000290071102b306202df0f410fcc
:1065280096000424f6ff4010000000002a0f410fd7
:10653800960004240002078e0100483a4429077d8a
:10654800000207ae0002098e01000a240421497dd9
:10655800000209ae9710410f00000000d02052241d
:106568002b58420208000010219863019710410f30
:10657800000000002b606302070080150000000087
:10658800120073102b684202df0f410f960004249b
:10659800f6ff40100000000060020e8e2400bf8f3e
:1065a8002000b38f1c00b28f1800b18f1400b08f79
:1065b800ff00c2310800e0032800bd27d7ffc01044
:1065c80000000000d9ff001000000000eeffa0113d
:0c65d80000000000f0ff001000000000b8
:020000040000fa
:020000041d03da
:1065e400d8ffbd271c00b2af1400b0af25908000c7
:1065f40082bf103ca20004242400bfaf2000b3af2c
:106604002a0f410f1800b1af0004028e01000324c9
:10661400c418627c000402ae9710410f0000000011
:10662400d02053242b20620208000010218883000c
:106634009710410f000000002b2823020700a0142c
:1066440000000000290071102b306202df0f410f9f
:10665400a2000424f6ff4010000000002a0f410f9e
:10666400a20004240004078e0100483a4429077d4f
:10667400000407ae0004098e01000a240421497da8
:10668400000409ae9710410f00000000d0205224ee
:106694002b58420208000010219863019710410f03
:1066a400000000002b60630207008015000000005a
:1066b400120073102b684202df0f410fa200042462
:1066c400f6ff40100000000060040e8e2400bf8f0f
:1066d4002000b38f1c00b28f1800b18f1400b08f4c
:1066e400ff00c2310800e0032800bd27d7ffc01017
:1066f40000000000d9ff001000000000eeffa01110
:0c67040000000000f0ff0010000000008a
:020000040000fa
:020000041d03da
:10671000d8ffbd271c00b2af1400b0af2590800099
:1067200082bf103caf0004242400bfaf2000b3aff1
:106730002a0f410f1800b1af0006028e010003249a
:10674000c418627c000602ae9710410f00000000e2
:10675000d02053242b2062020800001021888300df
:106760009710410f000000002b2823020700a014ff
:1067700000000000290071102b306202df0f410f72
:10678000af000424f6ff4010000000002a0f410f64
:10679000af0004240006078e0100483a4429077d13
:1067a000000607ae0006098e01000a240421497d77
:1067b000000609ae9710410f00000000d0205224bf
:1067c0002b58420208000010219863019710410fd6
:1067d000000000002b60630207008015000000002d
:1067e000120073102b684202df0f410faf00042428
:1067f000f6ff40100000000060060e8e2400bf8fe0
:106800002000b38f1c00b28f1800b18f1400b08f1e
:10681000ff00c2310800e0032800bd27d7ffc010e9
:1068200000000000d9ff001000000000eeffa011e2
:0c68300000000000f0ff0010000000005d
:020000040000fa
:020000041d03da
:10683c00d8ffbd271c00b2af1400b0af259080006c
:10684c0082bf103cb80004242400bfaf2000b3afbb
:10685c002a0f410f1800b1af0008028e010003246b
:10686c00c418627c000802ae9710410f00000000b3
:10687c00d02053242b2062020800001021888300b2
:10688c009710410f000000002b2823020700a014d2
:10689c0000000000290071102b306202df0f410f45
:1068ac00b8000424f6ff4010000000002a0f410f2e
:1068bc00b80004240008078e0100483a4429077ddb
:1068cc00000807ae0008098e01000a240421497d46
:1068dc00000809ae9710410f00000000d020522490
:1068ec002b58420208000010219863019710410fa9
:1068fc00000000002b606302070080150000000000
:10690c00120073102b684202df0f410fb8000424f1
:10691c00f6ff40100000000060080e8e2400bf8fb0
:10692c002000b38f1c00b28f1800b18f1400b08ff1
:10693c00ff00c2310800e0032800bd27d7ffc010bc
:10694c0000000000d9ff001000000000eeffa011b5
:0c695c0000000000f0ff00100000000030
:020000040000fa
:020000041d03da
:106968000000c28c0400c38cd0ffbd271000a2af6a
:106978001400a3af2800b2af4c0007242590c00034
:106988001800a6272c00bfaf2400b1af2000b0af7d
:106998002588a00025808000d555400f1800a0af9d
:1069a8000800478e1800a627252820024f86400f8a
:1069b800252000020c00478e1800a6272528200253
:1069c8004f86400f252000021000478e1800a6278a
:1069d800252820024f86400f252000021400478eec
:1069e8001800a627252820024f86400f25200002e0
:1069f8001800478e1800a627252820024f86400f2a
:106a0800252000021c00478e1800a62725282002f2
:106a18004f86400f252000022000478e25200002c7
:106a28001800a6274f86400f252820021800a28f9d
:106a38002b2051000a008010212802020a00062497
:106a4800010042240000a6a02c00bf8f2800b28fae
:106a58002400b18f2000b08f0800e0033000bd276c
:106a6800faff20122c00bf8f213811020a000824d7
:106a7800ffffe8a02c00bf8f2800b28f2400b18f41
:0c6a88002000b08f0800e0033000bd27a4
:020000040000fa
:020000041d03da
:106a94000000c28c0400c38cd0ffbd271000a2af3d
:106aa4001400a3af2800b2af450007242590c0000e
:106ab4001800a6272c00bfaf2400b1af2000b0af50
:106ac4002588a00025808000d555400f1800a0af70
:106ad4000800478e1800a627252820024f86400f5d
:106ae400252000020c00478e1800a6272528200226
:106af4004f86400f252000021000478e1800a6275d
:106b0400252820024f86400f252000021400478ebe
:106b14001800a627252820024f86400f25200002b2
:106b24001800478e1800a627252820024f86400ffc
:106b3400252000021c00478e1800a62725282002c5
:106b44004f86400f252000022000478e252000029a
:106b54001800a6274f86400f252820021800a28f70
:106b64002b2051000a008010212802020a0006246a
:106b7400010042240000a6a02c00bf8f2800b28f81
:106b84002400b18f2000b08f0800e0033000bd273f
:106b9400faff20122c00bf8f213811020a000824aa
:106ba400ffffe8a02c00bf8f2800b28f2400b18f14
:0c6bb4002000b08f0800e0033000bd2777
:020000040000fa
:020000041d03da
:106bc000c00002242700a210c100a32823006010e7
:106bd000251000009100a3281d0060108000a3284c
:106be0001e00601480ffa5241100a22c3c00401060
:106bf00080280500039d023c0c6c422421104500b6
:106c00000000428c0800400000000000646c039dfe
:106c1000646c039dbc6c039de06c039d846c039dc0
:106c2000e06c039de06c039de06c039da06c039df4
:106c3000e06c039de06c039de06c039de06c039da4
:106c4000e06c039de06c039de06c039dbc6c039db8
:106c5000a00003240400a3500000e28c0800e0031d
:106c6000000000000000e28c040043240000e3acbc
:106c70000000428c000082ac000046ac0800e0033b
:106c8000010002240000e28c040043240000e3ac75
:106c90000000428c000082acf8ff0010000046a407
:106ca0000000e28c040043240000e3ac0000428cae
:106cb000000082acf1ff0010000046a00000e28c52
:106cc000040043240000e3ac0000428c000082acce
:106cd000000046acc3370600e8ff0010040046acd5
:0c6ce000251000000800e0030000000088
:020000040000fa
:020000041d03da
:106cec00d8ffbd272000b3af1c00b2af1800b1af66
:106cfc001400b0af2400bfaf259880009710410f4f
:106d0c002590a000252040002530000025380000eb
:106d1c002528600025804000d30a410f258860009b
:106d2c002e004018000090440000f144e100a04601
:106d3c00039d093c883e24d5039d083c903e05d517
:106d4c00821924463e282646110003450132254669
:106d5c00c931204600380c4400386e4423786c024c
:106d6c002bc06f0223c84e0223f838038c829fafce
:106d7c002400bf8f2000b38f1c00b28f1800b18f7e
:106d8c001400b08f88828faf0800e0032800bd2765
:106d9c0000800d3c1800b18f1400b08f4942204682
:106dac0000480a4400486b442560400123786c027b
:106dbc002670ab012bc06f0223c84e0223f8380398
:106dcc008c829faf2400bf8f2000b38f1c00b28f2a
:106ddc0088828faf0800e0032800bd27c027110070
:106dec004210100001000532253082002538a60023
:106dfc0000088744421811000008e344a108a0468b
:086e0c00cbff0010c01022466c
:020000040000fa
:020000041d03da
:106e1400e0ffbd271000b0af82bf103c1c00bfaf25
:106e24001800b2af1400b1af9af7400f259080005c
:106e34000014028e010011244429227e001402aea3
:106e44000014038e03000a240484237e001403ae7a
:106e54000014048e444a247e001404ae0014058eeb
:106e64000400468e8431c57c001405ae0014078ee0
:106e74000800488e0442077d001407ae0014098ef2
:106e84008418497d001409ae00140b8e04082b7e6f
:106e940000140bae0000448ee804410f20141226a7
:106ea400301402ae00140c8e81bf0d3cc47b2c7eca
:106eb40000140cae0010ae95f011af25c47b2e7eed
:106ec4009cff18240010aea50100f8a1f011b98da3
:106ed40000e0507e0421397eb012a2259bff0324da
:106ee400f011b9ad2012b0ad4012b1ad7012b1ad18
:106ef400010043a0b012a58d1c00bf8f0421257e84
:106f0400b012a5add012b0adf012b1ad3013b1ad29
:106f1400c012a68d1800b28fc49c267e1000b08fbc
:106f24001400b18f890004242000bd27c012a6ad2f
:086f34000c0f410b00000000ee
:020000040000fa
:020000041d03da
:106f3c00e0ffbd271000b0af82bf103c1c00bfaffc
:106f4c001800b2af1400b1afc1f7400f259080000c
:106f5c000016028e010011244429227e001602ae76
:106f6c000016038e03000a240484237e001603ae4d
:106f7c000016048e444a247e001604ae0016058ebc
:106f8c000400468e8431c57c001605ae0016078eb3
:106f9c000800488e0442077d001607ae0016098ec5
:106fac008418497d001609ae00160b8e04082b7e42
:106fbc0000160bae0000448ee804410f201612267a
:106fcc00301602ae00160c8e81bf0d3cc47b2c7e9d
:106fdc0000160cae0010ae957013af25c47b2e7e40
:106fec00a5ff18240010aea50100f8a17013b98def
:106ffc0000e0507e0421397e3014a225a4ff032426
:10700c007013b9ada013b0adc013b1adf013b1ade9
:10701c00010043a03014a58d1c00bf8f0421257ed8
:10702c003014a5ad5014b0ad7014b1adb014b1adf9
:10703c004014a68d1800b28fc49c267e1000b08f11
:10704c001400b18f8b0004242000bd274014a6ad82
:08705c000c0f410b00000000c5
:020000040000fa
:020000041d03da
:10706400e0ffbd271000b0af82bf103c1c00bfafd3
:107074001800b2af1400b1afe8f7400f25908000bc
:10708400001a028e010011244429227e001a02ae45
:10709400001a038e03000a240484237e001a03ae1c
:1070a400001a048e444a247e001a04ae001a058e87
:1070b4000400468e8431c57c001a05ae001a078e82
:1070c4000800488e0442077d001a07ae001a098e94
:1070d4008418497d001a09ae001a0b8e04082b7e11
:1070e400001a0bae0000448ee804410f201a122649
:1070f400301a02ae001a0c8e81bf0d3cc47b2c7e6c
:10710400001a0cae0010ae95f014af25c47b2e7e91
:10711400bbff18240010aea50100f8a1f014b98d2e
:1071240000e0507e0421397eb015a225baff032465
:10713400f014b9ad2015b0ad4015b1ad7015b1adb9
:10714400010043a0b015a58d1c00bf8f0421257e2e
:10715400b015a5add015b0adf015b1ad3016b1adcb
:10716400c015a68d1800b28fc49c267e1000b08f67
:107174001400b18f8d0004242000bd27c015a6add6
:087184000c0f410b000000009c
:020000040000fa
:020000041d03da
:10718c000100c290e8ffbd271000b0af0400c5900d
:10719c001400bfaf1000401425808000f400878cd1
:1071ac001c00848c3400e28c09f84000bc0000a662
:1071bc00bc000496bc0005260400447cbc0004a65c
:1071cc001400bf8f252000021000b08f020006248f
:1071dc00aef0400b1800bd27010003240b004350f8
:1071ec000300cf9003000424180044500300ca90fd
:1071fc000c0005241e004550ffff06261400bf8f0f
:10720c001000b08f0800e0031800bd270200d890d2
:10721c0000fa0f002518f803f9ff60141400bf8f53
:10722c00f400868c1c00848c2c00c28c09f8400065
:10723c00000000001400bf8f252000021000b08f4a
:10724c00252800007eff400b1800bd270200cb90c4
:10725c0000620a0025688b01e9ffa0151400bf8f9e
:10726c00f4000e8e1c00048ef0ff00102800c28d5e
:10727c00feffc72ce2ffe0101400bf8fe400089261
:10728c00dfff001180000524f400098e1c00048e21
:10729c002800398dc40000a21000b08f0800200314
:0472ac001800bd27e2
:020000040000fa
:020000041d03da
:1072b0001400828c98ffbd274c00b0af5400bfafc4
:1072c0005000b1af5800b4f7350040102580800061
:1072d00001000424100044100800b4c44800038ec8
:1072e0002600601000188044440000c60100662497
:1072f0002b38c20000a50046480006ae1900e01475
:10730000440014e600088644254000000008e844d4
:10731000a008a04603a502460000a48c0400a58c8a
:107320006fe1400f480000ae0400098e3800a2afa4
:107330003c00a3af4000b4e71000b1273800a627f7
:107340001e00201524000524f582400f2520200270
:107350002530400025380000252820029eca400f15
:10736000252000025400bf8f5800b4d75000b18fc1
:107370004c00b08f0800e0036800bd275400bf8fa9
:1073800000a103465000b18f5800b4d7480004aea6
:10739000440004e64c00b08f0800e0036800bd27fd
:1073a0005400bf8f5800b4d75000b18f4c00b08f3d
:1073b000480080ac0800e0036800bd276969400f01
:0c73c00025202002e3ff001025304000d3
:020000040000fa
:020000041d03da
:1073cc00a8ffbd272000b4f7200094c43800baf7fa
:1073dc001c009ac482a314462800b6f702d31446a4
:1073ec00240096c4049d023c4800bef702b0164629
:1073fc00108e5ec43000b8f7180098c441f00e46e9
:10740c001c00bfaf20c3964d1800b0af810b0046d7
:10741c004000bcf7258080001aa0400f00e0854496
:10742c00049d033c288e62c41400a6271000a527d7
:10743c00c2e0024601010346fd89400f02231e46ad
:10744c00004080441400a9c782a1084642b10846f6
:10745c00c2d1084682c208461000a58f0080043ca9
:10746c002630a400e0b2c94c68a3a94ce8c3e94c8f
:10747c0020d4494d008886441c00bf8f82b411462d
:10748c00c2a41146415d0746c06d0a46417e0646c0
:10749c00c0860546e0c7b14e20d5f14e81ce1246ce
:1074ac0081dd13464800bed74000bcd718001ae651
:1074bc001c0016e6200014e63800bad73000b8d706
:1074cc002800b6d72000b4d724001fe61800b08fd0
:0874dc000800e0035800bd2781
:020000040000fa
:020000041d03da
:1074e400d0ffbd270180033c1800b1af4cb3712419
:1074f4001400b0af0800308e0c00228e2c00bfaff9
:107504002b3002022800b5af2400b4af2000b3af83
:107514002500c0101c00b2af0400288e0c00298e78
:107524002150080223804901150000122b60b0008d
:107534000c002b8e0400338e0b80ac0021280b0230
:107544002b68b3001b00a0154cb3748c0c00328e56
:107554000c002e8e23a8720221288e02ca0e410f1f
:107564002530a002237853022198f00125306002cf
:1075740025288002ca0e410f212055000c0033ae8d
:107584002c00bf8f251000022800b58f2400b48f73
:107594002000b38f1c00b28f1800b18f1400b08f7d
:1075a4000800e0033000bd270c00278edeff00102a
:1075b400238007020c00388e25300002ca0e410fca
:1075c400212898020c00398e2c00bf8f2118190233
:1075d400251000022800b58f2400b48f2000b38f3b
:1075e4001c00b28f1400b08f0c0023ae1800b18fb2
:0875f4000800e0033000bd2790
:020000040000fa
:020000041d03da
:1075fc000000c28c0400c38cd0ffbd271000a2afca
:10760c001400a3af2800b2af490007242590c00096
:10761c001800a6272c00bfaf2400b1af2000b0afdc
:10762c002588a00025808000d555400f1800a0affc
:10763c000800478e1800a627252820024f86400fe9
:10764c00252000020c00478e1800a62725282002b2
:10765c004f86400f252000021000478e1800a627e9
:10766c00252820024f86400f252000021400478e4b
:10767c001800a627252820024f86400f252000023f
:10768c001800478e1800a627252820024f86400f89
:10769c00252000021c00478e252000021800a6277a
:1076ac004f86400f252820021800a28f2b20510056
:1076bc000a008010212802020a000624010042243c
:1076cc000000a6a02c00bf8f2800b28f2400b18f21
:1076dc002000b08f0800e0033000bd27faff201215
:1076ec002c00bf8f213811020a000824ffffe8a0ec
:1076fc002c00bf8f2800b28f2400b18f2000b08fd8
:08770c000800e0033000bd2776
:020000040000fa
:020000041d03da
:10771400c8ffbd273800ace73000b1af3800b18fe7
:10772400c94d033c00f0227edb0f63242b18430079
:107734002c00b0af3400bfaf1b0060102580a00048
:10774400039d023ca83f44d4039d023ca03f42d485
:1077540021600046039d033ca100824c8110244615
:10776400b03f64d4039d033c021124464d102046cf
:107774000008024401002446b83f64d48210244621
:107784000100224600000444000065443400bf8f19
:107794003000b18f000004ae040005ae2c00b08fa1
:1077a4000800e0033800bd27807f033c2b1843000a
:1077b400070060143800a0c725100000010000462f
:1077c4002100004600000444f0ff0010000065445e
:1077d400c23502006affc624c01d06002310430000
:1077e400000082441000a0af2100004601000724dd
:1077f4001800a5272000a427724a400f2000a0f7f4
:10780400060021061c00a68f0080033c1800a48fec
:107814002628c300ddff0010231002001800a48fe7
:08782400daff00101c00a58f23
:020000040000fa
:020000041d03da
:10782c004200801400000000e0ffbd270880023ced
:10783c001400b0af5cac50240a0003921800b1af36
:10784c001c00bfaf2e0060145cac518c1000049275
:10785c00210080540c000592180005921400a054cd
:10786c00140005921e0006920600c0541a000592e0
:10787c001c00bf8f1800b18f1400b08f0800e003fc
:10788c002000bd27ed0d410f252020021a00059286
:10789c00d30d410f252020021c00bf8f1800b18f83
:1078ac001e0000a21400b08f0800e0032000bd27ca
:1078bc00ed0d410f2520200214000592d30d410f30
:1078cc00252020021e000692e9ffc010180000a21d
:1078dc00ecff00101a000592ed0d410f252020023f
:1078ec000c000592d30d410f2520200218000592a3
:1078fc00dcffa010100000a2edff00101400059298
:10790c0006000592ed0d410f252020020600059280
:10791c00d30d410f2520200210000492ceff8010c1
:10792c000a0000a2ecff00100c0005920800e00316
:04793c000000000047
:020000040000fa
:020000041d03da
:10794000000102040703060500000000ffffffff1f
:10795000ffffffffffffffffffffffffffffffff37
:10796000ffffffffffffffffffffffffffffffff27
:10797000ffffffffffffffffffffffffff00010211
:1079800003040506070809ffffffffffffff0a0bbf
:107990000c0d0e0f101112131415161718191a1baf
:1079a0001c1d1e1f20212223ffffffffffff0a0bcc
:1079b0000c0d0e0f101112131415161718191a1b8f
:1079c0001c1d1e1f20212223ffffffffffffffffc3
:1079d000ffffffffffffffffffffffffffffffffb7
:1079e000ffffffffffffffffffffffffffffffffa7
:1079f000ffffffffffffffffffffffffffffffff97
:107a0000ffffffffffffffffffffffffffffffff86
:107a1000ffffffffffffffffffffffffffffffff76
:107a2000ffffffffffffffffffffffffffffffff66
:107a3000ffffffffffffffffffffffffffffffff56
:0d7a4000ffffffffffffffffffffffffff46
:020000040000fa
:020000041d03da
:107a5000e0ffbd271800b1af1400b0af1c00bfafee
:107a60009710410f00000000252040002530000045
:107a7000253800002528600025804000d30a410fea
:107a8000258860002a004018000090440000f1445e
:107a9000e100a046039d093c883e24d5039d083c97
:107aa000903e05d5821924463e2826460f00034500
:107ab00001322546c931204600380c4488828f8f18
:107ac00000386e448c82998f21108f0121f8d901e2
:107ad0002bc04c0021181f031c00bf8f1800b18f52
:107ae0001400b08f0800e0032000bd2788828f8f2c
:107af0008c82998f00800d3c4942204600480a4400
:107b000000486b442560400121108f012670ab01b5
:107b100021f8d9012bc04c0021181f031c00bf8f76
:107b20001800b18f1400b08f0800e0032000bd27bb
:107b3000c0271100421010000100053225308200dc
:107b40002538a60000088744421811000008e344c5
:0c7b5000a108a046cfff0010c010224684
:020000040000fa
:020000041d03da
:107b5c000880023cd8ac432402006e90d8ac4d9007
:107b6c0006006a900400699005006b900a0067900b
:107b7c00080064900900689001006f90029d053c1c
:107b8c00acd5a2240c0078900e0066900d006c9081
:107b9c0080c80e0080180d0080780f0080500a00fd
:107bac008048090080580b008038070080200400b2
:107bbc00804008000a70597c0a68437c0a784f7c24
:107bcc000a504a7c0a48497c0a584b7c0a38477c44
:107bdc000a20447c0a40487c00a0193c5c452327c1
:107bec00802818008030060080600c000a30467c2b
:107bfc000a28457c00a0183c04006eac5c452faff5
:107c0c0008006dac0c006bac10006aac140069acd5
:107c1c00180068ac1c0067ac200064ac0a104c7ceb
:107c2c008c450e278c4500af240062ac280066ac56
:107c3c002c0065ac0400c0ad0800c0ad0c00c0ad9c
:107c4c001000c0ad1400c0ad1800c0ad1c00c0ad1c
:0c7c5c002000c0a50800e0032200c0a129
:020000040000fa
:020000041d03da
:107c68000880023ce8ac432402006e90e8ac4d90da
:107c780006006a900400699005006b900a006790fe
:107c8800080064900900689001006f90029d053c0f
:107c9800acd9a2240c0078900e0066900d006c9070
:107ca80080c80e0080180d0080780f0080500a00f0
:107cb8008048090080580b008038070080200400a5
:107cc800804008000a70597c0a68437c0a784f7c17
:107cd8000a504a7c0a48497c0a584b7c0a38477c37
:107ce8000a20447c0a40487c00a0193cb045232760
:107cf800802818008030060080600c000a30467c1e
:107d08000a28457c00a0183c04006eacb0452faf93
:107d180008006dac0c006bac10006aac140069acc8
:107d2800180068ac1c0067ac200064ac0a104c7cde
:107d3800e0450e27e04500af240062ac280066aca1
:107d48002c0065ac0400c0ad0800c0ad0c00c0ad8f
:107d58001000c0ad1400c0ad1800c0ad1c00c0ad0f
:0c7d68002000c0a50800e0032200c0a11c
:020000040000fa
:020000041d03da
:107d74000880023cf8ac432402006e90f8ac4d90ad
:107d840006006a900400699005006b900a006790f1
:107d9400080064900900689001006f90029d053c02
:107da400acdda2240c0078900e0066900d006c905f
:107db40080c80e0080180d0080780f0080500a00e3
:107dc4008048090080580b00803807008020040098
:107dd400804008000a70597c0a68437c0a784f7c0a
:107de4000a504a7c0a48497c0a584b7c0a38477c2a
:107df4000a20447c0a40487c00a0193c04462327fe
:107e0400802818008030060080600c000a30467c10
:107e14000a28457c00a0183c04006eac04462faf31
:107e240008006dac0c006bac10006aac140069acbb
:107e3400180068ac1c0067ac200064ac0a104c7cd1
:107e440034460e27344600af240062ac280066acea
:107e54002c0065ac0400c0ad0800c0ad0c00c0ad82
:107e64001000c0ad1400c0ad1800c0ad1c00c0ad02
:0c7e74002000c0a50800e0032200c0a10f
:020000040000fa
:020000041d03da
:107e80000880023c08ad432402006e9008ad4d907e
:107e900006006a900400699005006b900a006790e4
:107ea000080064900900689001006f90029d053cf5
:107eb000ace1a2240c0078900e0066900d006c904e
:107ec00080c80e0080180d0080780f0080500a00d6
:107ed0008048090080580b0080380700802004008b
:107ee000804008000a70597c0a68437c0a784f7cfd
:107ef0000a504a7c0a48497c0a584b7c0a38477c1d
:107f00000a20447c0a40487c00a0193c584623279c
:107f1000802818008030060080600c000a30467c03
:107f20000a28457c00a0183c04006eac58462fafd0
:107f300008006dac0c006bac10006aac140069acae
:107f4000180068ac1c0067ac200064ac0a104c7cc4
:107f500088460e27884600af240062ac280066ac35
:107f60002c0065ac0400c0ad0800c0ad0c00c0ad75
:107f70001000c0ad1400c0ad1800c0ad1c00c0adf5
:0c7f80002000c0a50800e0032200c0a102
:020000040000fa
:020000041d03da
:107f8c000880023c18ad432402006e9018ad4d9051
:107f9c0006006a900400699005006b900a006790d7
:107fac00080064900900689001006f90029d053ce8
:107fbc00ace5a2240c0078900e0066900d006c903d
:107fcc0080c80e0080180d0080780f0080500a00c9
:107fdc008048090080580b0080380700802004007e
:107fec00804008000a70597c0a68437c0a784f7cf0
:107ffc000a504a7c0a48497c0a584b7c0a38477c10
:10800c000a20447c0a40487c00a0193cac4623273b
:10801c00802818008030060080600c000a30467cf6
:10802c000a28457c00a0183c04006eacac462faf6f
:10803c0008006dac0c006bac10006aac140069aca1
:10804c00180068ac1c0067ac200064ac0a104c7cb7
:10805c00dc460e27dc4600af240062ac280066ac80
:10806c002c0065ac0400c0ad0800c0ad0c00c0ad68
:10807c001000c0ad1400c0ad1800c0ad1c00c0ade8
:0c808c002000c0a50800e0032200c0a1f5
:020000040000fa
:020000041d03da
:108098000180033c0cb362240cb3698c0400478c48
:1080a80082bf063c010008241020c48c01008530e2
:1080b8002500a814000000000c004a8c08004b8c16
:1080c8002b606a0122008011000000000800598c12
:1080d800ffff432523c079002300001300000000a0
:1080e8003020c58c0c004a8c0800448c2b588a0020
:1080f80025006011000000000800588cffff59257a
:1081080023783803e8ffe011000000000800438ce2
:10811800ff00a53021502301000045a10800448c30
:1081280001008b242b60670108004bacdeff801533
:1081380000000000080040ac1020c48c010085300d
:10814800ddffa810000000002a0f410b7100042475
:1081580008004d8c21704701ffffcf2523c0ed019a
:10816800dfff001700000000e8ffbd271400bfafc5
:10817800160f410f710004241400bf8f71000424ee
:108188002a0f410b1800bd2708004c8c21684701b5
:0c819800ffffae25dbff00102378cc01b8
:020000040000fa
:020000041d03da
:1081a4000180033c2cb362242cb3698c0400478cfb
:1081b40082bf063c010008241024c48c01008530d1
:1081c4002500a814000000000c004a8c08004b8c09
:1081d4002b606a0122008011000000000800598c05
:1081e400ffff432523c07900230000130000000093
:1081f4003024c58c0c004a8c0800448c2b588a000f
:1082040025006011000000000800588cffff59256c
:1082140023783803e8ffe011000000000800438cd5
:10822400ff00a53021502301000045a10800448c23
:1082340001008b242b60670108004bacdeff801526
:1082440000000000080040ac1024c48c01008530fc
:10825400ddffa810000000002a0f410b9e0004243b
:1082640008004d8c21704701ffffcf2523c0ed018d
:10827400dfff001700000000e8ffbd271400bfafb8
:10828400160f410f9e0004241400bf8f9e00042487
:108294002a0f410b1800bd2708004c8c21684701a8
:0c82a400ffffae25dbff00102378cc01ab
:020000040000fa
:020000041d03da
:1082b000d0fdbd272802b2af2402b1af2002b0af7b
:1082c0002c02bfaf258880002580a0008fe7400fdb
:1082d0002590c0001f004010000207241000a0af2e
:1082e0001800a627252800025804410f2520200247
:1082f000060040102c02bf8f2802b28f2402b18fdb
:108300002002b08f0800e0033002bd27019d053c2c
:108310001802a6276ca4a5247a0f410f1800a427e1
:1083200001000324140043101802a58f019d023c94
:1083300025200002ec0c410f70a445242c02bf8fb5
:108340002802b28f2402b18f2002b08f0800e00310
:108350003002bd27070e410f1800448e2c02bf8f3c
:108360002802b28f2402b18f252000022002b08f94
:10837000d306410b3002bd27340b410f1800448e49
:108380001802a78f019d063c4400042690a4c62431
:10839000bc0f410f00020524d306410f2520000227
:1083a0002c02bf8f2802b28f2402b18f2002b08f1f
:0883b0000800e0033002bd27c4
:020000040000fa
:020000041d03da
:1083b800e0ffbd271000b0af82bf103c1c00bfaf6c
:1083c8001800b2af1400b1af1e05410f2590800010
:1083d8000010028e010011244429227e001002aef2
:1083e8000010038e03000a240484237e001003aec9
:1083f8000010048e444a247e001004ae0010058e3e
:108408000400468e8431c57c001005ae0010078e2e
:108418000800488e0442077d001007ae0010098e40
:108428008418497d001009ae00100b8e04082b7ebd
:1084380000100bae0000448ee804410f20101226f5
:10844800301002ae00100c8e81bf0d3cc47b2c7e18
:1084580000100cae0010ae957010af25c47b2e7eb8
:108468006f0018240010aea50100f8a17010b98d96
:1084780000e0507e0421397e7010b9ada010b0ad77
:10848800c010b1adf010b1ad8010a28d1c00bf8f2f
:10849800c49c227e1800b28f1400b18f1000b08fd8
:1084a800860004242000bd278010a2ad0c0f410bcc
:0484b80000000000c0
:020000040000fa
:020000041d03da
:1084bc00b8ffbd272400b0afb400908c4400bfaf10
:1084cc004000b7af3c00b6af3800b5af3400b4af26
:1084dc003000b3af2c00b2af2800b1af0300139241
:1084ec0002000292001a1300259862002500601207
:1084fc0025a080002590000025b0000025a80000d4
:10850c0015000010258800002538a0020c00401230
:10851c00252880021000488e0a00005100000592a8
:10852c000c00468e080044961800b0af1400b7af8c
:10853c001000b6af0000098d09f820010000000002
:10854c00000005922188b100ffff31322b3033023d
:10855c000c00c010218005020100179204000424b5
:10856c00eaffe4162538a0020200159225288002a5
:10857c003164400f2520a00203001692e2ff001088
:10858c00259040004400bf8f4000b78f3c00b68f51
:10859c003800b58f3400b48f3000b38f2c00b28ffd
:1085ac002800b18f2400b08f0800e0034800bd27dd
:020000040000fa
:020000041d03da
:1085bc00e0ffbd2725300000253800001800b1afc2
:1085cc001400b0af1c00bfaf25808000d30a410f50
:1085dc002588a0002a004018000090440000f144b7
:1085ec00e100a046039d093c883e24d5039d083c30
:1085fc00903e05d5821924463e2826460f00034599
:10860c0001322546c931204600380c4488828f8fb0
:10861c0000386e448c82998f21108f0121f8d9017a
:10862c002bc04c0021181f031c00bf8f1800b18fea
:10863c001400b08f0800e0032000bd2788828f8fc4
:10864c008c82998f00800d3c4942204600480a4498
:10865c0000486b442560400121108f012670ab014e
:10866c0021f8d9012bc04c0021181f031c00bf8f0f
:10867c001800b18f1400b08f0800e0032000bd2754
:10868c00c027110042101000010005322530820075
:10869c002538a60000088744421811000008e3445e
:0c86ac00a108a046cfff0010c01022461d
:020000040000fa
:020000041d03da
:1086b800d8ffbd271c00b1af2588a0001000a52752
:1086c8002000b2af1800b0af2400bfaf25808000f3
:1086d80071d1400f2590c0001000a38f25104300d2
:1086e8000c004014253800002530400225282002bf
:1086f8001382400f252000020d0040102400bf8f78
:108708002000b28f1c00b18f1800b08f0800e00362
:108718002800bd272400bf8f2000b28f1c00b18f16
:108728001800b08f060002240800e0032800bd27c7
:108738008000073c00000e8e020000101300e824a1
:1087480000000eae0000c481f7ff8624ff00c93088
:108758000650280118002b2d0a00601101004c3129
:10876800f7ff80150100ce252400bf8f2000b28faf
:108778001c00b18f1800b08f070002240800e00326
:108788002800bd273a000d24f7ff8d142400bf8f61
:108798000100c5252000b28f1c00b18f000005ae76
:0c87a8001800b08f0800e0032800bd2777
:020000040000fa
:020000041d03da
:1087b400c0ffbd273000b4af5000b48f3400b5af54
:1087c400010094322c00b3af2800b2af2400b1af43
:1087d4002000b0af3c00bfaf3800b6af259080009a
:1087e4002598a0002580c0002588e000030080169d
:1087f4002ba8c7001300a05623a83002253000027e
:10880400252860026cfd400f252040020d00a016b3
:1088140023a83002258800023c00bf8f25102002c7
:108824003800b68f3400b58f3000b48f2c00b38f6e
:108834002800b28f2400b18f2000b08f0800e0031d
:108844004000bd271100a22e100006240b30a20206
:10885400200005241000a427700f410f25b0a002aa
:108864001000c22e0b0040100f00a6321000a527e6
:108874006cfd400f25204002e7ff801625300002e2
:10888400252860026cfd400f25204002e3ff001004
:108894003c00bf8f100006241000a5276cfd400f7c
:0c88a40025204002eeff0010f0ffd62659
:020000040000fa
:020000041d03da
:1088b000e0ffbd271400b0af258080002520a00078
:1088c000252800021800b1af1c00bfaf3164400f73
:1088d0002588c00025004050ffff02261000468c6e
:1088e0000e00c050e800198e0800d98c0a00201331
:1088f0001c00bf8f08004494d80019aed00004a615
:10890000253020021400b08f1800b18f0e0005240e
:10891000080020032000bd27e800198e18000796e4
:10892000e000088e01000924d80019ae06000911e4
:10893000d00007a61c00bf8f1800b18f1400b08fa5
:108940000800e0032000bd27faff20131c00bf8fa2
:10895000ec00068e1400b08f252820021800b18f7d
:108960000e000424080020032000bd27feff432c36
:10897000f1ff60101c00bf8fe4000492eeff801036
:108980001800b18ff400058e1c00048e2800b98ced
:10899000c40000a21400b08f80000524080020034a
:0489a0002000bd27cf
:020000040000fa
:020000041d03da
:1089a4000000a28c0400a38cc0ffbd273800b3af25
:1089b4003400b2af3000b1af2c00b0af0800b38cbc
:1089c4000c00b28c3c00bfaf258880002580a0003d
:1089d400030060042000a2af4408027c2000a2af80
:1089e4002000a2271800a2af080002241400a2af9e
:1089f4001000b3af0400c78c0000c68cafd7400f83
:108a0400252000022000a38f1000633004006010b2
:108a140030000424ffff422421184202000064a015
:108a24002000a38f08006330040060102000042499
:108a3400ffff422421184202000064a01000068ea9
:108a44002000a38fffffc6241000a3af25386002c7
:108a54002330c20021284202ede1400f25202002ec
:108a64000400238e00016330040060103c00bf8fbb
:108a74000400038e2a2043000b1064003800b38fd7
:108a84003400b28f3000b18f2c00b08f0800e003a7
:048a94004000bd27ba
:020000040000fa
:020000041d00dd
:100010001800a5c41c00a4c42000a3c42400a0c4cc
:10002000022b044682210346c2290046421800469c
:10003000049d023c108e48c482200046422b034699
:10004000a82b054dc133074600340746400a0c462d
:100050002800aac42c00abc441140d46a024c44df2
:10006000c27c0b46601dc34dc2850a46424e0b46fc
:10007000e006c04dc10f0c4640170d4660916a4e18
:100080003000a4c4e0a8eb4e20882a4f0000a38cc7
:10009000251080000200652c20eba44ca0f9644cd4
:1000a000e0d9044c80600c46403006460a00a0149b
:1000b000003a07460200042403006414049d063c31
:1000c0001c8ecdc400420d46000042e4040041e411
:1000d0000800e003080048e4049d073c1c8eeec4c1
:1000e000000042e4040041e401420e460800e0033f
:0400f000080048e4d8
:020000040000fa
:020000041d03da
:108a9800b8fcbd275003a2274003b1af2002b1277d
:108aa8003c03b0af5003a6af258080002530a0005e
:108ab80025202002ff0005245403a7af25384000d5
:108ac8004403bfaf01e7400f3003a2af94de400f6d
:108ad800000000000400048e2803b1af2003a2aff9
:108ae8002403a3af1000b1272003a6271100801488
:108af800100205247dd2400f252020022530400099
:108b080025282002252000029eca400f02000724c3
:108b1800049d033c5400048e39e6400fd04b658c0d
:108b28004403bf8f4003b18f3c03b08f0800e003bc
:108b38004803bd272d6f400f252020022530400017
:108b480025282002252000029eca400f0200072483
:108b5800049d033c5400048e39e6400fd04b658ccd
:108b68004403bf8f4003b18f3c03b08f0800e0037c
:048b78004803bd27ca
:020000040000fa
:020000041d03da
:108b7c00b0ffbd273c00b2af2190a700ffff5232df
:108b8c002b10b2004c00bfaf4800b5af4400b4afdf
:108b9c004000b3af3800b1af240040103400b0af88
:108bac002588a00025a88000040000102598c0008e
:108bbc002b2032021d008010219870021f002332de
:108bcc00200010242380030221a030022b385402f1
:108bdc001000a627252820020300e0102520a00263
:108bec002380510225a04002699e400f25380002c7
:108bfc00253000021000a527a90d410f2520600289
:108c0c00ebff4050ffff91322530600225282002f7
:108c1c002520a00225380002fecf400fffff913225
:108c2c002b203202e5ff8014219870024c00bf8f7c
:108c3c004800b58f4400b48f4000b38f3c00b28f16
:108c4c003800b18f3400b08f0800e0035000bd270e
:020000040000fa
:020000041d03da
:108c5c00a8ffbd270400a1af0800a2af0c00a3af72
:108c6c001000a4af1400a5af1800a6af1c00a7af4e
:108c7c002000a8af2400a9af2800aaaf2c00abafee
:108c8c003000acaf3400adaf3800aeaf3c00afaf8e
:108c9c004000b8af4400b9af4800bfaf124000006d
:108cac004c00a8af104000005000a8af049d1a3c27
:108cbc0060455a2700000000006804400060054031
:108ccc0009f84003000000005000a88f11000001bb
:108cdc004c00a88f130000010400a18f0800a28f84
:108cec000c00a38f1000a48f1400a58f1800a68f62
:108cfc001c00a78f2000a88f2400a98f2800aa8f02
:108d0c002c00ab8f3000ac8f3400ad8f3800ae8fa1
:108d1c003c00af8f4000b88f4400b98f4800bf8f24
:0c8d2c005800bd27c000000018000042e5
:020000040000fa
:020000041d03da
:108d3800e0ffbd271000b0af2580000040301000d4
:108d480086bf023c81bf043c1400b1af4000053c23
:108d58000880113c2138d00058a8312680400700ef
:108d68001800b2af9000528c8000438c2000428cd7
:108d7800740085ac0a20287e214828020f008b3019
:108d880001000c2404002a8d2490430204686c011d
:108d98001c00bfaf070040112470b2010500c011cc
:108da800000000000800258d04002f8d09f8e0015f
:108db800000000000f0000161c00bf8f01001024e7
:108dc800403010002138d000804007000a20287e5b
:108dd800214828020f008b3001000c2404002a8d42
:108de80004686c01edff40152470b201f7ff001212
:108df8001c00bf8f1800b28f1400b18f1000b08f05
:088e08000800e0032000bd2773
:020000040000fa
:020000041d03da
:108e10000000003fffff7f7fabaa4a400000803f79
:108e20000000204148e17a3f35fa8e3c0000404086
:108e300012d3363fff51d83f35fa0e3c0000b4c282
:108e40000000b442000080bfe02e6542beb5a43ae7
:108e5000fdad003e0000004f90c179bd90c1793d4d
:108e6000000000ba0000003acf57f73b0000c841ad
:108e70000000fa449b56df33a037a04c00000040ae
:108e80000000804000401c4600247449002474c93e
:108e90006bd30dbcba132f3d75aa2a3eaee534bf85
:108ea000db0fc93fdb0f493fdb0f49bfdb0f4940f9
:108eb000db0f49c0db0fc9bf0000803e000040c08f
:108ec0002ebdbb33da0fc93f000080030000c03f56
:108ed00025ac7c3d0df5113ea9aaaa3e4712dabd8c
:088ee00098ca4c3e0000807ba3
:020000040000fa
:020000041d03da
:108ee800f40102242e008210f501832c0d00601479
:108ef80032000c24401f052427008510411f862cb2
:108f08001900c010803e0724d007092420008910ca
:108f1800a00f8a3804000b24060002240800e0038e
:108f28000a106a0116008c1033008d2c0800a0115d
:108f380064000e240c0019241b00991019008538b0
:108f48000a000324060002240800e0030a10650052
:108f58000d008e10c8008f38070018240600022460
:108f68000800e0030a100f0311008710007d843801
:108f780001000824060002240800e0030a10040186
:108f88000800e003090002240800e00308000224a6
:108f98000800e003050002240800e003030002249f
:108fa8000800e0030f0002240800e0030b0002247d
:088fb8000800e003020002249e
:020000040000fa
:020000041d03da
:108fc000e0ffbd271800b2af1000b0af25908000c1
:108fd00082bf103c8f0004241c00bfaf1400b1af4f
:108fe000001200ae401200ae101200ae301200ae01
:108ff000160f410f000000002a0f410f8f000424bc
:109000000012028e010011244429227e001202aeb9
:109010000012038e03000a240484237e001203ae90
:109020000012048e444a247e001204ae0012058e03
:109030000400468e8431c57c001205ae0012078ef6
:109040000800488e0442077d001207ae0012098e08
:109050008418497d001209ae00120b8e04082b7e85
:1090600000120baee804410f0000448e301202ae35
:1090700000120c8e1c00bf8fc47b2c7e1800b28f98
:109080001400b18f00120cae1000b08f8f000424ba
:089090000c0f410b2000bd276d
:020000040000fa
:020000041d03da
:10909800e0ffbd271800b2af1000b0af25908000e8
:1090a80082bf103cb10004241c00bfaf1400b1af54
:1090b800001800ae401800ae101800ae301800ae10
:1090c800160f410f000000002a0f410fb1000424c1
:1090d8000018028e010011244429227e001802aed5
:1090e8000018038e03000a240484237e001803aeac
:1090f8000018048e444a247e001804ae0018058e19
:109108000400468e8431c57c001805ae0018078e11
:109118000800488e0442077d001807ae0018098e23
:109128008418497d001809ae00180b8e04082b7ea0
:1091380000180baee804410f0000448e301802ae50
:1091480000180c8e1c00bf8fc47b2c7e1800b28fb9
:109158001400b18f00180cae1000b08fb1000424b9
:089168000c0f410b2000bd2794
:020000040000fa
:020000041d03da
:10917000e482828fe8ffbd271400bfaf100040a03b
:10918000e482838f0c00648c060080100880073c0a
:10919000e482858f0c00a68c09f8c0000000000056
:1091a0000880073ce48280afe8a9e8241000099118
:1091b000ff002a31170040152528000024000b91dc
:1091c000ff006c31130080150100052438000d915b
:1091d000ff00ae310f00c015020005244c000f91b6
:1091e000ff00f8310b0000170300052460001991ff
:1091f000ff003f330700e0170400052474000291cc
:10920000ff0043300e0060141400bf8f0800e0031d
:109210001800bd2780200500213085001400bf8f75
:10922000803806002120070176fe400b1800bd277c
:10923000f8ff001002000524f6ff001004000524ca
:08924000f4ff001005000524f5
:020000040000fa
:020000041d03da
:10924800a8ffbd270400a1af0800a2af0c00a3af80
:109258001000a4af1400a5af1800a6af1c00a7af5c
:109268002000a8af2400a9af2800aaaf2c00abaffc
:109278003000acaf3400adaf3800aeaf3c00afaf9c
:109288004000b8af4400b9af4800bfaf124000007b
:109298004c00a8af104000005000a8af0068044080
:1092a80000600540049d023cf446422409f8400051
:1092b800000000005000a88f110000014c00a88f8a
:1092c800130000010400a18f0800a28f0c00a38fd7
:1092d8001000a48f1400a58f1800a68f1c00a78f5c
:1092e8002000a88f2400a98f2800aa8f2c00ab8ffc
:1092f8003000ac8f3400ad8f3800ae8f3c00af8f9c
:109308004000b88f4400b98f4800bf8f5800bd2770
:08931800c00000001800004233
:020000040000fa
:020000041d03da
:10932000a8ffbd270400a1af0800a2af0c00a3afa7
:109330001000a4af1400a5af1800a6af1c00a7af83
:109340002000a8af2400a9af2800aaaf2c00abaf23
:109350003000acaf3400adaf3800aeaf3c00afafc3
:109360004000b8af4400b9af4800bfaf12400000a2
:109370004c00a8af104000005000a8af00680440a7
:1093800000600540049d023c0447422409f8400067
:10939000000000005000a88f110000014c00a88fb1
:1093a000130000010400a18f0800a28f0c00a38ffe
:1093b0001000a48f1400a58f1800a68f1c00a78f83
:1093c0002000a88f2400a98f2800aa8f2c00ab8f23
:1093d0003000ac8f3400ad8f3800ae8f3c00af8fc3
:1093e0004000b88f4400b98f4800bf8f5800bd2798
:0893f000c0000000180000425b
:020000040000fa
:020000041d03da
:1093f800c0ffbd273800b1af3400b0af258880006a
:109408002580a00020000624252800003c00bfafce
:10941800700f410f1000a42700000382090060109c
:1094280025100000010002820b00401401000524f1
:109438002510200200004480feff835001004224d2
:10944800231051003c00bf8f3800b18f3400b08f1b
:109458000800e0034000bd2700000282170040100a
:109468004011437c1000a4278018030021188300b2
:109478000000648c0410450025104400000062ac14
:10948800f5ff00100100102600004380ecff60107b
:109498004011647c802004001000a6272120c4000d
:1094a8000000848c0418650024186400f6ff6054da
:1094b80001004224e3ff0010231051002510200270
:0894c800f1ff00100100052472
:020000040000fa
:020000041d03da
:1094d0000c00822c3100401000000000049d033c71
:1094e00080200400fc9466240a38c47ce8ffbd2771
:1094f0001400bfaf0800e0001000b0af4895039d16
:109500004895039d3895039d4895039d3895039d87
:109510004895039d4895039d4895039d8895039d17
:109520002c95039d5895039d3895039d2480848f29
:10953000a505410f00000000358380a3348380a37c
:10954000338380a3328380a31400bf8f1000b08fb9
:109550000800e0031800bd270000b09001000524ba
:10956000faff05561400bf8f029d083c253000000d
:10957000e06d05257f0d410f25200000358390a368
:10958000f2ff00101400bf8f1400bf8f1000b08fc7
:109590002480848f8b06410b1800bd270800e00350
:0495a00000000000c7
:020000040000fa
:020000041d03da
:1095a4000800a6af1800a3c40800a0c70c00a7af0a
:1095b4001c00a5c4810003462000a4c40c00a7c756
:1095c4001000a9c7001003440400a1c400f0627c89
:1095d40000308244013a0546814a04463c08064666
:1095e40025108000004006441a000145005007443d
:1095f40000f0c47c005884443c090b461500054522
:1096040000f0e87c006088443c0a0c4612000b45dc
:109614001400a0ac1400a98c1000aa8c2b582a01a9
:109624001100601501002c250c00adc4000043acf2
:10963400040046ace06b624c606ca84ce06c8a4c55
:10964400080047ac1800afe41c00b1e40800e003d4
:109654002000b3e41400a0ac000043ac040046ac0a
:109664000800e003080047acfbff00101400acac9a
:020000040000fa
:020000041d03da
:10967400d8ffbd272000b1af1c00b0af2400bfaf9e
:109684002588a000080080142580c0002400bf8f16
:109694001c00b08f252020022000b18f2528c00097
:1096a400d1d5400b2800bd27ffff82245e00032490
:1096b4001400452c1500a0101000a3a3400084241e
:1096c400ff008630450c410f1100a6a302000726b7
:1096d4002b404700150000152400bf8f1000a4275d
:1096e400d1d5400f0200052425280002d1d5400f12
:1096f400252020022400bf8f2000b18f1c00b08fd2
:10970400251000000800e0032800bd270a000624f5
:10971400450c410f1100a6a3020007262b40470069
:10972400efff00111000a4272400bf8f2000b18f89
:109734001c00b08f010002240800e0032800bd27ac
:020000040000fa
:020000041d03da
:10974400d8ffbd272000b1af1c00b0af2400bfafcd
:109754002588a000080080142580c0002400bf8f45
:109764001c00b08f252020022000b18f2528c000c6
:109774009312410b2800bd27ffff82245e000324bf
:109784001400452c1500a0101000a3a3400084244d
:10979400ff0086309112410f1100a6a30200072694
:1097a4002b404700150000152400bf8f1000a4278c
:1097b4009312410f02000524252800029312410f41
:1097c400252020022400bf8f2000b18f1c00b08f01
:1097d400251000000800e0032800bd270a00062425
:1097e4009112410f1100a6a3020007262b40470047
:1097f400efff00111000a4272400bf8f2000b18fb9
:109804001c00b08f010002240800e0032800bd27db
:020000040000fa
:020000041d03da
:1098140009008014251000000800e0030000000087
:10982400251000001c00bf8f1800b18f1400b08fea
:109834000800e0032000bd270400828ce0ffbd2760
:10984400200042301800b1af1400b0af1c00bfaf0d
:1098540025808000090040102588a0001400828c17
:109864001800838c2b106200150040542c00828c4d
:10987400280000ae180000ae140000ae3c00058eb7
:109884004000028e2b18a200040060100100062480
:109894000000048eed12410f2328a200400000ae08
:1098a400dfff20123c0000ae0000048e1c00bf8fbe
:1098b4001800b18f1400b08fef12410b2000bd27a8
:1098c4002530000009f84000252800001400028e0d
:1098d400e7ff4014ffff0224d3ff00101c00bf8fda
:020000040000fa
:020000041d03da
:1098e4003800829003004010010002240800e003c5
:1098f40000000000e0ffbd271400b0af2580800009
:109904001c0004241800b1af1c00bfaf5e07410f58
:109914002588a000100003921b0060102528400039
:109924000c00048e1000241200000000180006929f
:109934001600c01001000b241400078e0a00271221
:1099440000000000200008921000001102000b2407
:109954001c00098e040029120000000028000a924d
:109964000a00401103000b245c0e410f1c00042468
:109974001c00bf8f1800b18f1400b08f2510000099
:109984000800e0032000bd2725580000c0600b003c
:1099940021680c0201000e240c00b1adf2ff00108e
:0c99a4001000aea1f9ff001002000b241f
:020000040000fa
:020000041d03da
:1099b0001800838ce0ffbd27010002241800b2af1d
:1099c0001400b1af1000b0af0000928c1c00bfaf0c
:1099d000258080001a0062102588a0001c00068ed9
:1099e000010007240700c710010002241c00bf8fdc
:1099f0001800b28f1400b18f1000b08f0800e00380
:109a00002000bd275312410f00000000f7ff401057
:109a100001000224740c410f25204002000c28266e
:109a20002b480201f1ff205501000224019d0a3c50
:109a3000d0984b2510808bafecff00102510000054
:109a40007112410f00000000e4ff40500000128e30
:109a5000650c410f25204002000c24262b28820093
:109a6000deffa0540000128e019d0c3ccc988d2589
:0c9a700010808dafddff001025100000fd
:020000040000fa
:020000041d03da
:109a7c00b8fcbd275003a2274003b1af2002b12789
:109a8c003c03b0af5003a6af258080002530a0006a
:109a9c0025202002ff0005245403a7af25384000e1
:109aac004403bfaf01e7400f3003a2af94de400f79
:109abc00000000000400048e2803b1af2003a2af05
:109acc002403a3af1000b1272003a6270d00801498
:109adc001002052424d2400f2520200225304000fe
:109aec0025282002252000029eca400f01000724d1
:109afc004403bf8f4003b18f3c03b08f0800e003d9
:109b0c004803bd27196e400f252020022530400048
:109b1c0025282002252000029eca400f01000724a0
:109b2c004403bf8f4003b18f3c03b08f0800e003a8
:049b3c004803bd27f6
:020000040000fa
:020000041d03da
:109b4000d8ffbd272000b4af1c00b3af1800b2afe0
:109b50001400b1af1000b0af2400bfaf2580c0002b
:109b6000258880009710410f25a0a0002590400077
:109b700025986000130040020100033c11006002c0
:109b800020486224010002721290000008000010b8
:109b9000109800009710410f000000002b2863026e
:109ba0000c00a0142400bf8f120073102b3042024f
:109bb0000000248e09f88000000000001400308ea0
:109bc00009f8000225208002f2ff401025804000a5
:109bd0002400bf8f251000022000b48f1c00b38f1b
:109be0001800b28f1400b18f1000b08f0800e0038e
:109bf0002800bd27efffc0500000248ef5ff0010a5
:049c00002400bf8fee
:020000040000fa
:020000041d03da
:109c040070ffbd278400b2af8000b1af7c00b0af5d
:109c14002588a000258080002590c000252800000c
:109c24004c0006242400a4278800b3af8c00bfafe7
:109c3400700f410f2598e000ffff02241000a2af2f
:109c440002010224020000161400a2af7000b02723
:109c54001800b0af1c00b1af0200201225100000a4
:109c6400ffff22260c0021062000a2af0080023c48
:109c74004f0003244c0343acffff02248c00bf8f2e
:109c84008800b38f8400b28f8000b18f7c00b08fc6
:109c94000800e0039000bd2701002056000000a248
:109ca40025306002252840021000a4272800b0af08
:109cb400190d410f2400b0aff1ff00108c00bf8fcd
:020000040000fa
:020000041d03da
:109cc400e0ffbd271400b0af2580800034010424d8
:109cd400021004721800b1af0880113c24a7312689
:109ce400212051005800858c010003241c00bfafc3
:109cf4000e00a010010083a0010009241200a91085
:109d040034010a2402580a72218071012a0f410f7a
:109d14006000048e1c00bf8f1800b18f010000a2e8
:109d24001400b08f0800e0032000bd275c00869477
:109d340001010724f3ffc71034010a245d00889051
:109d4400f1ff001102580a72e331400f00000000d5
:109d540034010a2402580a72218071012a0f410f2a
:109d64006000048e1c00bf8f1800b18f010000a298
:0c9d74001400b08f0800e0032000bd27a1
:020000040000fa
:020000041d03da
:109d8000e8ffbd271400bfaf160f410f9f0004244a
:109d90002a0f410f9f00042482bf053c1024a28c8f
:109da0004002437c210060140180043c1cb38924e0
:109db0000400268d120000101cb3888c0c002f8d1f
:109dc0002370ef001700c0111400bf8f0c00388df6
:109dd0008ac9187d0c003f8d0100e2272b18460030
:109de0000c0022ad010060500c0020ad2024b9ac65
:109df0001024a48c40028a7c0d0040151400bf8ff3
:109e000008002a8d0c002b8d2b604b01ebff801579
:109e1000213846010c002d8d23704d01ebffc0153c
:109e20001400bf8f0800e0031800bd271400bf8f87
:0c9e30009f0004240c0f410b1800bd27fc
:020000040000fa
:020000041d03da
:109e3c00d8ffbd271000a5271c00b1af1800b0af8c
:109e4c002400bfaf2000b2af71d1400f2588800035
:109e5c000f004014258040001000a38f0500022441
:109e6c00120062146c6c073c0000328e6e75e82494
:109e7c0004000624252040021000a8af580b410f07
:109e8c001400a0a3110040102400bf8f0100102467
:109e9c002400bf8f251000022000b28f1c00b18f50
:109eac001800b08f0800e0032800bd272400bf8fe6
:109ebc0002001024251000022000b28f1c00b18f6c
:109ecc001800b08f0800e0032800bd2704004426ca
:109edc00251000022000b28f1800b08f000024aeb5
:0c9eec001c00b18f0800e0032800bd2717
:020000040000fa
:020000041d03da
:109ef800e0ffbd270300e22c1000b0af1c00bfaf8d
:109f08001800b2af1400b1af110040142580a000b2
:109f18002000828c0100d29020004010258880000b
:109f2800feffe7240200c6242528400209f8400065
:109f3800252000020f0040141c00bf8f1800b28fac
:109f48001400b18f1000b08f0800e0032000bd2777
:109f5800019d073c0000a68c38a1e5241c00bf8f9a
:109f68001800b28f1400b18f1000b08fe207410bb8
:109f78002000bd270000068e1000b08f2538400253
:109f8800019d053c1800b28f252020021400b18fd6
:109f980090a1a524e207410b2000bd27019d033ca9
:0c9fa8000000a68cedff001068a16524ed
:020000040000fa
:020000041d03da
:109fb40000800340c011637c01000724290067145a
:109fc40001800240402e437c0010804000188040f5
:109fd4000028804000308040252000000080043ca0
:109fe4000000834000508440c00000000200004292
:109ff40000408420ffff6320f9ff6014000000008c
:10a00400c0bf043c8006843400308440c0bf053c9b
:10a014007806a524c0bf063cd806c624253800000f
:10a024001000a610ff01093c00e0293500288940f2
:10a03400000087400000a88c0400a98c0800aa8caa
:10a044000010894000188a4000508840c000000079
:10a05400020000420c00a5200100e720f0ff0010e0
:0ca06400000000000800e0030000000005
:020000040000fa
:020000041d03da
:10a070000000a28c0400a38cc0ffbd273800b3af42
:10a080003400b2af3000b1af2c00b0af0800b28cda
:10a090000c00b38c3c00bfaf258880002580a00059
:10a0a000030060042000a2af4408027c2000a2af9d
:10a0b0002000a2271800a2af0a0002241400a2afb9
:10a0c0001000b2af0400c78c0000c68cafd7400fa1
:10a0d000252000021000068e2000a38fffffc6245b
:10a0e0001000a3af253840022330c20021286202ad
:10a0f000ede1400f252020020400238e0001633093
:10a10000040060103c00bf8f0400038e2a2043002f
:10a110000b1064003800b38f3400b28f3000b18f61
:0ca120002c00b08f0800e0034000bd27b9
:020000040000fa
:020000041d03da
:10a12c00ffff8224feff432c1a0060100000000089
:10a13c00000087901700e0102540a000e0ffbd272d
:10a14c001400b0af0c00908c1c00bfaf1800b1af66
:10a15c00080085ac5800058e2548c0000f00a010e3
:10a16c00040086ac7c00068e1000ca2c050040153d
:10a17c001c00bf8f14010b8e0f008b1001001124db
:10a18c001c00bf8f1800b18f1400b08f0800e003c3
:10a19c002000bd270800e003000000007c000c8eae
:10a1ac00140104ae10008d2d01000424f4ffa01541
:10a1bc005d0004a201001124760011a225300000dc
:10a1cc000800052409f8200125200001750000a2d3
:08a1dc00ebff0010760011a258
:020000040000fa
:020000041d03da
:10a1e4000800878ce0ffbd27feff03241800b1aff1
:10a1f4001c00bfaf1400918c1800e3101400b0af22
:10a2040000002596258080008000a430180080106e
:10a214000001a630f400288eac0025920c00098db4
:10a2240009f820011c00248e00002a9603002b92ba
:10a2340004000c24c4390a7c04108b7d00002aa677
:10a2440003002ba20800078e0500e0141c00bf8f3a
:10a2540004000d8e0100a051c40020a21c00bf8f79
:10a264001800b18f1400b08f0800e0032000bd2750
:10a27400f5ffc0100442057cf400228e000025a6e0
:10a284004c00428c0200259209f840001c00248ee8
:08a29400edff00100800078e29
:020000040000fa
:020000041d03da
:10a29c00c0ffbd273800b1af3c00bfaf3400b0af3a
:10a2ac001900a010258880002580a00071d1400fd6
:10a2bc001000a5270f0040141000a38f01000224ea
:10a2cc001f0062142000062412c8400f2520200213
:10a2dc000800401425300002019d053c1000a42705
:10a2ec007a0f410f7c99a524010044382b300400cf
:10a2fc00001106003c00bf8f3800b18f3400b08fc6
:10a30c000800e0034000bd2771d1400f1000a527c5
:10a31c00f8ff40141000a78f010008240800e8146f
:10a32c003c00bf8f3400b08f252020023800b18f45
:10a33c00253000002528000012c8400b4000bd2726
:08a34c00ecff001002000224e6
:020000040000fa
:020000041d03da
:10a35400b8ffbd274000b1af3c00b0af2588e00096
:10a364002580c0002530a000252880004400bfaf10
:10a37400119c400f1000a427040020161c00a38f7a
:10a384002900a293090040144400bf8f0b00052448
:10a394001800a48f130065102000a68fa90d410f8b
:10a3a40025280002050040144400bf8f4000b18fef
:10a3b4003c00b08f0800e0034800bd272c00a48fa8
:10a3c40025280002000080a01b46400f1000a4278f
:10a3d4004400bf8f4000b18f3c00b08f0800e00301
:10a3e4004800bd27252800023400a6af580b410fb2
:10a3f4003000a4af3000a48fe8ff40143400a68fcf
:08a40400eaff00104400bf8fc5
:020000040000fa
:020000041d03da
:10a40c00d8ffbd271c00b0af0500062425808000b6
:10a41c002000b1af2400bfafd0e6400f50000524a0
:10a42c000800038e09f860002588400006002016fd
:10a43c002400bf8f2000b18f1c00b08f01000224bc
:10a44c000800e0032800bd271400a62725200002e1
:10a45c0004000724699e400ffc0f05241400a28ff2
:10a46c001000a62701005124252000020400072417
:10a47c00fc0f0524fecf400f1000b1af1400a6272f
:10a48c0025200002fc0f0524699e400f04000724c0
:10a49c001400a48f2400bf8f262891002b300500b8
:10a4ac002000b18f1c00b08f401006000800e003a4
:04a4bc002800bd2790
:020000040000fa
:020000041d03da
:10a4c000290080140880033c24a7629026004014d1
:10a4d000000000000400aa8c0300401524a76b2490
:10a4e0008ebf043c00308a2401000824680068a163
:10a4f0001800a68c1400a98c08800c3c01000724cd
:10a5000048a98d254c0067ad54006aad580066ad72
:10a51000500069ad140160ad180160ad6c006dad07
:10a520000c00ae8c1000a58c02000f2424a768a09c
:10a5300060006ead640065ad7c0060ad750060a12b
:10a54000760060a10600cf14780067ad86bf183c86
:10a550006801192708000324030423ab000423bb6c
:10a560000800e003251000000800e003ffff0224bc
:020000040000fa
:020000041d03da
:10a57000049d023c049d063c049d053c049d033c57
:10a58000049d073c148e40c4108ec1c4188ea2c412
:10a590001c8e63c4208ee4c401000824000080ac3b
:10a5a000040081e4080080e4140080ac700080acfa
:10a5b0007c0080ac0c0080e4100080e4480082e461
:10a5c000180083e41c0080ac200080ac240080ac28
:10a5d000280080ac2c0080ac300080ac340080ac13
:10a5e000380080ac3c0080ac400088a0440084e48b
:10a5f0004c0080a0500080ac540080ac580080ac6f
:10a600005c0080ac600080ac640080ac680080a01e
:10a610006c0080ac740080a00800e003780080ac7f
:020000040000fa
:020000041d03da
:10a62000e8ffbd271000b0af258080001400bfaf49
:10a630004c11410f022104000f000332061062008a
:10a640000100443007008014049d053c9449b02467
:10a650000800028e09f840009c80848f050040109d
:10a66000000000001400bf8f1000b08f0800e0034e
:10a670001800bd279710410f00000000908082afa6
:10a6800000a0083c948083af3c47099101000a2454
:10a69000c439497d3c4709a13c470b911d000c245e
:10a6a0000400198e1400bf8f1000b08f04308b7d12
:10a6b000039d0d3c9c80848f3c470ba18cc8a72533
:10a6c0000f0006243c470525080020031800bd277d
:10a6d000e8ffbd271000b0af258080001400bfaf99
:10a6e0004c11410f022104000f00033206106200da
:10a6f0000100443007008014049d053c8849b024c3
:10a700000800028e09f84000b480848f05004010d4
:10a71000000000001400bf8f1000b08f0800e0039d
:10a720001800bd279710410f00000000a88082afdd
:10a7300000a0083cac8083af4c47099101000a247b
:10a74000c439497d4c4709a14c470b911d000c248d
:10a750000400198e1400bf8f1000b08f04308b7d61
:10a76000039d0d3cb480848f4c470ba164caa72580
:10a770000f0006244c470525080020031800bd27bc
:10a78000e8ffbd271000b0af258080001400bfafe8
:10a790004c11410f022104000f0003320610620029
:10a7a0000100443007008014049d053c8849b02412
:10a7b0000800028e09f84000cc80848f050040100c
:10a7c000000000001400bf8f1000b08f0800e003ed
:10a7d0001800bd279710410f00000000c08082af15
:10a7e00000a0083cc48083af5c47099101000a24a3
:10a7f000c439497d5c4709a15c470b911d000c24bd
:10a800000400198e1400bf8f1000b08f04308b7db0
:10a81000039d0d3ccc80848f5c470ba13ccca725cd
:10a820000f0006245c470525080020031800bd27fb
:10a83000e8ffbd271000b0af258080001400bfaf37
:10a840004c11410f022104000f0003320610620078
:10a850000100443007008014049d053c8849b02461
:10a860000800028e09f84000e480848f0500401043
:10a87000000000001400bf8f1000b08f0800e0033c
:10a880001800bd279710410f00000000d88082af4c
:10a8900000a0083cdc8083af6c47099101000a24ca
:10a8a000c439497d6c4709a16c470b911d000c24ec
:10a8b0000400198e1400bf8f1000b08f04308b7d00
:10a8c000039d0d3ce480848f6c470ba114cea7251b
:10a8d0000f0006246c470525080020031800bd273b
:10a8e000e8ffbd271000b0af258080001400bfaf87
:10a8f0004c11410f022104000f00033206106200c8
:10a900000100443007008014049d053ca049b02498
:10a910000800028e09f84000fc80848f050040107a
:10a92000000000001400bf8f1000b08f0800e0038b
:10a930001800bd279710410f00000000f08082af83
:10a9400000a0083cf48083af7c47099101000a24f1
:10a95000c439497d7c4709a17c470b911d000c241b
:10a960000400198e1400bf8f1000b08f04308b7d4f
:10a97000039d0d3cfc80848f7c470ba1eccfa72569
:10a980000f0006247c470525080020031800bd277a
:10a99000e8ffbd271000b0af258080001400bfafd6
:10a9a0004c11410f022104000f0003320610620017
:10a9b0000100443007008014049d053ca049b024e8
:10a9c0000800028e09f840001481848f05004010b1
:10a9d000000000001400bf8f1000b08f0800e003db
:10a9e0001800bd279710410f00000000088182afba
:10a9f00000a0083c0c8183af8c47099101000a2418
:10aa0000c439497d8c4709a18c470b911d000c244a
:10aa10000400198e1400bf8f1000b08f04308b7d9e
:10aa2000039d0d3c1481848f8c470ba1c4d1a725b5
:10aa30000f0006248c470525080020031800bd27b9
:10aa4000e8ffbd271000b0af258080001400bfaf25
:10aa50004c11410f022104000f0003320610620066
:10aa60000100443007008014049d053ca049b02437
:10aa70000800028e09f840002c81848f05004010e8
:10aa8000000000001400bf8f1000b08f0800e0032a
:10aa90001800bd279710410f00000000208182aff1
:10aaa00000a0083c248183af9c47099101000a243f
:10aab000c439497d9c4709a19c470b911d000c247a
:10aac0000400198e1400bf8f1000b08f04308b7dee
:10aad000039d0d3c2c81848f9c470ba19cd3a72503
:10aae0000f0006249c470525080020031800bd27f9
:10aaf000e8ffbd271000b0af258080001400bfaf75
:10ab00004c11410f022104000f00033206106200b5
:10ab10000100443007008014049d053ca049b02486
:10ab20000800028e09f840004481848f050040101f
:10ab3000000000001400bf8f1000b08f0800e00379
:10ab40001800bd279710410f00000000388182af28
:10ab500000a0083c3c8183afac47099101000a2466
:10ab6000c439497dac4709a1ac470b911d000c24a9
:10ab70000400198e1400bf8f1000b08f04308b7d3d
:10ab8000039d0d3c4481848fac470ba174d5a72550
:10ab90000f000624ac470525080020031800bd2738
:10aba000e8ffbd271000b0af258080001400bfafc4
:10abb0004c11410f022104000f0003320610620005
:10abc0000100443007008014049d053c7c49b024fa
:10abd0000800028e09f840005c81848f0500401057
:10abe000000000001400bf8f1000b08f0800e003c9
:10abf0001800bd279710410f00000000508182af60
:10ac000000a0083c548183afbc47099101000a248d
:10ac1000c439497dbc4709a1bc470b911d000c24d8
:10ac20000400198e1400bf8f1000b08f04308b7d8c
:10ac3000039d0d3c5c81848fbc470ba14cd7a7259d
:10ac40000f000624bc470525080020031800bd2777
:10ac5000e8ffbd271000b0af258080001400bfaf13
:10ac60004c11410f022104000f0003320610620054
:10ac70000100443007008014049d053c7c49b02449
:10ac80000800028e09f840007481848f050040108e
:10ac9000000000001400bf8f1000b08f0800e00318
:10aca0001800bd279710410f00000000688182af97
:10acb00000a0083c6c8183afcc47099101000a24b5
:10acc000c439497dcc4709a1cc470b911d000c2408
:10acd0000400198e1400bf8f1000b08f04308b7ddc
:10ace000039d0d3c7481848fcc470ba124d9a725eb
:10acf0000f000624cc470525080020031800bd27b7
:10ad0000e8ffbd271000b0af258080001400bfaf62
:10ad10004c11410f022104000f00033206106200a3
:10ad20000100443007008014049d053c7c49b02498
:10ad30000800028e09f840008c81848f05004010c5
:10ad4000000000001400bf8f1000b08f0800e00367
:10ad50001800bd279710410f00000000808182afce
:10ad600000a0083c848183afdc47099101000a24dc
:10ad7000c439497ddc4709a1dc470b911d000c2437
:10ad80000400198e1400bf8f1000b08f04308b7d2b
:10ad9000039d0d3c8c81848fdc470ba1fcdaa72539
:10ada0000f000624dc470525080020031800bd27f6
:10adb000e8ffbd271000b0af258080001400bfafb2
:10adc0004c11410f022104000f00033206106200f3
:10add0000100443007008014049d053c9449b024d0
:10ade0000800028e09f84000a481848f05004010fd
:10adf000000000001400bf8f1000b08f0800e003b7
:10ae00001800bd279710410f00000000988182af05
:10ae100000a0083c9c8183afec47099101000a2403
:10ae2000c439497dec4709a1ec470b911d000c2466
:10ae30000400198e1400bf8f1000b08f04308b7d7a
:10ae4000039d0d3ca481848fec470ba1d4dca72586
:10ae50000f000624ec470525080020031800bd2735
:10ae6000e8ffbd271000b0af258080001400bfaf01
:10ae70004c11410f022104000f0003320610620042
:10ae80000100443007008014049d053c7c49b02437
:10ae90000800028e09f84000bc81848f0500401034
:10aea000000000001400bf8f1000b08f0800e00306
:10aeb0001800bd279710410f00000000b08182af3d
:10aec00000a0083cb48183affc47099101000a242b
:10aed000c439497dfc4709a1fc470b911d000c2496
:10aee0000400198e1400bf8f1000b08f04308b7dca
:10aef000039d0d3cbc81848ffc470ba1acdea725d4
:10af00000f000624fc470525080020031800bd2774
:10af1000e8ffbd271000b0af258080001400bfaf50
:10af20004c11410f022104000f0003320610620091
:10af30000100443007008014049d053c9449b0246e
:10af40000800028e09f84000d481848f050040106b
:10af5000000000001400bf8f1000b08f0800e00355
:10af60001800bd279710410f00000000c88182af74
:10af700000a0083ccc8183af0c48099101000a2451
:10af8000c439497d0c4809a10c480b911d000c24c3
:10af90000400198e1400bf8f1000b08f04308b7d19
:10afa000039d0d3cd481848f0c480ba184e0a72520
:10afb0000f0006240c480525080020031800bd27b3
:10afc000e8ffbd271000b0af258080001400bfafa0
:10afd0004c11410f022104000f00033206106200e1
:10afe0000100443007008014049d053c9449b024be
:10aff0000800028e09f84000ec81848f05004010a3
:10b00000000000001400bf8f1000b08f0800e003a4
:10b010001800bd279710410f00000000e08182afab
:10b0200000a0083ce48183af1c48099101000a2478
:10b03000c439497d1c4809a11c480b911d000c24f2
:10b040000400198e1400bf8f1000b08f04308b7d68
:10b05000039d0d3cec81848f1c480ba15ce2a7256d
:10b060000f0006241c480525080020031800bd27f2
:10b07000e8ffbd271000b0af258080001400bfafef
:10b080004c11410f022104000f0003320610620030
:10b090000100443007008014049d053cac49b024f5
:10b0a0000800028e09f840000482848f05004010d9
:10b0b000000000001400bf8f1000b08f0800e003f4
:10b0c0001800bd279710410f00000000f88182afe3
:10b0d00000a0083cfc8183af2c48099101000a24a0
:10b0e000c439497d2c4809a12c480b911d000c2422
:10b0f0000400198e1400bf8f1000b08f04308b7db8
:10b10000039d0d3c0482848f2c480ba134e4a725b9
:10b110000f0006242c480525080020031800bd2731
:10b12000e8ffbd271000b0af258080001400bfaf3e
:10b130004c11410f022104000f000332061062007f
:10b140000100443007008014049d053cac49b02444
:10b150000800028e09f840001c82848f0500401010
:10b16000000000001400bf8f1000b08f0800e00343
:10b170001800bd279710410f00000000108282af19
:10b1800000a0083c148283af3c48099101000a24c6
:10b19000c439497d3c4809a13c480b911d000c2451
:10b1a0000400198e1400bf8f1000b08f04308b7d07
:10b1b000039d0d3c1c82848f3c480ba10ce6a72507
:10b1c0000f0006243c480525080020031800bd2771
:10b1d000e8ffbd271000b0af258080001400bfaf8e
:10b1e0004c11410f022104000f00033206106200cf
:10b1f0000100443007008014049d053cac49b02494
:10b200000800028e09f840003482848f0500401047
:10b21000000000001400bf8f1000b08f0800e00392
:10b220001800bd279710410f00000000288282af50
:10b2300000a0083c2c8283af4c48099101000a24ed
:10b24000c439497d4c4809a14c480b911d000c2480
:10b250000400198e1400bf8f1000b08f04308b7d56
:10b26000039d0d3c3482848f4c480ba1e4e7a72555
:10b270000f0006244c480525080020031800bd27b0
:10b28000e8ffbd271000b0af258080001400bfafdd
:10b290004c11410f022104000f000332061062001e
:10b2a0000100443007008014049d053cac49b024e3
:10b2b0000800028e09f840004c82848f050040107f
:10b2c000000000001400bf8f1000b08f0800e003e2
:10b2d0001800bd279710410f00000000408282af88
:10b2e00000a0083c448283af5c48099101000a2415
:10b2f000c439497d5c4809a15c480b911d000c24b0
:10b300000400198e1400bf8f1000b08f04308b7da5
:10b31000039d0d3c4c82848f5c480ba1bce9a725a2
:10b320000f0006245c480525080020031800bd27ef
:10b33000e8ffbd271000b0af258080001400bfaf2c
:10b340004c11410f022104000f000332061062006d
:10b350000100443007008014049d053c8849b02456
:10b360000800028e09f840006482848f05004010b6
:10b37000000000001400bf8f1000b08f0800e00331
:10b380001800bd279710410f00000000588282afbf
:10b3900000a0083c5c8283af6c48099101000a243c
:10b3a000c439497d6c4809a16c480b911d000c24df
:10b3b0000400198e1400bf8f1000b08f04308b7df5
:10b3c000039d0d3c6482848f6c480ba194eba725f0
:10b3d0000f0006246c480525080020031800bd272f
:020000040000fa
:020000041d03da
:10b3e00082bf033c1012628ce8ffbd274001447c01
:10b3f0000c0080141400bfafac82868f2012678cc3
:10b40000a082888f010005252148c800a08285af51
:10b41000000027a110126a8c40014b7df7ff6011dc
:10b42000000000002a0f410f8f000424a0828c8f9f
:10b43000a8828d8f2b708d010800c015b0828f8f70
:10b44000ffff18240800f815a482998f0400201328
:10b450001400bf8f080020031800bd271400bf8f01
:10b460000800e0031800bd270f00f93101001f2478
:10b4700004283f03c710410f02210f00a482998fb7
:10b48000f4ff20171400bf8ff5ff0010000000002c
:020000040000fa
:020000041d03da
:10b4900082bf033c1018628ce8ffbd274001447c4a
:10b4a0000c0080141400bfafd082868f2018678ce8
:10b4b000c482888f010005252148c800c48285af59
:10b4c000000027a110186a8c40014b7df7ff601126
:10b4d000000000002a0f410fb1000424c4828c8fa9
:10b4e000cc828d8f2b708d010800c015d4828f8f78
:10b4f000ffff18240800f815c882998f0400201354
:10b500001400bf8f080020031800bd271400bf8f50
:10b510000800e0031800bd270f00f93101001f24c7
:10b5200004283f03c710410f02210f00c882998fe2
:10b53000f4ff20171400bf8ff5ff0010000000007b
:020000040000fa
:020000041d03da
:10b54000f082828fe8ffbd271400bfaf100040a03b
:10b55000f082838f0c00648c060080100880073c0a
:10b56000f082858f0c00a68c09f8c0000000000056
:10b570000880073cf08280afccaae8241000099133
:10b58000ff002a310f00401525c8000024000b9150
:10b59000ff006c310b0080150100192438000d915b
:10b5a000ff00ae310700c015020019244c000f91b6
:10b5b000ff00f8310c0000171400bf8f0800e003f3
:10b5c0001800bd2780f819002110f9038018020027
:10b5d0001400bf8f2120030197fe400b1800bd27e8
:10b5e000f8ff001002001924f6ff001003001924d0
:10b5f000fc82828fe8ffbd271400bfaf100040a07f
:10b60000fc82838f0c00648c060080100880073c4d
:10b61000fc82858f0c00a68c09f8c0000000000099
:10b620000880073cfc8280af1cabe8241000099125
:10b63000ff002a310f00401525c8000024000b919f
:10b64000ff006c310b0080150100192438000d91aa
:10b65000ff00ae310700c015020019244c000f9105
:10b66000ff00f8310c0000171400bf8f0800e00342
:10b670001800bd2780f819002110f9038018020076
:10b680001400bf8f21200301b8fe400b1800bd2716
:10b69000f8ff001002001924f6ff0010030019241f
:10b6a0000883828fe8ffbd271400bfaf100040a0c1
:10b6b0000883838f0c00648c060080100880073c90
:10b6c0000883858f0c00a68c09f8c00000000000dc
:10b6d0000880073c088380af6cabe8241000099118
:10b6e000ff002a310f00401525c8000024000b91ef
:10b6f000ff006c310b0080150100192438000d91fa
:10b70000ff00ae310700c015020019244c000f9154
:10b71000ff00f8310c0000171400bf8f0800e00391
:10b720001800bd2780f819002110f90380180200c5
:10b730001400bf8f21200301d9fe400b1800bd2744
:10b74000f8ff001002001924f6ff0010030019246e
:10b750001483828fe8ffbd271400bfaf100040a004
:10b760001483838f0c00648c060080100880073cd3
:10b770001483858f0c00a68c09f8c000000000001f
:10b780000880073c148380afbcabe824100009910b
:10b79000ff002a310f00401525c8000024000b913e
:10b7a000ff006c310b0080150100192438000d9149
:10b7b000ff00ae310700c015020019244c000f91a4
:10b7c000ff00f8310c0000171400bf8f0800e003e1
:10b7d0001800bd2780f819002110f9038018020015
:10b7e0001400bf8f21200301fafe400b1800bd2773
:10b7f000f8ff001002001924f6ff001003001924be
:10b800002083828fe8ffbd271400bfaf100040a047
:10b810002083838f0c00648c060080100880073c16
:10b820002083858f0c00a68c09f8c0000000000062
:10b830000880073c208380af0cace82410000991fd
:10b84000ff002a310f00401525c8000024000b918d
:10b85000ff006c310b0080150100192438000d9198
:10b86000ff00ae310700c015020019244c000f91f3
:10b87000ff00f8310c0000171400bf8f0800e00330
:10b880001800bd2780f819002110f9038018020064
:10b890001400bf8f212003011bff400b1800bd27a0
:10b8a000f8ff001002001924f6ff0010030019240d
:020000040000fa
:020000041d03da
:10b8b000e0ffbd271400b0af258080000000848c1d
:10b8c0001c00bfafa112410f1800b1af019d053c94
:10b8d00025884000b0a4a524fee4400f25204000a8
:10b8e00025202002d50e410f25884000130022128a
:10b8f0000000048ea112410f00000000019d033cd6
:10b9000098a66524e00e410f480144240500401428
:10b910001c00bf8f1800b18f1400b08f0800e00327
:10b920002000bd270000048e1800b18f1400b08fd6
:10b93000252800007ace400b2000bd277ace400f8c
:10b94000010005241c00bf8f010002241800b18fe4
:10b95000040002a21400b08f0800e0032000bd27fd
:020000040000fa
:020000041d03da
:10b9600078ffbd278000b2af7c00b1af7800b0afe8
:10b970008400bfaf258080002588a0002590c000ee
:10b980001c00a0af5400a4af2000a4af04008004aa
:10b99000ffff0224ff7f023cffff423421108200a0
:10b9a000252800001800a427010f410f5800a2af5e
:10b9b0009800a28f9c00a38f1800a4271000a2afac
:10b9c0001400a3af01000624a557400f252840020c
:10b9d00008002012252060005800a58f5400a38f76
:10b9e000231865006c00a58f2118650021800302d3
:10b9f000000030ae8400bf8f8000b28f7c00b18f1a
:10ba00007800b08f251880000800e0038800bd276b
:020000040000fa
:020000041d03da
:10ba10005000828ce8ffbd271000b0af1400bfaf0c
:10ba20000b004010258080005400838c2a10620097
:10ba300007004014000000004c0000aeffff02248d
:10ba40001400bf8f1000b08f0800e0031800bd275e
:10ba50008e08410f25200002f8ff42044c0000ae82
:10ba60004000038e5000048e3c00058e08008010bc
:10ba7000253860005400068e2320860023306500a0
:10ba80002a30c4000200c014ffff84242138a4001f
:10ba9000060060104c0007ae5400048e23186500a9
:10baa0000100632421188300540003aeffffa3901c
:10bab000e3ff6254ffffa2a0e2ff00101400bf8f5b
:020000040000fa
:020000041d03da
:10bac000f8ffbd270800acf70c00a38f0055627c7f
:10bad00033044428170080100800a0d700108044c9
:10bae0000010e044326022461200014500000000d0
:10baf000039d043c11006104303f84d4016024465e
:10bb00004660204600002446ff0342280f004010f4
:10bb1000010021460000a0f70800a0af0400610466
:10bb20000c00a0af039d023c283f40d40800a0f7c2
:10bb30000800a0d70800e0030800bd270800a1d72f
:10bb400000002446f0ff0010010024460800a1d7a1
:10bb50003c11204640082046f5ff04450800a1f7a7
:10bb6000039d023cb03e40d4f0ff00100108204687
:020000040000fa
:020000041d03da
:10bb700099aa033c6655053c80bf023c5566642487
:10bb8000aa99a634300040ac300044ac300046ac3a
:10bb90000000478c01000a240463077c000047acc6
:10bba000400040ac500040ac600040ac700040ac85
:10bbb000800040ac900040aca00040ac0000488c3d
:10bbc000020009240463487d000048ac00134b9434
:10bbd0003333183c04302b7d00134ba410134c94ca
:10bbe0003333192704302c7d10134ca420134d94ab
:10bbf00004302d7d20134da440134e9404302e7d2f
:10bc000040134ea470134f9404302f7d70134fa433
:0cbc1000300059ac0800e0030000000008
:020000040000fa
:020000041d03da
:10bc1c000f00823001000324022104000800a0144c
:10bc2c000430430086bf073c002204008800e8244f
:10bc3c0021480401000026ad0800e00300000000cc
:10bc4c000700a310020007241800a7100300082403
:10bc5c000d00a81086bf093c0800e003000000009e
:10bc6c0086bf0e3c007a04008800d825a400d92594
:10bc7c0021100f0321182f03000046ac000066ac06
:10bc8c000800e00300000000005204008800252595
:10bc9c00a8002b252160aa0021686a01000086ad4e
:10bcac000000a6ad0800e0030000000086bf093cc0
:0cbcbc0000520400f6ff00108400252553
:020000040000fa
:020000041d03da
:10bcc800e0ffbd2786bf023c1800b2af9001528c3e
:10bcd8008001438c1400b1af81bf043c8000053c57
:10bce8000880113c2001428c1000b0af1c00bfaf8f
:10bcf80024904302740085ac0200102458a8312611
:10bd0800403010002138d000804007000a20287eeb
:10bd1800214828020f008b3001000c2404002a8dd2
:10bd280004686c01070040112470b2010600c0517c
:10bd3800010010260800258d04002f8d09f8e00168
:10bd4800000000000100102605001824edff181659
:10bd5800403010001c00bf8f1800b28f1400b18f44
:0cbd68001000b08f0800e0032000bd2791
:020000040000fa
:020000041d03da
:10bd7400e0ffbd2786bf023c1800b2af9007528c8b
:10bd84008007438c1400b1af81bf043c0020053c04
:10bd94000880113c2007428c1000b0af1c00bfafdc
:10bda40024904302740085ac0700102458a831265f
:10bdb400403010002138d000804007000a20287e3f
:10bdc400214828020f008b3001000c2404002a8d26
:10bdd40004686c01070040112470b2010600c051d0
:10bde400010010260800258d04002f8d09f8e001bc
:10bdf400000000000100102611001824edff1816a1
:10be0400403010001c00bf8f1800b28f1400b18f97
:0cbe14001000b08f0800e0032000bd27e4
:020000040000fa
:020000041d03da
:10be2000e0ffbd2786bf023c1800b2af9008528cdd
:10be30008008438c1400b1af81bf043c0040053c36
:10be40000880113c2008428c1000b0af1c00bfaf2e
:10be500024904302740085ac1100102458a83126a8
:10be6000403010002138d000804007000a20287e92
:10be7000214828020f008b3001000c2404002a8d79
:10be800004686c01070040112470b2010600c05123
:10be9000010010260800258d04002f8d09f8e0010f
:10bea000000000000100102614001824edff1816f1
:10beb000403010001c00bf8f1800b28f1400b18feb
:0cbec0001000b08f0800e0032000bd2738
:020000040000fa
:020000041d03da
:10becc000f0080140880023c0e0003240e00a31007
:10bedc005cac478c0f0006241c00a6100d000d2432
:10beec000700ad145cac4e242000d98d0400201347
:10befc00253000002400c78d08002003080005240d
:10bf0c000800e003000000000000c4902000853011
:10bf1c000c00a050010005240100c8900200092d5e
:10bf2c00060020155cac4524e0ff0a2504004b2dcf
:10bf3c0004006011010005245cac4524d7f0400bd3
:10bf4c00252000007eff400b2520e0005cac4c243b
:10bf5c002000998deaff2013253000002400878de6
:08bf6c00080020030700052472
:020000040000fa
:020000041d03da
:10bf74000000a38c0200662c1700c014251080005a
:10bf84000200042411006454000040ac3800a2c430
:10bf94003c00a1c43400a0c480110246c00901467b
:10bfa400000200462c00a5c43000a4c42800a3c489
:10bfb40040320546803a0446c0420346040049e440
:10bfc40008004ae40800e00300004be4040040ac2d
:10bfd4000800e003080040ac3800acc43c00adc429
:10bfe4003400aec4c0630c46006c0d4640740e466b
:10bff4002c00b2c43000b3c42800b5c4c1950f46a8
:10c00400419e1046c1ae1146040097e4080099e42d
:08c014000800e00300009be4ba
:020000040000fa
:020000041d03da
:10c01c0090828227020048900000479001004990ce
:10c02c00060046900400459005004390029d043c98
:10c03c00acd18c248010030080680800807007004d
:10c04c008078090080c0060080c805000a408d7dfc
:10c05c000a388e7d0a488f7d0a30987d0a28997d92
:10c06c0000a00b3c00a00a3c0a60827d18474325c7
:10c07c0000476425184740ad004769ad040088ac03
:10c08c00080087ac0c008cac100086ac140085ac9e
:10c09c00040060ac080060ac0c0060ac100060ac3c
:10c0ac00140060ac180060ac1c0060ac200060a4f4
:08c0bc000800e003220060a06f
:020000040000fa
:020000041d03da
:10c0c400e8ffbd271000b0af82bf103c1020028ee5
:10c0d400010043301e0060141400bfaf1020048e12
:10c0e4004000857c0600a0100180083c1020078ecb
:10c0f400308385a34408077c102007ae0180083ce8
:10c104000cb3092508002a8d0c002b8d2b604b01e4
:10c11400090080110000000004002e8d0c002f8dfa
:10c124001400bf8f21c04e011000b08f23100f03e5
:10c134000800e0031800bd270c002d8d1400bf8fec
:10c144001000b08f23104d010800e0031800bd2734
:10c154000c0f410f71000424200f410f71000424bf
:08c16400deff001000000000e6
:020000040000fa
:020000041d03da
:10c16c00e0ffbd271800b1af258880002520a00076
:10c17c001400b0af1c00bfafa007410f2580a0007a
:10c18c0006004010252820021c00bf8f1800b18f1c
:10c19c001400b08f0800e0032000bd27a7e8400f73
:10c1ac0025200002f9ff40141c00bf8fcc07410f63
:10c1bc0025200002f5ff40141c00bf8f040025262b
:10c1cc00a7e8400f25200002f0ff40141c00bf8f91
:10c1dc00cc07410f25200002ecff40141c00bf8f40
:10c1ec0008002526a7e8400f25200002e7ff401491
:10c1fc001c00bf8f1800b18f252000021400b08fd7
:08c20c00b607410b2000bd271d
:020000040000fa
:020000041d03da
:10c21400e0ffbd271400b0af8080908f3401042468
:10c22400021004721800b1af0880113c24a7312613
:10c23400212051005800858c010003241c00bfaf4d
:10c244000d00a010020083a0010007240d00a71018
:10c2540034010824024808721c00bf8f21503101a8
:10c264001400b08f1800b18f6400448d2000bd27e6
:10c274002a0f410b020040a15d008690f5ffc0101b
:10c2840034010824a88a400f000000003401082467
:10c29400024808721c00bf8f215031011400b08f76
:10c2a4001800b18f6400448d2000bd272a0f410b74
:04c2b400020040a1a3
:020000040000fa
:020000041d03da
:10c2b800ffff8224feff432c2400601000000000d2
:10c2c800e40087902100e0102540c000f000899428
:10c2d800e8ffbd271400bfaf64008624640085ac66
:10c2e8000f002811680088ac2b2809010400a05011
:10c2f800f4008c8c01000a2474008aacf4008c8c45
:10c308001c00848c3800828d09f8400080000524c8
:10c318001400bf8f251000000800e0031800bd2797
:10c32800f4008c8c02000b2474008bac3800828dd6
:10c338001c00848c09f84000800005241400bf8f7d
:10c34800251000000800e0031800bd270800e003de
:04c358008bff022431
:020000040000fa
:020000041d03da
:10c35c000100c29022000324200043102300472c2c
:10c36c000c00e010230008242000062413004610c3
:10c37c00210009240a0049540000a48c2000b98c27
:10c38c0014002013253000002400a78c0800200383
:10c39c0001000524040048502000b98c0000a48c36
:10c3ac007eff400b010005240a0020130200c62466
:10c3bc002400a78c08002003030005242000b98c5e
:10c3cc0004002013253000002400a78c0800200353
:10c3dc00252800000800e003000000002000b98cb4
:10c3ec00fcff20130200c6242400a78c08002003a5
:04c3fc000200052412
:020000040000fa
:020000041d03da
:10c40000e0ffbd271c00bfaf1800b2af1400b1aff2
:10c410001912410f1000b0af7500042425804000b0
:10c420002a0f410f82bf113c500030ae9710410fd0
:10c4300000000000d02052242b10420208000010ff
:10c44000218043009710410f000000002b200302c1
:10c4500007008014000000000e0070102b1842022c
:10c46000df0f410f75000424f6ff401000000000ac
:10c470001000258e1c00bf8fc003a67c1800b28f51
:10c480001400b18f1000b08f0100c2380800e00323
:10c490002000bd27f2ff601000000000f4ff001034
:04c4a0000000000098
:020000040000fa
:020000041d03da
:10c4a400e0ffbd271c00bfaf1800b2af1400b1af4e
:10c4b4005912410f1000b0af7500042425804000cc
:10c4c4002a0f410f82bf113c500030ae9710410f2c
:10c4d40000000000d02052242b104202080000105b
:10c4e400218043009710410f000000002b2003021d
:10c4f40007008014000000000e0070102b18420288
:10c50400df0f410f75000424f6ff40100000000007
:10c514001000258e1c00bf8fc003a67c1800b28fac
:10c524001400b18f1000b08f0100c2380800e0037e
:10c534002000bd27f2ff601000000000f4ff00108f
:04c5440000000000f3
:020000040000fa
:020000041d03da
:10c54800e0ffbd271c00bfaf1800b2af1400b1afa9
:10c558001912410f1000b0af960004242580400046
:10c568002a0f410f82bf113c500230ae9710410f85
:10c5780000000000d02052242b10420208000010b6
:10c58800218043009710410f000000002b20030278
:10c5980007008014000000000e0070102b184202e3
:10c5a800df0f410f96000424f6ff40100000000042
:10c5b8001002258e1c00bf8fc003a67c1800b28f06
:10c5c8001400b18f1000b08f0100c2380800e003da
:10c5d8002000bd27f2ff601000000000f4ff0010eb
:04c5e800000000004f
:020000040000fa
:020000041d03da
:10c5ec00e0ffbd271c00bfaf1800b2af1400b1af05
:10c5fc005912410f1000b0af960004242580400062
:10c60c002a0f410f82bf113c500230ae9710410fe0
:10c61c0000000000d02052242b1042020800001011
:10c62c00218043009710410f000000002b200302d3
:10c63c0007008014000000000e0070102b1842023e
:10c64c00df0f410f96000424f6ff4010000000009d
:10c65c001002258e1c00bf8fc003a67c1800b28f61
:10c66c001400b18f1000b08f0100c2380800e00335
:10c67c002000bd27f2ff601000000000f4ff001046
:04c68c0000000000aa
:020000040000fa
:020000041d03da
:10c69000e0ffbd271c00bfaf1800b2af1400b1af60
:10c6a0001912410f1000b0afa200042425804000f1
:10c6b0002a0f410f82bf113c500430ae9710410f3a
:10c6c00000000000d02052242b104202080000106d
:10c6d000218043009710410f000000002b2003022f
:10c6e00007008014000000000e0070102b1842029a
:10c6f000df0f410fa2000424f6ff401000000000ed
:10c700001004258e1c00bf8fc003a67c1800b28fba
:10c710001400b18f1000b08f0100c2380800e00390
:10c720002000bd27f2ff601000000000f4ff0010a1
:04c730000000000005
:020000040000fa
:020000041d03da
:10c73400e0ffbd271c00bfaf1800b2af1400b1afbb
:10c744005912410f1000b0afa2000424258040000c
:10c754002a0f410f82bf113c500430ae9710410f95
:10c7640000000000d02052242b10420208000010c8
:10c77400218043009710410f000000002b2003028a
:10c7840007008014000000000e0070102b184202f5
:10c79400df0f410fa2000424f6ff40100000000048
:10c7a4001004258e1c00bf8fc003a67c1800b28f16
:10c7b4001400b18f1000b08f0100c2380800e003ec
:10c7c4002000bd27f2ff601000000000f4ff0010fd
:04c7d4000000000061
:020000040000fa
:020000041d03da
:10c7d800e0ffbd271c00bfaf1800b2af1400b1af17
:10c7e8001912410f1000b0afaf000424258040009b
:10c7f8002a0f410f82bf113c500630ae9710410fef
:10c8080000000000d02052242b1042020800001023
:10c81800218043009710410f000000002b200302e5
:10c8280007008014000000000e0070102b18420250
:10c83800df0f410faf000424f6ff40100000000096
:10c848001006258e1c00bf8fc003a67c1800b28f6f
:10c858001400b18f1000b08f0100c2380800e00347
:10c868002000bd27f2ff601000000000f4ff001058
:04c8780000000000bc
:020000040000fa
:020000041d03da
:10c87c00e0ffbd271c00bfaf1800b2af1400b1af72
:10c88c005912410f1000b0afaf00042425804000b6
:10c89c002a0f410f82bf113c500630ae9710410f4a
:10c8ac0000000000d02052242b104202080000107f
:10c8bc00218043009710410f000000002b20030241
:10c8cc0007008014000000000e0070102b184202ac
:10c8dc00df0f410faf000424f6ff401000000000f2
:10c8ec001006258e1c00bf8fc003a67c1800b28fcb
:10c8fc001400b18f1000b08f0100c2380800e003a3
:10c90c002000bd27f2ff601000000000f4ff0010b3
:04c91c000000000017
:020000040000fa
:020000041d03da
:10c92000e0ffbd271c00bfaf1800b2af1400b1afcd
:10c930001912410f1000b0afb80004242580400048
:10c940002a0f410f82bf113c500830ae9710410fa3
:10c9500000000000d02052242b10420208000010da
:10c96000218043009710410f000000002b2003029c
:10c9700007008014000000000e0070102b18420207
:10c98000df0f410fb8000424f6ff40100000000044
:10c990001008258e1c00bf8fc003a67c1800b28f24
:10c9a0001400b18f1000b08f0100c2380800e003fe
:10c9b0002000bd27f2ff601000000000f4ff00100f
:04c9c0000000000073
:020000040000fa
:020000041d03da
:10c9c400e0ffbd271c00bfaf1800b2af1400b1af29
:10c9d4005912410f1000b0afb80004242580400064
:10c9e4002a0f410f82bf113c500830ae9710410fff
:10c9f40000000000d02052242b1042020800001036
:10ca0400218043009710410f000000002b200302f7
:10ca140007008014000000000e0070102b18420262
:10ca2400df0f410fb8000424f6ff4010000000009f
:10ca34001008258e1c00bf8fc003a67c1800b28f7f
:10ca44001400b18f1000b08f0100c2380800e00359
:10ca54002000bd27f2ff601000000000f4ff00106a
:04ca640000000000ce
:020000040000fa
:020000041d03da
:10ca6800756c023cc8ffbd27286e42242000b0af79
:10ca78001800a2af2580c0006c2902242400b1afa1
:10ca88003400bfaf3000b4af2c00b3af2800b2af52
:10ca9800258880002530e0001c00a2a702000016af
:10caa8001e00a0a31800b0270400b28c0800b38ca5
:10cab8000400c0140000b48cd50e410f25200002dc
:10cac80025304000020040062b1046020b3042027f
:10cad8001000b4af2538600225280002ede1400fb0
:10cae800252020023400bf8f3000b48f2c00b38f74
:10caf8002800b28f2400b18f2000b08f0800e00317
:04cb08003800bd270d
:020000040000fa
:020000041d03da
:10cb0c005476053c81bf023c000403240004063c1f
:10cb1c00040008241400093c00140b3c00140a24e3
:10cb2c000400073c1032ad24001004241c000c3c03
:10cb3c00080044ac2570a00178014cacb80148ac9d
:10cb4c00080343ac180349ac18034bac28034aac9c
:10cb5c0028034bac38034aac380349ac580348acf7
:10cb6c00580343ac580347ac580346ac680343ac7a
:10cb7c00680346ac780343ac780346acb80347acc7
:10cb8c00b80346ac080443ac10004dac10004f8cfd
:10cb9c00feffee15000000000800e003000000009e
:020000040000fa
:020000041d03da
:10cbac000800838c0400868cd8ffbd2725108000dc
:10cbbc000200652c1400848c2400bfaf1000a2afbf
:10cbcc001d00a0141400a6affdff07241800671069
:10cbdc00fcff0824264868009fff0b24a0ff0a24b2
:10cbec000b584901006104002168840108800f3c46
:10cbfc0080700d005cacf82521c8d80138003f8f3f
:10cc0c002000228fffffe3271800abaf380023afc3
:10cc1c00040040101000a6272400278f09f84000bc
:10cc2c00050005242400bf8f0800e0032800bd2761
:10cc3c00ecff00109eff0b24eaff001025580000ab
:020000040000fa
:020000041d03da
:10cc4c000800838c0400868cd8ffbd27251080003b
:10cc5c000200652c1400848c2400bfaf1000a2af1e
:10cc6c001d00a0141400a6affdff072418006710c8
:10cc7c00fcff0824264868009fff0b24a0ff0a2411
:10cc8c000b584901006104002168840108800e3ca6
:10cc9c0080780d005cacd82521c80f0334003f8f81
:10ccac002000228fffffe3271800abaf340023af27
:10ccbc00040040101000a6272400278f09f840001c
:10cccc00040005242400bf8f0800e0032800bd27c2
:10ccdc00ecff00109eff0b24eaff0010255800000b
:020000040000fa
:020000041d03da
:10ccec0098808393b8ffbd27470002244400bfaf50
:10ccfc004000b1af070062103c00b0af010002244d
:10cd0c004400bf8f4000b18f3c00b08f0800e0039f
:10cd1c004800bd279710410f8000113c802c242621
:10cd2c00218844002b282202030000102180a3003c
:10cd3c000f0070102b382202eba4400f1000a42718
:10cd4c00f0ff40104400bf8f9710410f000000000f
:10cd5c002b300302f6ffc0104400bf8f02000224e8
:10cd6c004000b18f3c00b08f0800e0034800bd27a5
:10cd7c00f1ffe01002000224f9ff00104400bf8f05
:020000040000fa
:020000041d03da
:10cd8c00b0808393b8ffbd27470002244400bfaf97
:10cd9c004000b1af070062103c00b0af01000224ac
:10cdac004400bf8f4000b18f3c00b08f0800e003ff
:10cdbc004800bd279710410f8000113c802c242681
:10cdcc00218844002b282202030000102180a3009c
:10cddc000f0070102b3822026fa5400f1000a427f3
:10cdec00f0ff40104400bf8f9710410f000000006f
:10cdfc002b300302f6ffc0104400bf8f0200022448
:10ce0c004000b18f3c00b08f0800e0034800bd2704
:10ce1c00f1ffe01002000224f9ff00104400bf8f64
:020000040000fa
:020000041d03da
:10ce2c00c8808393b8ffbd27470002244400bfafde
:10ce3c004000b1af070062103c00b0af010002240b
:10ce4c004400bf8f4000b18f3c00b08f0800e0035e
:10ce5c004800bd279710410f8000113c802c2426e0
:10ce6c00218844002b282202030000102180a300fb
:10ce7c000f0070102b382202f3a5400f1000a427ce
:10ce8c00f0ff40104400bf8f9710410f00000000ce
:10ce9c002b300302f6ffc0104400bf8f02000224a7
:10ceac004000b18f3c00b08f0800e0034800bd2764
:10cebc00f1ffe01002000224f9ff00104400bf8fc4
:020000040000fa
:020000041d03da
:10cecc00e0808393b8ffbd27470002244400bfaf26
:10cedc004000b1af070062103c00b0af010002246b
:10ceec004400bf8f4000b18f3c00b08f0800e003be
:10cefc004800bd279710410f8000113c802c242640
:10cf0c00218844002b282202030000102180a3005a
:10cf1c000f0070102b38220277a6400f1000a427a8
:10cf2c00f0ff40104400bf8f9710410f000000002d
:10cf3c002b300302f6ffc0104400bf8f0200022406
:10cf4c004000b18f3c00b08f0800e0034800bd27c3
:10cf5c00f1ffe01002000224f9ff00104400bf8f23
:020000040000fa
:020000041d03da
:10cf6c00f8808393b8ffbd27470002244400bfaf6d
:10cf7c004000b1af070062103c00b0af01000224ca
:10cf8c004400bf8f4000b18f3c00b08f0800e0031d
:10cf9c004800bd279710410f8000113c802c24269f
:10cfac00218844002b282202030000102180a300ba
:10cfbc000f0070102b382202fba6400f1000a42784
:10cfcc00f0ff40104400bf8f9710410f000000008d
:10cfdc002b300302f6ffc0104400bf8f0200022466
:10cfec004000b18f3c00b08f0800e0034800bd2723
:10cffc00f1ffe01002000224f9ff00104400bf8f83
:020000040000fa
:020000041d03da
:10d00c0010818393b8ffbd27470002244400bfafb3
:10d01c004000b1af070062103c00b0af0100022429
:10d02c004400bf8f4000b18f3c00b08f0800e0037c
:10d03c004800bd279710410f8000113c802c2426fe
:10d04c00218844002b282202030000102180a30019
:10d05c000f0070102b3822027fa7400f1000a4275e
:10d06c00f0ff40104400bf8f9710410f00000000ec
:10d07c002b300302f6ffc0104400bf8f02000224c5
:10d08c004000b18f3c00b08f0800e0034800bd2782
:10d09c00f1ffe01002000224f9ff00104400bf8fe2
:020000040000fa
:020000041d03da
:10d0ac0028818393b8ffbd27470002244400bfaffb
:10d0bc004000b1af070062103c00b0af0100022489
:10d0cc004400bf8f4000b18f3c00b08f0800e003dc
:10d0dc004800bd279710410f8000113c802c24265e
:10d0ec00218844002b282202030000102180a30079
:10d0fc000f0070102b38220203a8400f1000a42739
:10d10c00f0ff40104400bf8f9710410f000000004b
:10d11c002b300302f6ffc0104400bf8f0200022424
:10d12c004000b18f3c00b08f0800e0034800bd27e1
:10d13c00f1ffe01002000224f9ff00104400bf8f41
:020000040000fa
:020000041d03da
:10d14c0040818393b8ffbd27470002244400bfaf42
:10d15c004000b1af070062103c00b0af01000224e8
:10d16c004400bf8f4000b18f3c00b08f0800e0033b
:10d17c004800bd279710410f8000113c802c2426bd
:10d18c00218844002b282202030000102180a300d8
:10d19c000f0070102b38220287a8400f1000a42714
:10d1ac00f0ff40104400bf8f9710410f00000000ab
:10d1bc002b300302f6ffc0104400bf8f0200022484
:10d1cc004000b18f3c00b08f0800e0034800bd2741
:10d1dc00f1ffe01002000224f9ff00104400bf8fa1
:020000040000fa
:020000041d03da
:10d1ec0058818393b8ffbd27470002244400bfaf8a
:10d1fc004000b1af070062103c00b0af0100022448
:10d20c004400bf8f4000b18f3c00b08f0800e0039a
:10d21c004800bd279710410f8000113c802c24261c
:10d22c00218844002b282202030000102180a30037
:10d23c000f0070102b3822020ba9400f1000a427ee
:10d24c00f0ff40104400bf8f9710410f000000000a
:10d25c002b300302f6ffc0104400bf8f02000224e3
:10d26c004000b18f3c00b08f0800e0034800bd27a0
:10d27c00f1ffe01002000224f9ff00104400bf8f00
:020000040000fa
:020000041d03da
:10d28c0070818393b8ffbd27470002244400bfafd1
:10d29c004000b1af070062103c00b0af01000224a7
:10d2ac004400bf8f4000b18f3c00b08f0800e003fa
:10d2bc004800bd279710410f8000113c802c24267c
:10d2cc00218844002b282202030000102180a30097
:10d2dc000f0070102b3822028fa9400f1000a427ca
:10d2ec00f0ff40104400bf8f9710410f000000006a
:10d2fc002b300302f6ffc0104400bf8f0200022443
:10d30c004000b18f3c00b08f0800e0034800bd27ff
:10d31c00f1ffe01002000224f9ff00104400bf8f5f
:020000040000fa
:020000041d03da
:10d32c0088818393b8ffbd27470002244400bfaf18
:10d33c004000b1af070062103c00b0af0100022406
:10d34c004400bf8f4000b18f3c00b08f0800e00359
:10d35c004800bd279710410f8000113c802c2426db
:10d36c00218844002b282202030000102180a300f6
:10d37c000f0070102b38220213aa400f1000a427a4
:10d38c00f0ff40104400bf8f9710410f00000000c9
:10d39c002b300302f6ffc0104400bf8f02000224a2
:10d3ac004000b18f3c00b08f0800e0034800bd275f
:10d3bc00f1ffe01002000224f9ff00104400bf8fbf
:020000040000fa
:020000041d03da
:10d3cc00a0818393b8ffbd27470002244400bfaf60
:10d3dc004000b1af070062103c00b0af0100022466
:10d3ec004400bf8f4000b18f3c00b08f0800e003b9
:10d3fc004800bd279710410f8000113c802c24263b
:10d40c00218844002b282202030000102180a30055
:10d41c000f0070102b38220297aa400f1000a4277f
:10d42c00f0ff40104400bf8f9710410f0000000028
:10d43c002b300302f6ffc0104400bf8f0200022401
:10d44c004000b18f3c00b08f0800e0034800bd27be
:10d45c00f1ffe01002000224f9ff00104400bf8f1e
:020000040000fa
:020000041d03da
:10d46c00b8818393b8ffbd27470002244400bfafa7
:10d47c004000b1af070062103c00b0af01000224c5
:10d48c004400bf8f4000b18f3c00b08f0800e00318
:10d49c004800bd279710410f8000113c802c24269a
:10d4ac00218844002b282202030000102180a300b5
:10d4bc000f0070102b3822021bab400f1000a4275a
:10d4cc00f0ff40104400bf8f9710410f0000000088
:10d4dc002b300302f6ffc0104400bf8f0200022461
:10d4ec004000b18f3c00b08f0800e0034800bd271e
:10d4fc00f1ffe01002000224f9ff00104400bf8f7e
:020000040000fa
:020000041d03da
:10d50c00d0818393b8ffbd27470002244400bfafee
:10d51c004000b1af070062103c00b0af0100022424
:10d52c004400bf8f4000b18f3c00b08f0800e00377
:10d53c004800bd279710410f8000113c802c2426f9
:10d54c00218844002b282202030000102180a30014
:10d55c000f0070102b3822029fab400f1000a42735
:10d56c00f0ff40104400bf8f9710410f00000000e7
:10d57c002b300302f6ffc0104400bf8f02000224c0
:10d58c004000b18f3c00b08f0800e0034800bd277d
:10d59c00f1ffe01002000224f9ff00104400bf8fdd
:020000040000fa
:020000041d03da
:10d5ac00e8818393b8ffbd27470002244400bfaf36
:10d5bc004000b1af070062103c00b0af0100022484
:10d5cc004400bf8f4000b18f3c00b08f0800e003d7
:10d5dc004800bd279710410f8000113c802c242659
:10d5ec00218844002b282202030000102180a30074
:10d5fc000f0070102b38220223ac400f1000a42710
:10d60c00f0ff40104400bf8f9710410f0000000046
:10d61c002b300302f6ffc0104400bf8f020002241f
:10d62c004000b18f3c00b08f0800e0034800bd27dc
:10d63c00f1ffe01002000224f9ff00104400bf8f3c
:020000040000fa
:020000041d03da
:10d64c0000828393b8ffbd27470002244400bfaf7c
:10d65c004000b1af070062103c00b0af01000224e3
:10d66c004400bf8f4000b18f3c00b08f0800e00336
:10d67c004800bd279710410f8000113c802c2426b8
:10d68c00218844002b282202030000102180a300d3
:10d69c000f0070102b382202a7ac400f1000a427eb
:10d6ac00f0ff40104400bf8f9710410f00000000a6
:10d6bc002b300302f6ffc0104400bf8f020002247f
:10d6cc004000b18f3c00b08f0800e0034800bd273c
:10d6dc00f1ffe01002000224f9ff00104400bf8f9c
:020000040000fa
:020000041d03da
:10d6ec0018828393b8ffbd27470002244400bfafc4
:10d6fc004000b1af070062103c00b0af0100022443
:10d70c004400bf8f4000b18f3c00b08f0800e00395
:10d71c004800bd279710410f8000113c802c242617
:10d72c00218844002b282202030000102180a30032
:10d73c000f0070102b3822022bad400f1000a427c5
:10d74c00f0ff40104400bf8f9710410f0000000005
:10d75c002b300302f6ffc0104400bf8f02000224de
:10d76c004000b18f3c00b08f0800e0034800bd279b
:10d77c00f1ffe01002000224f9ff00104400bf8ffb
:020000040000fa
:020000041d03da
:10d78c0030828393b8ffbd27470002244400bfaf0b
:10d79c004000b1af070062103c00b0af01000224a2
:10d7ac004400bf8f4000b18f3c00b08f0800e003f5
:10d7bc004800bd279710410f8000113c802c242677
:10d7cc00218844002b282202030000102180a30092
:10d7dc000f0070102b382202afad400f1000a427a1
:10d7ec00f0ff40104400bf8f9710410f0000000065
:10d7fc002b300302f6ffc0104400bf8f020002243e
:10d80c004000b18f3c00b08f0800e0034800bd27fa
:10d81c00f1ffe01002000224f9ff00104400bf8f5a
:020000040000fa
:020000041d03da
:10d82c0048828393b8ffbd27470002244400bfaf52
:10d83c004000b1af070062103c00b0af0100022401
:10d84c004400bf8f4000b18f3c00b08f0800e00354
:10d85c004800bd279710410f8000113c802c2426d6
:10d86c00218844002b282202030000102180a300f1
:10d87c000f0070102b38220233ae400f1000a4277b
:10d88c00f0ff40104400bf8f9710410f00000000c4
:10d89c002b300302f6ffc0104400bf8f020002249d
:10d8ac004000b18f3c00b08f0800e0034800bd275a
:10d8bc00f1ffe01002000224f9ff00104400bf8fba
:020000040000fa
:020000041d03da
:10d8cc0060828393b8ffbd27470002244400bfaf9a
:10d8dc004000b1af070062103c00b0af0100022461
:10d8ec004400bf8f4000b18f3c00b08f0800e003b4
:10d8fc004800bd279710410f8000113c802c242636
:10d90c00218844002b282202030000102180a30050
:10d91c000f0070102b382202b7ae400f1000a42756
:10d92c00f0ff40104400bf8f9710410f0000000023
:10d93c002b300302f6ffc0104400bf8f02000224fc
:10d94c004000b18f3c00b08f0800e0034800bd27b9
:10d95c00f1ffe01002000224f9ff00104400bf8f19
:020000040000fa
:020000041d03da
:10d96c00e0ffbd271000b0af2580800075000424b7
:10d97c001c00bfaf1800b2af2a0f410f1400b1af9b
:10d98c0082bf113c500030ae9710410f00000000d8
:10d99c00d02052242b10420208000010218043009a
:10d9ac009710410f000000002b2003020700801489
:10d9bc00000000000e0070102b184202df0f410f08
:10d9cc0075000424f6ff4010000000001000258ea6
:10d9dc001c00bf8fc003a67c1800b28f1400b18f3f
:10d9ec001000b08f0100c2380800e0032000bd27f2
:10d9fc00f2ff601000000000f4ff001000000000b7
:020000040000fa
:020000041d03da
:10da0c00e0ffbd271000b0af2580800096000424f5
:10da1c001c00bfaf1800b2af2a0f410f1400b1affa
:10da2c0082bf113c500230ae9710410f0000000035
:10da3c00d02052242b1042020800001021804300f9
:10da4c009710410f000000002b20030207008014e8
:10da5c00000000000e0070102b184202df0f410f67
:10da6c0096000424f6ff4010000000001002258ee2
:10da7c001c00bf8fc003a67c1800b28f1400b18f9e
:10da8c001000b08f0100c2380800e0032000bd2751
:10da9c00f2ff601000000000f4ff00100000000016
:020000040000fa
:020000041d03da
:10daac00e0ffbd271000b0af25808000a200042449
:10dabc001c00bfaf1800b2af2a0f410f1400b1af5a
:10dacc0082bf113c500430ae9710410f0000000093
:10dadc00d02052242b104202080000102180430059
:10daec009710410f000000002b2003020700801448
:10dafc00000000000e0070102b184202df0f410fc7
:10db0c00a2000424f6ff4010000000001004258e33
:10db1c001c00bf8fc003a67c1800b28f1400b18ffd
:10db2c001000b08f0100c2380800e0032000bd27b0
:10db3c00f2ff601000000000f4ff00100000000075
:020000040000fa
:020000041d03da
:10db4c00e0ffbd271000b0af25808000af0004249b
:10db5c001c00bfaf1800b2af2a0f410f1400b1afb9
:10db6c0082bf113c500630ae9710410f00000000f0
:10db7c00d02052242b1042020800001021804300b8
:10db8c009710410f000000002b20030207008014a7
:10db9c00000000000e0070102b184202df0f410f26
:10dbac00af000424f6ff4010000000001006258e84
:10dbbc001c00bf8fc003a67c1800b28f1400b18f5d
:10dbcc001000b08f0100c2380800e0032000bd2710
:10dbdc00f2ff601000000000f4ff001000000000d5
:020000040000fa
:020000041d03da
:10dbec00e0ffbd271000b0af25808000b8000424f2
:10dbfc001c00bfaf1800b2af2a0f410f1400b1af19
:10dc0c0082bf113c500830ae9710410f000000004d
:10dc1c00d02052242b104202080000102180430017
:10dc2c009710410f000000002b2003020700801406
:10dc3c00000000000e0070102b184202df0f410f85
:10dc4c00b8000424f6ff4010000000001008258ed8
:10dc5c001c00bf8fc003a67c1800b28f1400b18fbc
:10dc6c001000b08f0100c2380800e0032000bd276f
:10dc7c00f2ff601000000000f4ff00100000000034
:020000040000fa
:020000041d03da
:10dc8c00e0ffbd271800b1af1400b0af1c00bfaf50
:10dc9c0025808000258800003c00028e4c00038efd
:10dcac002b18430017006010010043243c0003ae06
:10dcbc0000004290200003240d004310f7ff422483
:10dccc000500422cf4ff4054010031264c00028e1a
:10dcdc00090040543c00028e1c00bf8f251020020e
:10dcec001400b08f1800b18f0800e0032000bd278e
:10dcfc00e9ff001001003126ffff4224f6ff00105f
:10dd0c003c0002ae84ee400f25200002ffff0324ee
:10dd1c00e8ff43141c00bf8ff1ff001025102002f8
:020000040000fa
:020000041d03da
:10dd2c000400828ce0ffbd27200042301800b2af07
:10dd3c001400b1af1000b0af1c00bfaf2580800045
:10dd4c002588a000090040102590c0001400828c8a
:10dd5c001800838c2b1062000d0040542c00828c18
:10dd6c00280000ae180000ae140000ae1c00bf8fdf
:10dd7c0025304002252820021800b28f1400b18fe4
:10dd8c00252000021000b08f6a0b410b2000bd272c
:10dd9c002530000009f84000252800001400028ef0
:10ddac00efff40141c00bf8f1800b28f1400b18f0e
:10ddbc001000b08fffff02240800e0032000bd27f5
:020000040000fa
:020000041d03da
:10ddcc00e8ffbd271400bfaf1000b0af0060624188
:10dddc00c0000000dcee400f000000008ebf023cd3
:10ddec000000438c030004240429837c000043ac12
:10ddfc000000468c040005240410a67c000046acf0
:10de0c0080bf073c0000e88c808090270429887c28
:10de1c000000e8ac517e400f00000000049d093c5e
:10de2c00e038252530e9400f25200000049d0a3cf0
:10de3c00e837452525200000c3d6400f000002ae70
:10de4c00c3f2400f040002ae206062411400bf8f89
:0cde5c001000b08f0800e0031800bd2784
:020000040000fa
:020000041d03da
:10de680081bf023c82bf033ce8ffbd278900042430
:10de7800001460ac1400bfaf401460ac101460ac68
:10de8800301460ace01140acf01140ac001240ac72
:10de9800101240ac201240ac301240ac401240ace2
:10dea800501240ac601240ac701240ac801240acd2
:10deb800901240aca01240acb01240acc01240acc2
:10dec800d01240ace01240acf01240ac001340acb1
:10ded800101340ac201340ac301340ac401340ac9e
:10dee800501340ac160f410f000000001400bf8f04
:0cdef800890004242a0f410b1800bd27ec
:020000040000fa
:020000041d03da
:10df040081bf023c82bf033ce8ffbd278b00042491
:10df1400001660ac1400bfaf401660ac101660acc5
:10df2400301660ac601340ac701340ac801340ac4e
:10df3400901340aca01340acb01340acc01340ac41
:10df4400d01340ace01340acf01340ac001440ac30
:10df5400101440ac201440ac301440ac401440ac1d
:10df6400501440ac601440ac701440ac801440ac0d
:10df7400901440aca01440acb01440acc01440acfd
:10df8400d01440ac160f410f000000001400bf8fe6
:0cdf94008b0004242a0f410b1800bd274d
:020000040000fa
:020000041d03da
:10dfa00081bf023c82bf033ce8ffbd278d000424f3
:10dfb000001a60ac1400bfaf401a60ac101a60ac1d
:10dfc000301a60ace01440acf01440ac001540ac2a
:10dfd000101540ac201540ac301540ac401540ac9d
:10dfe000501540ac601540ac701540ac801540ac8d
:10dff000901540aca01540acb01540acc01540ac7d
:10e00000d01540ace01540acf01540ac001640ac6b
:10e01000101640ac201640ac301640ac401640ac58
:10e02000501640ac160f410f000000001400bf8fc7
:0ce030008d0004242a0f410b1800bd27ae
:020000040000fa
:020000041d03da
:10e03c0081bf023ce8ffbd2782bf033c7100042472
:10e04c00002060ac1400bfaf102060ac201140acbd
:10e05c00301140ac401140ac501140ac601140aca0
:10e06c00701140ac801140ac901140aca01140ac90
:10e07c00b01140acc01140acd01140ac160f410fe8
:10e08c0000000000160f410f870004242a0f410fd7
:10e09c00710004242a0f410f870004240180043ce2
:10e0ac000cb385240800a68c0180073c0c00a6aca0
:10e0bc00fcb2e8240800098d1400bf8f308380a3c4
:0ce0cc000c0009ad0800e0031800bd279f
:020000040000fa
:020000041d03da
:10e0d8001c00c290e0ffbd271800b0af1c00bfaf06
:10e0e800140040102580a000bf05410f1000a6278e
:10e0f800040040101c00bf8f1800b08f0800e00318
:10e108002000bd271000a0c74d000046b0fd400ffd
:10e11800000804440e004014019d053cd306410f3d
:10e12800252000021c00bf8f1800b08f0800e003f4
:10e138002000bd271c00bf8f019d033c2520000245
:10e148001800b08f3ca46524ec0c410b2000bd27bf
:10e1580025200002ec0c410fa497a5241c00bf8fba
:0ce168001800b08f0800e0032000bd2765
:020000040000fa
:020000041d03da
:10e1740086bf023c9003438ce0ffbd278003448ca0
:10e184001400b0af81bf053c0002063c0880103c7f
:10e194002003428c1800b1af1c00bfaf2488640078
:10e1a4007400a6ac05000e2458a810260500072408
:10e1b4000600c7151c00bf8f3c00048e4000088e6b
:10e1c400060000150f0089301c00bf8f1800b18fa6
:10e1d4001400b08f0800e0032000bd2701000a24ca
:10e1e40004582a0124607101f8ff80111c00bf8fbc
:10e1f4004400058e40000d8e09f8a00100000000c7
:08e20400eaff001006000e24e1
:020000040000fa
:020000041d03da
:10e20c0086bf023c9005438ce0ffbd278005448c03
:10e21c001400b0af81bf053c0008063c0880103ce0
:10e22c002005428c1800b1af1c00bfaf24886400dd
:10e23c007400a6ac06000e2458a81026060007246d
:10e24c000600c7151c00bf8f4800048e4c00088eba
:10e25c00060000150f0089301c00bf8f1800b18f0d
:10e26c001400b08f0800e0032000bd2701000a2431
:10e27c0004582a0124607101f8ff80111c00bf8f23
:10e28c005000058e4c000d8e09f8a0010000000016
:08e29c00eaff001007000e2448
:020000040000fa
:020000041d03da
:10e2a400e8ffbd271400bfaf920c410f3d000424ca
:10e2b4002f000424920c410f808282af7500042445
:10e2c400920c410f7c8282af0a000424920c410f0d
:10e2d400788282af17000424920c410f748282afbb
:10e2e40069000424920c410f708282af84bf033c06
:10e2f400000a6494070005240431a47c2c800634ad
:10e30400000a64a4200a66ac000a67940100082489
:10e31400c47b077d1c0004246c8282af000a67a4be
:10e324002a0f410f000000001400bf8f1c000424ba
:08e334000c0f410b1800bd277e
:020000040000fa
:020000041d03da
:10e33c00d8ffbd271400b1af3800918c1c00b3afcf
:10e34c000001d3242000b4af1800b2af1000b0af5e
:10e35c002590800025a0a0002580c0002528000065
:10e36c00253060022400bfafb70d410f25202002dd
:10e37c0001004054239851002b1013020a806202b2
:10e38c002530000225282002ca0e410f25208002cc
:10e39c002400bf8f21103002218833023c0042ae92
:10e3ac00400051ae380051ae251000022000b48f51
:10e3bc001c00b38f1800b28f1400b18f1000b08ff7
:08e3cc000800e0032800bd2752
:020000040000fa
:020000041d03da
:10e3d4008ebf023c7c30432403006590ff00a630ce
:10e3e4001e00c01400000000e8ffbd271000b0affd
:10e3f400258080005800848c1400bfaf0600801470
:10e40400800000a25400078e0f0008240600e0a438
:10e414000800e0a40b00e8a02a0f410f6000048e5e
:10e424002a0f410f6400048e5400098e50000a8e96
:10e4340001002b911400bf8f44294b7d01002ba1b7
:10e4440001002c9101000d248431ac7d1000b08fab
:10e4540001002ca10800e0031800bd270800e00318
:04e4640000000000b4
:020000040000fa
:020000041d03da
:10e4680080ffbd277800b2af7400b1af7000b0afc5
:10e478002588a000258080002590c0002528000060
:10e48800600006247c00bfaf700f410f1000a42766
:10e49800ffff0224252800001000a4271800b0afb1
:10e4a8004c00b0af010f410f5000a2af010006248d
:10e4b80025284002a643400f1000a4270700201279
:10e4c8005000a38f4c00a28f231043006400a38f39
:10e4d8002110430021800202000030ae7c00bf8f73
:10e4e8007800b28f7400b18f7000b08f0800e0031d
:04e4f8008000bd27bc
:020000040000fa
:020000041d03da
:10e4fc00e8ffbd271000b0af1400bfaf480082800a
:10e50c00ffff432425104300480082a01800838c91
:10e51c001400828c2b1062000500401025808000b6
:10e52c002c00828c2530000009f8400025280000c2
:10e53c000400028e280000ae02004330180000ae2a
:10e54c0008006010140000ae10004234040002ae4b
:10e55c00ffff02241400bf8f1000b08f0800e003ef
:10e56c001800bd270800038e0c00048ec000427cee
:10e57c0021186400400003ae3c0003aef5ff001010
:04e58c002310020056
:020000040000fa
:020000041d03da
:10e590002800828ce0ffbd271800b0af1c00bfaf81
:10e5a00025808000100040101000a5a31400038ee9
:10e5b0002800028e2b106200140040141000a29359
:10e5c0002c00028e010006241000a52709f8400047
:10e5d0002520000201000324070043141000a29329
:10e5e000070000101c00bf8fd20b410f000000007d
:10e5f000efff40501400038effff02241c00bf8f6a
:10e600001800b08f0800e0032000bd27340004820a
:10e61000ebff441001006424140004aef7ff001067
:04e62000000062a0f4
:020000040000fa
:020000041d03da
:10e62400060080140880033c24a766244c00c28c96
:10e6340002000424030044506800c7900800e0036b
:10e64400ffff022401000524fcffe5140000000084
:10e654002401c8900a000055ffff02245800c98c09
:10e664002401c7a03001c6ac080027112801c0aca2
:10e674000b00221108800b3c08800a3c48a8422564
:10e6840001000d240800e0036800cda008800c3cc4
:10e6940048a882251401c2acf9ff00101801c0accf
:10e6a40048a862251401c0acf5ff00101801c2ace3
:020000040000fa
:020000041d03da
:10e6b400e0ffbd27750004241c00bfaf1800b1aff4
:10e6c4002a0f410f1400b0af82bf023c0000438cfc
:10e6d400010004240400837c000043ac9710410f24
:10e6e40000000000d02051242b2822020800001032
:10e6f4002180a3009710410f000000002b3003027b
:10e704000700c0141c00bf8f090070102b382202b0
:10e71400df0f410f75000424f6ff40101c00bf8f6b
:10e724001800b18f1400b08f0800e0032000bd274b
:10e73400f7ffe0101c00bf8ffaff00101800b18f24
:020000040000fa
:020000041d03da
:10e74400e0ffbd27750004241c00bfaf1800b1af63
:10e754002a0f410f1400b0af82bf023c0000438c6b
:10e76400010004244408837c000043ac9710410f4b
:10e7740000000000d02051242b28220208000010a1
:10e784002180a3009710410f000000002b300302ea
:10e794000700c0141c00bf8f090070102b38220220
:10e7a400df0f410f75000424f6ff40101c00bf8fdb
:10e7b4001800b18f1400b08f0800e0032000bd27bb
:10e7c400f7ffe0101c00bf8ffaff00101800b18f94
:020000040000fa
:020000041d03da
:10e7d400e0ffbd27750004241c00bfaf1800b1afd3
:10e7e4002a0f410f1400b0af82bf023c0000438cdb
:10e7f400010004248410837c000043ac9710410f73
:10e8040000000000d02051242b2822020800001010
:10e814002180a3009710410f000000002b30030259
:10e824000700c0141c00bf8f090070102b3822028f
:10e83400df0f410f75000424f6ff40101c00bf8f4a
:10e844001800b18f1400b08f0800e0032000bd272a
:10e85400f7ffe0101c00bf8ffaff00101800b18f03
:020000040000fa
:020000041d03da
:10e86400e0ffbd27960004241c00bfaf1800b1af21
:10e874002a0f410f1400b0af82bf023c0002438c48
:10e88400010004240400837c000243ac9710410f70
:10e8940000000000d02051242b2822020800001080
:10e8a4002180a3009710410f000000002b300302c9
:10e8b4000700c0141c00bf8f090070102b382202ff
:10e8c400df0f410f96000424f6ff40101c00bf8f99
:10e8d4001800b18f1400b08f0800e0032000bd279a
:10e8e400f7ffe0101c00bf8ffaff00101800b18f73
:020000040000fa
:020000041d03da
:10e8f400e0ffbd27960004241c00bfaf1800b1af91
:10e904002a0f410f1400b0af82bf023c0002438cb7
:10e91400010004244408837c000243ac9710410f97
:10e9240000000000d02051242b28220208000010ef
:10e934002180a3009710410f000000002b30030238
:10e944000700c0141c00bf8f090070102b3822026e
:10e95400df0f410f96000424f6ff40101c00bf8f08
:10e964001800b18f1400b08f0800e0032000bd2709
:10e97400f7ffe0101c00bf8ffaff00101800b18fe2
:020000040000fa
:020000041d03da
:10e98400e0ffbd27960004241c00bfaf1800b1af00
:10e994002a0f410f1400b0af82bf023c0002438c27
:10e9a400010004248410837c000243ac9710410fbf
:10e9b40000000000d02051242b282202080000105f
:10e9c4002180a3009710410f000000002b300302a8
:10e9d4000700c0141c00bf8f090070102b382202de
:10e9e400df0f410f96000424f6ff40101c00bf8f78
:10e9f4001800b18f1400b08f0800e0032000bd2779
:10ea0400f7ffe0101c00bf8ffaff00101800b18f51
:020000040000fa
:020000041d03da
:10ea1400e0ffbd27a20004241c00bfaf1800b1af63
:10ea24002a0f410f1400b0af82bf023c0004438c94
:10ea3400010004240400837c000443ac9710410fbc
:10ea440000000000d02051242b28220208000010ce
:10ea54002180a3009710410f000000002b30030217
:10ea64000700c0141c00bf8f090070102b3822024d
:10ea7400df0f410fa2000424f6ff40101c00bf8fdb
:10ea84001800b18f1400b08f0800e0032000bd27e8
:10ea9400f7ffe0101c00bf8ffaff00101800b18fc1
:020000040000fa
:020000041d03da
:10eaa400e0ffbd27a20004241c00bfaf1800b1afd3
:10eab4002a0f410f1400b0af82bf023c0004438c04
:10eac400010004244408837c000443ac9710410fe4
:10ead40000000000d02051242b282202080000103e
:10eae4002180a3009710410f000000002b30030287
:10eaf4000700c0141c00bf8f090070102b382202bd
:10eb0400df0f410fa2000424f6ff40101c00bf8f4a
:10eb14001800b18f1400b08f0800e0032000bd2757
:10eb2400f7ffe0101c00bf8ffaff00101800b18f30
:020000040000fa
:020000041d03da
:10eb3400e0ffbd27a20004241c00bfaf1800b1af42
:10eb44002a0f410f1400b0af82bf023c0004438c73
:10eb5400010004248410837c000443ac9710410f0b
:10eb640000000000d02051242b28220208000010ad
:10eb74002180a3009710410f000000002b300302f6
:10eb84000700c0141c00bf8f090070102b3822022c
:10eb9400df0f410fa2000424f6ff40101c00bf8fba
:10eba4001800b18f1400b08f0800e0032000bd27c7
:10ebb400f7ffe0101c00bf8ffaff00101800b18fa0
:020000040000fa
:020000041d03da
:10ebc400e0ffbd27af0004241c00bfaf1800b1afa5
:10ebd4002a0f410f1400b0af82bf023c0006438ce1
:10ebe400010004240400837c000643ac9710410f09
:10ebf40000000000d02051242b282202080000101d
:10ec04002180a3009710410f000000002b30030265
:10ec14000700c0141c00bf8f090070102b3822029b
:10ec2400df0f410faf000424f6ff40101c00bf8f1c
:10ec34001800b18f1400b08f0800e0032000bd2736
:10ec4400f7ffe0101c00bf8ffaff00101800b18f0f
:020000040000fa
:020000041d03da
:10ec5400e0ffbd27af0004241c00bfaf1800b1af14
:10ec64002a0f410f1400b0af82bf023c0006438c50
:10ec7400010004244408837c000643ac9710410f30
:10ec840000000000d02051242b282202080000108c
:10ec94002180a3009710410f000000002b300302d5
:10eca4000700c0141c00bf8f090070102b3822020b
:10ecb400df0f410faf000424f6ff40101c00bf8f8c
:10ecc4001800b18f1400b08f0800e0032000bd27a6
:10ecd400f7ffe0101c00bf8ffaff00101800b18f7f
:020000040000fa
:020000041d03da
:10ece400e0ffbd27af0004241c00bfaf1800b1af84
:10ecf4002a0f410f1400b0af82bf023c0006438cc0
:10ed0400010004248410837c000643ac9710410f57
:10ed140000000000d02051242b28220208000010fb
:10ed24002180a3009710410f000000002b30030244
:10ed34000700c0141c00bf8f090070102b3822027a
:10ed4400df0f410faf000424f6ff40101c00bf8ffb
:10ed54001800b18f1400b08f0800e0032000bd2715
:10ed6400f7ffe0101c00bf8ffaff00101800b18fee
:020000040000fa
:020000041d03da
:10ed7400e0ffbd27b80004241c00bfaf1800b1afea
:10ed84002a0f410f1400b0af82bf023c0008438c2d
:10ed9400010004240400837c000843ac9710410f55
:10eda40000000000d02051242b282202080000106b
:10edb4002180a3009710410f000000002b300302b4
:10edc4000700c0141c00bf8f090070102b382202ea
:10edd400df0f410fb8000424f6ff40101c00bf8f62
:10ede4001800b18f1400b08f0800e0032000bd2785
:10edf400f7ffe0101c00bf8ffaff00101800b18f5e
:020000040000fa
:020000041d03da
:10ee0400e0ffbd27b80004241c00bfaf1800b1af59
:10ee14002a0f410f1400b0af82bf023c0008438c9c
:10ee2400010004244408837c000843ac9710410f7c
:10ee340000000000d02051242b28220208000010da
:10ee44002180a3009710410f000000002b30030223
:10ee54000700c0141c00bf8f090070102b38220259
:10ee6400df0f410fb8000424f6ff40101c00bf8fd1
:10ee74001800b18f1400b08f0800e0032000bd27f4
:10ee8400f7ffe0101c00bf8ffaff00101800b18fcd
:020000040000fa
:020000041d03da
:10ee9400e0ffbd27b80004241c00bfaf1800b1afc9
:10eea4002a0f410f1400b0af82bf023c0008438c0c
:10eeb400010004248410837c000843ac9710410fa4
:10eec40000000000d02051242b282202080000104a
:10eed4002180a3009710410f000000002b30030293
:10eee4000700c0141c00bf8f090070102b382202c9
:10eef400df0f410fb8000424f6ff40101c00bf8f41
:10ef04001800b18f1400b08f0800e0032000bd2763
:10ef1400f7ffe0101c00bf8ffaff00101800b18f3c
:020000040000fa
:020000041d03da
:10ef2400e0ffbd271800b1af1400b0af1c00bfafa5
:10ef34002588a0005906410f2580c0001800401400
:10ef44001c00bf8f050002920f0040501400b08fc8
:10ef54001000038ed6d2400f0000648c0000048e93
:10ef64007ace400f01000524550c410f25200002e4
:10ef74001c00bf8f1400b08f252020021800b18f11
:10ef8400d306410b2000bd27019d053c252020020e
:10ef94001800b18f98a4a524ec0c410b2000bd27c8
:10efa4001800b18f1400b08f0800e0032000bd27c3
:020000040000fa
:020000041d03da
:10efb400e8ffbd271400bfaf9b0d410ffa000424e6
:10efc400bb06410f00000000bdbc400f5a000424e2
:10efd400a8bd400f01000424a8bd400f2520000057
:10efe4005b0a410f00000000bb06410f0000000057
:10eff400bdbc400f5a000424a8bd400f03000424e4
:10f00400a8bd400f060004245b0a410f0000000065
:10f01400bb06410f00000000bdbc400f5a00042491
:10f02400a8bd400f1a000424a8bd400fb600042454
:0cf034001400bf8f5b0a410b1800bd27c1
:020000040000fa
:020000041d03da
:10f04000d8ffbd272000b3af1c00b2af1800b1af8e
:10f050001400b0af2400bfaf0000938c2580800067
:10f060002590a0007112410f2588c0000d0040506e
:10f0700025880000650c410f25206002000423262e
:10f080002b10620007004010253020022528400286
:10f090009de5400f25206002030040544c00048e83
:10f0a000258800004c00048e2400bf8f2128910089
:10f0b0002000b38f1c00b28f1800b18f4c0005ae3a
:0cf0c0001400b08f0800e0032800bd27fa
:020000040000fa
:020000041d03da
:10f0cc00d8ffbd272000b3af1c00b2af1800b1af02
:10f0dc001400b0af2400bfaf0000938c25808000db
:10f0ec002590a0005312410f2588c0000d00405000
:10f0fc0025880000740c410f252060020004232693
:10f10c002b106200070040102530200225284002f9
:10f11c00d1e5400f25206002030040545000048ebe
:10f12c00258800005000048e2400bf8f21289100f8
:10f13c002000b38f1c00b28f1800b18f500005aea9
:0cf14c001400b08f0800e0032800bd276d
:020000040000fa
:020000041d03da
:10f158009cb10080b8b0008068b300805cad0780c7
:10f1680094b000805cb3008050ad078070b0008020
:10f1780044ad07807cb100805cb100803cb1008068
:10f188001cb10080fcb00080dcb00080440000802e
:10f1980040000080440300803c000080380000806c
:10f1a8003400008030000080400300803c03008071
:10f1b8002c00008038030080280000802400008094
:10f1c8003403008030030080200000801c00008091
:0cf1d8002c030080180000802803008039
:020000040000fa
:020000041d03da
:10f1e40020000000240000000c0000000c000000bf
:10f1f400240000000c0000000c00000024000000ab
:10f204000c0000002000000020000000200000008e
:10f214002000000020000000200000000100000089
:10f2240004000000010000000100000004000000d0
:10f2340004000000040000000400000001000000bd
:10f2440004000000040000000400000004000000aa
:10f25400040000000400000004000000040000009a
:0cf2640004000000040000000400000092
:020000040000fa
:020000041d03da
:10f270000b00000003000000050000000500000076
:10f28000030000000500000005000000030000006e
:10f29000050000000b0000000b0000000b00000048
:10f2a0000b0000000b0000000b000000000000003d
:10f2b0000c0000000000000000000000060000003c
:10f2c000060000000700000004000000000000002d
:10f2d0000c0000000200000001000000010000001e
:10f2e00009000000080000000c0000000c000000f5
:0cf2f0000c0000000a0000000a000000f2
:020000040000fa
:020000041d03da
:10f2fc00309b009d449b009d5c9b009d749b009dde
:10f30c00889b009da49b009dc09b009dd89b009d4d
:10f31c00ec9b009d009c009d089c009d189c009df2
:10f32c002c9c009d409c009d549c009d609c009dcd
:10f33c00709c009d849c009d9c9c009dbc9c009d91
:10f34c00d49c009df09c009dfc9c009d089d009d04
:10f35c002c9d009d489d009d609d009d6c9d009d79
:10f36c00889d009d9c9d009db09d009dd09d009d05
:0cf37c00ec9d009d109e009d209e009db9
:020000040000fa
:020000041d03da
:10f38800349e009d489e009d609e009d789e009d35
:10f398008c9e009da89e009dc49e009ddc9e009da5
:10f3a800f09e009d049f009d0c9f009d1c9f009d4a
:10f3b800309f009d449f009d589f009d649f009d25
:10f3c800749f009d889f009da09f009dc09f009de9
:10f3d800d89f009df49f009d00a0009d0ca0009d5b
:10f3e80030a0009d4ca0009d64a0009d70a0009dd1
:10f3f8008ca0009da0a0009db4a0009dd4a0009d5d
:0cf40800f0a0009d14a1009d24a1009d17
:020000040000fa
:020000041d03da
:10f414000004c2281300401402fcc328039d023ccc
:10f42400503f40d401fcc224000443280600601469
:10f43400026320460263204602f8c22400044428e2
:10f44400ff0303240a106400252000000000844404
:10f45400ff034224002d02000000e5440800e003fd
:10f4640002602046f8ff60102510c000039d033c95
:10f47400583f60d4c903c22402fc4328f2ff601041
:10f48400026320469207c22402fc442802fc03249f
:0cf4940002632046ecff00100b10640027
:020000040000fa
:020000041d03da
:10f4a000b0fdbd274802b3af4402b2af4002b1afd6
:10f4b0003c02b0af2588e000258080002590a000a8
:10f4c0002598c000252880002530e0004c02bfaf01
:10f4d000119c400f1802a427253820021800b127dc
:10f4e0002528200225200002a99c400f00020624a6
:10f4f0001c02a78f019d063c1000b1af25286002b9
:10f5000025204002bc0f410f08a4c6244c02bf8f27
:10f510004802b38f4402b28f4002b18f3c02b08fd9
:08f520000800e0035002bd27c2
:020000040000fa
:020000041d03da
:10f528002000c28cd8ffbd272000b1af2400bfaf98
:10f538001c00b0af140040102588a0002580c00032
:10f54800bf05410f1000a627050040102400bf8ffb
:10f558002000b18f1c00b08f0800e0032800bd27f1
:10f568001000a58f8b12410f2000048ed306410f87
:10f57800252020022400bf8f2000b18f1c00b08fef
:10f588000800e0032800bd272400bf8f1c00b08faf
:10f59800019d053c252020022000b18f3ca4a52414
:08f5a800ec0c410b2800bd270b
:020000040000fa
:020000041d03da
:10f5b0000400828c000147301900e0101000423036
:10f5c000e0ffbd271800b1af1000918c1400b0af60
:10f5d0002b10d1000b88c2001c00bfaf0b00201203
:10f5e000258080001400848cca0e410f2530200233
:10f5f0001400028e1000038e211051002318710098
:10f60000140002ae100003ae000040a01c00bf8f2b
:10f610001800b18f1400b08f0800e0032000bd2750
:10f6200003004014000000003711410b00000000ef
:08f630000800e00300000000e7
:020000040000fa
:020000041d03da
:10f638000c00a7af0c00a38f251080000800a6af10
:10f648000055647c0800a68f0d008014023d03005d
:10f65800039d033c903e60d40800a1d702082046d1
:10f6680000006544000004442518a0000055a57c4e
:10f67800253080000200a01000080424c1ffa42443
:10f68800c22f0600401803002518a30000a0637cc1
:10f698002000053c2518a30040300600040043acb8
:10f6a800ccfb84240008e330000046ac080044acde
:08f6b8000800e0030c0043ac64
:020000040000fa
:020000041d03da
:10f6c0007c00822c03004014010002240800e003a7
:10f6d00000000000e8ffbd271400bfaf1000b0af6e
:10f6e000bb06410f25808000bdbc400f5a0004249a
:10f6f000a8bd400f04000424a8bd400fff00043241
:10f700005b0a410f00000000bb06410f0000000033
:10f71000bdbc400f5a000424a8bd400f0c000424b7
:10f72000a8bd400f010004245b0a410f0000000047
:10f730001400bf8f1000b08f251000000800e003f8
:04f740001800bd27c9
:020000040000fa
:020000041d03da
:10f74400e0ffbd271800b1af1400b0af25888000da
:10f7540082bf103c750004241c00bfaf000000ae43
:10f76400100000ae160f410f000000002a0f410fd9
:10f7740075000424deff400f252020020600033c10
:10f78400801a6424400002ae050024120000000028
:10f794000000028e01000524444aa27c000002ae4f
:10f7a400000006961c00bf8f01000724c47be67c82
:10f7b4001800b18f000006a61400b08f0800e00303
:04f7c4002000bd273d
:020000040000fa
:020000041d03da
:10f7c800e0ffbd271800b1af1400b0af2588800056
:10f7d80082bf103c960004241c00bfaf000200ae9c
:10f7e800100200ae160f410f000000002a0f410f53
:10f7f80096000424deff400f252020020600033c6b
:10f80800801a6424400202ae0500241200000000a1
:10f818000002028e01000524444aa27c000202aec6
:10f82800000206961c00bf8f01000724c47be67cfb
:10f838001800b18f000206a61400b08f0800e0037c
:04f848002000bd27b8
:020000040000fa
:020000041d03da
:10f84c00e0ffbd271800b1af1400b0af25888000d1
:10f85c0082bf103ca20004241c00bfaf000400ae09
:10f86c00100400ae160f410f000000002a0f410fcc
:10f87c00a2000424deff400f252020020600033cda
:10f88c00801a6424400402ae05002412000000001b
:10f89c000004028e01000524444aa27c000402ae3e
:10f8ac00000406961c00bf8f01000724c47be67c75
:10f8bc001800b18f000406a61400b08f0800e003f6
:04f8cc002000bd2734
:020000040000fa
:020000041d03da
:10f8d000e0ffbd271800b1af1400b0af258880004d
:10f8e00082bf103caf0004241c00bfaf000600ae76
:10f8f000100600ae160f410f000000002a0f410f46
:10f90000af000424deff400f252020020600033c48
:10f91000801a6424400602ae050024120000000094
:10f920000006028e01000524444aa27c000602aeb5
:10f93000000606961c00bf8f01000724c47be67cee
:10f940001800b18f000606a61400b08f0800e0036f
:04f950002000bd27af
:020000040000fa
:020000041d03da
:10f95400e0ffbd271800b1af1400b0af25888000c8
:10f9640082bf103cb80004241c00bfaf000800aee6
:10f97400100800ae160f410f000000002a0f410fbf
:10f98400b8000424deff400f252020020600033cbb
:10f99400801a6424400802ae05002412000000000e
:10f9a4000008028e01000524444aa27c000802ae2d
:10f9b400000806961c00bf8f01000724c47be67c68
:10f9c4001800b18f000806a61400b08f0800e003e9
:04f9d4002000bd272b
:020000040000fa
:020000041d03da
:10f9d800e8ffbd271400bfafe08283c30100012404
:10f9e800e08281e3fcff2010000000000f0000000f
:10f9f80001000224070062101400bf8fe482858f83
:10fa08000600a010000000000f000000e08280af98
:10fa18001400bf8f0800e0031800bd27e48284affc
:10fa2800e482878fe482848fe482868f049d083c79
:10fa38000400858c049d0a3c0000e48c544a098d1e
:10fa48000800c68c09f8200170914725eeff0010c8
:10fa580000000000e8ffbd271400bfafec8283c39d
:10fa680001000124ec8281e3fcff2010000000006b
:10fa78000f00000001000224070062101400bf8f6d
:10fa8800f082858f0600a010000000000f00000023
:10fa9800ec8280af1400bf8f0800e0031800bd2778
:10faa800f08284aff082878ff082848ff082868f15
:10fab800049d083c0400858c049d0a3c0000e48ced
:10fac8005c4a098d0800c68c09f8200140b5472515
:10fad800eeff001000000000e8ffbd271400bfafd4
:10fae800f88283c301000124f88281e3fcff20101f
:10faf800000000000f00000001000224070062104f
:10fb08001400bf8ffc82858f0600a0100000000043
:10fb18000f000000f88280af1400bf8f0800e003d8
:10fb28001800bd27fc8284affc82878ffc82848ffb
:10fb3800fc82868f049d083c0400858c049d0a3c49
:10fb48000000e48c644a098d0800c68c09f820017d
:10fb5800f0b54725eeff001000000000e8ffbd27c4
:10fb68001400bfaf048383c301000124048381e32d
:10fb7800fcff2010000000000f000000010002241c
:10fb8800070062101400bf8f0883858f0600a0103d
:10fb9800000000000f000000048380af1400bf8f36
:10fba8000800e0031800bd27088384af0883878f07
:10fbb8000883848f0883868f049d083c0400858c05
:10fbc800049d0a3c0000e48c6c4a098d0800c68c30
:10fbd80009f82001a0b64725eeff0010000000003c
:10fbe800e8ffbd271400bfaf108383c301000124c1
:10fbf800108381e3fcff2010000000000f000000cc
:10fc080001000224070062101400bf8f1483858f3f
:10fc18000600a010000000000f000000108380af55
:10fc28001400bf8f0800e0031800bd27148384afb9
:10fc38001483878f1483848f1483868f049d083cd4
:10fc48000400858c049d0a3c0000e48c744a098dec
:10fc58000800c68c09f8200150b74725eeff0010b0
:10fc680000000000e8ffbd271400bfaf1c8383c35a
:10fc7800010001241c8381e3fcff20100000000028
:10fc88000f00000001000224070062101400bf8f5b
:10fc98002083858f0600a010000000000f000000e0
:10fca8001c8380af1400bf8f0800e0031800bd2735
:10fcb800208384af2083878f2083848f2083868f3f
:10fcc800049d083c0400858c049d0a3c0000e48cdb
:10fcd8007c4a098d0800c68c09f8200100b8472520
:08fce800eeff00100000000017
:020000040000fa
:020000041d03da
:10fcf000e0ffbd271800b1af1400b0af1c00bfafcc
:10fd00002588a0005906410f2580c0000f0040142f
:10fd10001c00bf8f0400029204004010000000008d
:10fd2000050003920d0060501400b08f9f10410f2a
:10fd30000000048e1c00bf8f1400b08f252020020d
:10fd40001800b18fd306410b2000bd271800b18fda
:10fd50001400b08f0800e0032000bd27019d053c82
:10fd6000252020021800b18f30a4a524ec0c410bf3
:04fd70002000bd278b
:020000040000fa
:020000041d03da
:10fd7400830002240a00a2108400a3280600601055
:10fd840025100000800003241200a3108100032426
:10fd94000b00a3500000c28c0800e0030000000028
:10fda4000000c28c040043240000c3ac000080d4d3
:10fdb4000000428c000040f40800e003010002242b
:10fdc400040043240000c3ac000080d4f9ff0010f9
:10fdd4000000428c0000c28c000080d40400432444
:10fde4000000c3ac0000428c20002046f2ff00104b
:04fdf400000040e4e7
:020000040000fa
:020000041d03da
:10fdf800ffff8224feff432c1b006010253080008b
:10fe0800e40084901800801001000724e8ffbd2753
:10fe18001400bfaff400c88c1c00c48c0b00a710e2
:10fe2800c400c0a03800028d6400c6240000c0ac25
:10fe38000400c0ac09f84000800005241400bf8ffe
:10fe4800251000000800e0031800bd272800028dd7
:10fe580009f84000800005241400bf8f2510000019
:10fe68000800e0031800bd270800e0038bff022408
:020000040000fa
:020000041d03da
:10fe7800049d053c049d033c1c8ea0c4208e61c4d7
:10fe88001400828c01000624180080e41c0080ac59
:10fe9800200080ac240080ac280080ac2c0080ac12
:10fea800300080ac340080ac380080ac3c0080acc2
:10feb800400086a0440081e44c0080a0500080ac43
:10fec800540080ac580080ac5c0080ac600080ac12
:10fed800640080ac680080a06c0080ac700082accc
:10fee800740080a0780080ac0800e0037c0082ac3d
:020000040000fa
:020000041d03da
:10fef8000000858c0400868c0800878c0880033cf1
:10ff080038ad6224ff00a43038ad65ac040046acbf
:10ff180015008010080047ac049d083c6046092580
:10ff2800d0ffbd2704002a8d08002b8d0c002c8dd6
:10ff380010002d8d08004e901000a4272c00bfaf94
:10ff48001400aaaf1800abaf1c00acaf2000adafd7
:10ff58001000a6af12d7400f1400aea32c00bf8f1d
:10ff68000800e0033000bd270ff8400b0000000038
:020000040000fa
:020000041d03da
:10ff780000008444251800000000e344049d043c6c
:10ff88006000a046800801461c8e83c4049d063c80
:10ff9800748ec6c403190246049d073c049d083ca0
:10ffa800788ee8c47c8e09c5049d093c108e2bc54b
:10ffb800049d053c548ea5c4c1210646a83a284d87
:10ffc80000530b463e280c46040003458163054652
:10ffd8004d6300460800e0030068024400800b3cc3
:10ffe800cd73004600780a440800e00325104b0151
:020000040000fa
:020000041d03da
:10fff800e8ffbd27ffff02241400bfafb08284af23
:020000041d04d9
:10000800ac8285afa88286afa48287afa08280af7a
:10001800060082100f0083300100052404286500c3
:10002800ce10410f02210400a882868f0e00c01056
:100038001400bf8fac828b8f82bf073c2130cb006e
:10004800010004241012e88c4000097dfdff2411f2
:100058000000000000006a9101006b252012eaac44
:10006800f8ffcb141400bf8f0800e0031800bd2769
:020000040000fa
:020000041d04d9
:10007800e8ffbd2700e0a57c1000b0afffff022419
:1000880081bf103c101205ae1400bfaf301206ae8f
:10009800b88284afe01205aeb48287af001306ae13
:1000a800050082100f008330010006240428660032
:1000b800ce10410f02210400c012048e0100072453
:1000c800c418047cc01204aea012088e1400bf8f9e
:1000d800c439e87ca01208aee011098ec439e97c65
:1000e800e01109ae1000b08f0800e0031800bd272a
:020000040000fa
:020000041d04d9
:1000f800e8ffbd2700e0a57c1000b0afffff022499
:1001080081bf103c901305ae1400bfafb01306ae0c
:10011800c08284af601405aebc8287af801406ae7f
:10012800050082100f0083300100062404286600b1
:10013800ce10410f022104004014048e0100072450
:10014800c418047c401404ae2014088e1400bf8f19
:10015800c439e87c201408ae6013098ec439e97ce0
:10016800601309ae1000b08f0800e0031800bd2727
:020000040000fa
:020000041d04d9
:10017800e8ffbd27ffff02241400bfafd48284af7d
:10018800d08285afcc8286afc88287afc48280af69
:10019800060082100f008330010005240428650042
:1001a800ce10410f02210400cc82868f0e00c010b1
:1001b8001400bf8fd0828b8f82bf073c2130cb00c9
:1001c800010004241018e88c4000097dfdff24116b
:1001d8000000000000006a9101006b252018eaacbd
:1001e800f8ffcb141400bf8f0800e0031800bd27e8
:020000040000fa
:020000041d04d9
:1001f800e8ffbd2700e0a57c1000b0afffff022498
:1002080081bf103c101505ae1400bfaf301506ae07
:10021800dc8284afe01505aed88287af001606ae43
:10022800050082100f0083300100062404286600b0
:10023800ce10410f02210400c015048e01000724ce
:10024800c418047cc01504aea015088e1400bf8f16
:10025800c439e87ca01508aee014098ec439e97cdd
:10026800e01409ae1000b08f0800e0031800bd27a5
:020000040000fa
:020000041d04d9
:100278000000a68c0400a28c0800a38c000086aca9
:10028800049d053c000080c41c8ea1c4080083acfa
:10029800080082c403090046049d083c4201024646
:1002a800508e03c5049d073c548ee6c4040082acfe
:1002b8003e300546c2210346050001450c0087e48f
:1002c8000d2a004600400b440800e00310008bace8
:1002d800412a064600800a3c8d4a004600500944df
:0c02e80025582a010800e00310008bac30
:020000040000fa
:020000041d04d9
:1002f40025100000d8ffbd270430827c2000b0af59
:100304001000a0af049d103c1100a5a31000a2a3ef
:100314001000a68f00a0073c944910263c47e52412
:100324000400038e9c80848f3c47e6ac2400bfaf5e
:10033400253800000400a0ac020006240800a0ac8c
:100344000c00a0ac09f86000000000000800108e4a
:1003540009f800029c80848ffdff40142400bf8fa5
:100364002000b08f0800e0032800bd2725100000fe
:10037400d8ffbd270430827c2000b0af1000a0afae
:10038400049d103c1100a5a31000a2a31000a68f89
:1003940000a0073c884910264c47e5240400038e3e
:1003a400b480848f4c47e6ac2400bfaf25380000ee
:1003b4000400a0ac020006240800a0ac0c00a0ac11
:1003c40009f86000000000000800108e09f800021f
:1003d400b480848ffdff40142400bf8f2000b08fb1
:1003e4000800e0032800bd2725100000d8ffbd2722
:1003f4000430827c2000b0af1000a0af049d103cfc
:100404001100a5a31000a2a31000a68f00a0073c12
:10041400884910265c47e5240400038ecc80848f31
:100424005c47e6ac2400bfaf253800000400a0ac54
:10043400020006240800a0ac0c00a0ac09f860007f
:10044400000000000800108e09f80002cc80848fa0
:10045400fdff40142400bf8f2000b08f0800e0038c
:100464002800bd2725100000d8ffbd270430827c5a
:100474002000b0af1000a0af049d103c1100a5a354
:100484001000a2a31000a68f00a0073c88491026e4
:100494006c47e5240400038ee480848f6c47e6ac4b
:1004a4002400bfaf253800000400a0ac02000624dd
:1004b4000800a0ac0c00a0ac09f86000000000002b
:1004c4000800108e09f80002e480848ffdff4014b8
:1004d4002400bf8f2000b08f0800e0032800bd2750
:1004e40025100000d8ffbd270430827c2000b0af67
:1004f4001000a0af049d103c1100a5a31000a2a3fe
:100504001000a68f00a0073ca04910267c47e524d4
:100514000400038efc80848f7c47e6ac2400bfafcc
:10052400253800000400a0ac020006240800a0ac9a
:100534000c00a0ac09f86000000000000800108e58
:1005440009f80002fc80848ffdff40142400bf8f53
:100554002000b08f0800e0032800bd27251000000c
:10056400d8ffbd270430827c2000b0af1000a0afbc
:10057400049d103c1100a5a31000a2a31000a68f97
:1005840000a0073ca04910268c47e5240400038ef4
:100594001481848f8c47e6ac2400bfaf253800005b
:1005a4000400a0ac020006240800a0ac0c00a0ac1f
:1005b40009f86000000000000800108e09f800022d
:1005c4001481848ffdff40142400bf8f2000b08f5e
:1005d4000800e0032800bd2725100000d8ffbd2730
:1005e4000430827c2000b0af1000a0af049d103c0a
:1005f4001100a5a31000a2a31000a68f00a0073c21
:10060400a04910269c47e5240400038e2c81848f86
:100614009c47e6ac2400bfaf253800000400a0ac22
:10062400020006240800a0ac0c00a0ac09f860008d
:10063400000000000800108e09f800022c81848f4d
:10064400fdff40142400bf8f2000b08f0800e0039a
:100654002800bd2725100000d8ffbd270430827c68
:100664002000b0af1000a0af049d103c1100a5a362
:100674001000a2a31000a68f00a0073ca0491026da
:10068400ac47e5240400038e4481848fac47e6ac78
:100694002400bfaf253800000400a0ac02000624eb
:1006a4000800a0ac0c00a0ac09f860000000000039
:1006b4000800108e09f800024481848ffdff401465
:1006c4002400bf8f2000b08f0800e0032800bd275e
:1006d40025100000d8ffbd270430827c2000b0af75
:1006e4001000a0af049d103c1100a5a31000a2a30c
:1006f4001000a68f00a0073c7c491026bc47e524c7
:100704000400038e5c81848fbc47e6ac2400bfaf39
:10071400253800000400a0ac020006240800a0aca8
:100724000c00a0ac09f86000000000000800108e66
:1007340009f800025c81848ffdff40142400bf8f00
:100744002000b08f0800e0032800bd27251000001a
:10075400d8ffbd270430827c2000b0af1000a0afca
:10076400049d103c1100a5a31000a2a31000a68fa5
:1007740000a0073c7c491026cc47e5240400038ee6
:100784007481848fcc47e6ac2400bfaf25380000c9
:100794000400a0ac020006240800a0ac0c00a0ac2d
:1007a40009f86000000000000800108e09f800023b
:1007b4007481848ffdff40142400bf8f2000b08f0c
:1007c4000800e0032800bd2725100000d8ffbd273e
:1007d4000430827c2000b0af1000a0af049d103c18
:1007e4001100a5a31000a2a31000a68f00a0073c2f
:1007f4007c491026dc47e5240400038e8c81848f19
:10080400dc47e6ac2400bfaf253800000400a0acf0
:10081400020006240800a0ac0c00a0ac09f860009b
:10082400000000000800108e09f800028c81848ffb
:10083400fdff40142400bf8f2000b08f0800e003a8
:100844002800bd2725100000d8ffbd270430827c76
:100854002000b0af1000a0af049d103c1100a5a370
:100864001000a2a31000a68f00a0073c94491026f4
:10087400ec47e5240400038ea481848fec47e6aca6
:100884002400bfaf253800000400a0ac02000624f9
:100894000800a0ac0c00a0ac09f860000000000047
:1008a4000800108e09f80002a481848ffdff401413
:1008b4002400bf8f2000b08f0800e0032800bd276c
:1008c40025100000d8ffbd270430827c2000b0af83
:1008d4001000a0af049d103c1100a5a31000a2a31a
:1008e4001000a68f00a0073c7c491026fc47e52495
:1008f4000400038ebc81848ffc47e6ac2400bfafa8
:10090400253800000400a0ac020006240800a0acb6
:100914000c00a0ac09f86000000000000800108e74
:1009240009f80002bc81848ffdff40142400bf8fae
:100934002000b08f0800e0032800bd272510000028
:10094400d8ffbd270430827c2000b0af1000a0afd8
:10095400049d103c1100a5a31000a2a31000a68fb3
:1009640000a0073c944910260c48e5240400038e9b
:10097400d481848f0c48e6ac2400bfaf2538000036
:100984000400a0ac020006240800a0ac0c00a0ac3b
:1009940009f86000000000000800108e09f8000249
:1009a400d481848ffdff40142400bf8f2000b08fba
:1009b4000800e0032800bd2725100000d8ffbd274c
:1009c4000430827c2000b0af1000a0af049d103c26
:1009d4001100a5a31000a2a31000a68f00a0073c3d
:1009e400944910261c48e5240400038eec81848f6e
:1009f4001c48e6ac2400bfaf253800000400a0acbe
:100a0400020006240800a0ac0c00a0ac09f86000a9
:100a1400000000000800108e09f80002ec81848fa9
:100a2400fdff40142400bf8f2000b08f0800e003b6
:100a34002800bd2725100000d8ffbd270430827c84
:100a44002000b0af1000a0af049d103c1100a5a37e
:100a54001000a2a31000a68f00a0073cac491026ea
:100a64002c48e5240400038e0482848f2c48e6acd1
:100a74002400bfaf253800000400a0ac0200062407
:100a84000800a0ac0c00a0ac09f860000000000055
:100a94000800108e09f800020482848ffdff4014c0
:100aa4002400bf8f2000b08f0800e0032800bd277a
:100ab40025100000d8ffbd270430827c2000b0af91
:100ac4001000a0af049d103c1100a5a31000a2a328
:100ad4001000a68f00a0073cac4910263c48e52432
:100ae4000400038e1c82848f3c48e6ac2400bfaf14
:100af400253800000400a0ac020006240800a0acc5
:100b04000c00a0ac09f86000000000000800108e82
:100b140009f800021c82848ffdff40142400bf8f5b
:100b24002000b08f0800e0032800bd272510000036
:100b3400d8ffbd270430827c2000b0af1000a0afe6
:100b4400049d103c1100a5a31000a2a31000a68fc1
:100b540000a0073cac4910264c48e5240400038e51
:100b64003482848f4c48e6ac2400bfaf25380000a3
:100b74000400a0ac020006240800a0ac0c00a0ac49
:100b840009f86000000000000800108e09f8000257
:100b94003482848ffdff40142400bf8f2000b08f67
:100ba4000800e0032800bd2725100000d8ffbd275a
:100bb4000430827c2000b0af1000a0af049d103c34
:100bc4001100a5a31000a2a31000a68f00a0073c4b
:100bd400ac4910265c48e5240400038e4c82848fc3
:100be4005c48e6ac2400bfaf253800000400a0ac8c
:100bf400020006240800a0ac0c00a0ac09f86000b8
:100c0400000000000800108e09f800024c82848f56
:100c1400fdff40142400bf8f2000b08f0800e003c4
:100c24002800bd2725100000d8ffbd270430827c92
:100c34002000b0af1000a0af049d103c1100a5a38c
:100c44001000a2a31000a68f00a0073c884910261c
:100c54006c48e5240400038e6482848f6c48e6acff
:100c64002400bfaf253800000400a0ac0200062415
:100c74000800a0ac0c00a0ac09f860000000000063
:100c84000800108e09f800026482848ffdff40146e
:100c94002400bf8f2000b08f0800e0032800bd2788
:020000040000fa
:020000041d04d9
:100ca4003800829003004010010002240800e00391
:100cb40000000000e0ffbd271400b0af25808000d5
:100cc4001c0004241c00bfaf5e07410f1800b1af25
:100cd4009710410f258840000819043c00b1853461
:100ce40021304500253860002b18c20021406700e0
:100cf400300006ae340008ae252820025c0e410ff9
:100d04001c0004241c00bf8f1800b18f1400b08f86
:0c0d1400251000000800e0032000bd27af
:020000040000fa
:020000041d04d9
:100d2000e0ffbd271800b1af1400b0af1c00bfaf8b
:100d30002580a0005906410f2588c00005004010fd
:100d40001c00bf8f1800b18f1400b08f0800e003a3
:100d50002000bd27049d023ccc4b458c39e6400f5a
:100d60001800248e060040141c00bf8f1800b18f9d
:100d7000252000021400b08fd306410b2000bd27b0
:100d80001800b18f019d053c252000021400b08f92
:0c0d900054a4a524ec0c410b2000bd274e
:020000040000fa
:020000041d04d9
:100d9c000800e003000000002518e003009d043c5f
:100dac00e802842416008010000000000000858cee
:100dbc001300a010040084240000868c04008424fa
:100dcc0000008b8404008424049d0c3c9c468c25e0
:100ddc0080580b0021606c0100008c8d09f880019b
:100dec00000000002520400003008424fcff0624a2
:100dfc002420c4000000858cecffa014000000002f
:0c0e0c0025f860000800e0030000000072
:020000040000fa
:020000041d04d9
:100e180020000524000082800a004510f7ff4324c3
:100e28000500632c070060142b00032407004310ff
:100e38002d00032407004314252800000400001097
:100e480001000524f3ff0010010084242528000078
:100e58000100842425100000030000100a00072464
:100e6800010084242310430000008380d0ff632402
:100e78000a00662cfaffc054021047700100a05007
:0c0e8800231002000800e003000000003e
:020000040000fa
:020000041d04d9
:100e9400e8ffbd2725300000004005241400bfaf43
:100ea400670e410f020004240020062400200524bc
:100eb400670e410f020004249b0d410f050004241a
:100ec4000040062400400524670e410f020004245c
:100ed4009b0d410f0500042425300000002005244b
:100ee400670e410f020004249b0d410f05000424ea
:100ef4001400bf8f253000000040052402000424a4
:080f0400670e410b1800bd2728
:020000040000fa
:020000041d04d9
:100f0c00e8ffbd2725300000040005241400bfaf06
:100f1c00670e410f02000424080006240800052473
:100f2c00670e410f020004249b0d410f05000424a1
:100f3c000400062404000524670e410f020004245b
:100f4c009b0d410f050004242530000008000524ea
:100f5c00670e410f020004249b0d410f0500042471
:100f6c001400bf8f25300000040005240200042467
:080f7c00670e410b1800bd27b0
:020000040000fa
:020000041d04d9
:100f8400d8ffbd271c00b1af2588a0001000a527fd
:100f94002000b2af1800b0af2400bfaf258080009e
:100fa40071d1400f2590c0000d0040141000a38f94
:100fb40001000224090062142400bf8f253040027e
:100fc400252820022000b28f1c00b18f25200002aa
:100fd4001800b08f12c8400b2800bd27020002245d
:100fe4002400bf8f2000b28f1c00b18f1800b08f77
:080ff4000800e0032800bd27fe
:020000040000fa
:020000041d04d9
:100ffc00e8ffbd271000b0af019d063c25808000a6
:10100c000000848c0100072498a6c6241400bfafee
:10101c00d5e8400f0d0005241c000292040040107e
:10102c001400bf8f1000b08f0800e0031800bd271c
:10103c000000048e019d033c01000724b4a4662427
:10104c00d5e8400f090005242400068e0000048e0c
:10105c001400bf8f1000b08f010007240e00052470
:08106c00d5e8400b1800bd2778
:020000040000fa
:020000041d04d9
:1010740014a6009d6417049d1ca6009dac1b049d32
:1010840024a6009d3c21049d2ca6009df0fc039dfc
:1010940034a6009d9021049d3ca6009d28f5039d47
:1010a40044a6009de01f049d4ca6009dc02e049df7
:1010b40058a6009d200d049d60a6009dbc12049db1
:1010c40068a6009db082039d70a6009db082039d1a
:1010d40078a6009dd8e0039d80a6009dfc2a049d6f
:0810e40088a6009d24ef039d86
:020000040000fa
:020000041d04d9
:1010ec000000844425180000049d043c808e82c4ba
:1010fc000000e344049d053c6000a046c208024683
:10110c00788ea4c4049d073c1c8ee7c4049d083c47
:10111c00108e09c5049d063c43210346548ec6c45b
:10112c00012a0746804209463e300a460400034520
:10113c0001530646cd5200460800e0030058024415
:10114c0000800a3c4d630046006809440800e00337
:04115c0025102a012f
:020000040000fa
:020000041d04d9
:10116000e8ffbd272518c0002530e0002800a78f24
:101170001000b0af2580a0001400bfaf1382400f55
:1011800025286000040040141400bf8f1000b08fa9
:101190000800e0031800bd27660f410f252040001e
:1011a000019d063c4400042625384000cca1c624fd
:1011b000bc0f410f00020524d306410f2520000279
:1011c0001400bf8f1000b08f010002240800e0035c
:0411d0001800bd271f
:020000040000fa
:020000041d04d9
:1011d400d8fdbd272548c0002002b2af1c02b1af24
:1011e4001802b0af2588a000258080002590e0007b
:1011f40000020624253800001000a5272402bfaff2
:101204001382400f25202001090040142402bf8fbf
:10121400253840021000a627252820022520000298
:10122400d5e8400f1002a2af1002a28f2402bf8f94
:101234002002b28f1c02b18f1802b08f0800e003a5
:041244002802bd2798
:020000040000fa
:020000041d04d9
:101248000800828c0c00838c252843000300a0141e
:10125800000000000800e00300000000e8ffbd27d0
:101268001000b0af1400bfaf9710410f2580800069
:101278000c00048e2b3083000a00c0141400bf8faa
:10128800050083500800078e1400bf8f1000b08f30
:101298000800e0031800bd272b40e200fbff001107
:1012a8001400bf8f252000021000b08f2068400b6b
:0412b8001800bd2736
:020000040000fa
:020000041d04d9
:1012bc00e0ffbd271800b1af1400b0af1c00bfafea
:1012cc002580a0005906410f2588c000050040105c
:1012dc001c00bf8f1800b18f1400b08f0800e00302
:1012ec002000bd272903410f1800248e060040144e
:1012fc001c00bf8f1800b18f252000021400b08f86
:10130c00d306410b2000bd271800b18f019d053c71
:10131c00252000021400b08f54a4a524ec0c410b22
:04132c002000bd27b9
:020000040000fa
:020000041d00dd
:10011000b8ffbd276400a0c75800a28f5c00a38f62
:100120006000a88f4c00a5af4400bfaf4000b0af47
:100130002800a0e71c00a0af2000a0af2400a0afc3
:100140001000a2af1400a3af1800a8af5000a6afd4
:100150002652400f5400a7af400085900400a01421
:100160004400bf8f4000b08f0800e0034800bd2767
:100170004000b08f25280000f3dc400b4800bd276d
:020000040000fa
:020000041d00dd
:100190000400828c1800401800000000e0ffbd271a
:1001a0001800b2af1400b1af1000b0af1c00bfaf69
:1001b0002580800025900000258800000000058e25
:1001c000252000025371400f2128b2000400038e45
:1001d000010031262a202302f8ff80141004522641
:1001e0001c00bf8f1800b28f1400b18f1000b08fa9
:1001f0000800e0032000bd270800e0030000000025
:020000040000fa
:020000041d04d9
:10133000e8ffbd270000a28c1000b0af1400bfafc3
:101340000000428020000324050043102580a000f7
:10135000f7ff42240500432c0d006010251000000b
:1013600023f7400f00000000200004240000038e3b
:1013700001006524000005ae01006380fbff6410de
:10138000f7ff63240500632cf9ff60540000038e0f
:101390001400bf8f1000b08f0800e0031800bd27b5
:020000040000fa
:020000041d04d9
:1013a00000008444251800000000e344049d043c30
:1013b0006000a04680080146788e83c4049d063ce8
:1013c0001c8ec6c403190246049d073c108ee8c457
:1013d000049d053c548ea5c4c1210646403a0846ea
:1013e0003e28094604000345c14a05468d4a004689
:1013f0000800e003005002440080093c0d5b0046f9
:0c140000006008440800e003251009010a
:020000040000fa
:020000041d04d9
:10140c00e8ffbd271000b0af00e0a57c81bf103c09
:10141c00ffff0224901005ae1400bfaf9c8284af76
:10142c00988287afb01006ae050082100f00833093
:10143c000100062404286600c710410f0221040095
:10144c008010048e1400bf8fc418047c801004ae6e
:10145c006010078e01000824c439077d601007aea8
:0c146c001000b08f0800e0031800bd273e
:020000040000fa
:020000041d04d9
:1014780081bf023c82bf033ce8ffbd2786000424ed
:10148800001060ac1400bfaf401060ac101060ac2e
:10149800301060ac601040ac701040ac801040acb4
:1014a800901040aca01040acb01040acc01040aca4
:1014b800d01040ace01040acf01040ac001140ac93
:1014c800101140ac160f410f000000001400bf8f30
:0c14d800860004242a0f410b1800bd27d9
:020000040000fa
:020000041d04d9
:1014e400d8ffbd271c00b0af2580a0002528c00070
:1014f4002530e0002000b1af2400bfaf4ad8400f30
:101504000c00b18cffff03240b00431025202002a4
:101514000a000624f60e410f1000a5271000a48f20
:10152400000002ae040003ae262091000100022454
:10153400feff03240a1064002400bf8f2000b18f33
:0c1544001c00b08f0800e0032800bd2749
:020000040000fa
:020000041d04d9
:10155000d8ffbd271c00b0af2580a0002528c00003
:101560002530e0002000b1af2400bfaf4ad8400fc3
:101570000c00b18cffff03240b0043102520200238
:101580000a000624eb0e410f1000a5271000a48fbf
:10159000000002ae040003ae2620910001000224e8
:1015a000feff03240a1064002400bf8f2000b18fc7
:0c15b0001c00b08f0800e0032800bd27dd
:020000040000fa
:020000041d04d9
:1015bc0080ffbd277800b2af7400b1af7000b0af40
:1015cc002588a000258080002590c0001000a4274d
:1015dc00600006247c00bfaf700f410f252800006f
:1015ec00049d023c7c4b42242530400225282002dd
:1015fc001000a4271800b0af4800b0af280d410f61
:10160c005400a2af7c00bf8f7800b28f7400b18ff2
:0c161c007000b08f0800e0038000bd27c4
:020000040000fa
:020000041d04d9
:10162800200003240b20a5000b180500022c040041
:101638000400a0140212050010006334252880005d
:10164800021205000400401402210200080063345d
:101658002510a0000221020004008054821004001a
:101668000400633425204000821004000400405424
:10167800421002000200633425108000421002006c
:0c168800010042380800e0032510430078
:020000040000fa
:020000041d04d9
:10169400ffff8224feff432c1500601000000000b1
:1016a400e8ffbd271000b0af25808000e4008490df
:1016b4000b0080101400bfaff400058e1c00a68c34
:1016c40009f8c0001c00048e00000796030008926d
:1016d4008452077c0410087c000007a6030008a2bb
:1016e4001400bf8f1000b08f0800e0031800bd275e
:0816f4000800e0030000000003
:020000040000fa
:020000041d04d9
:1016fc00e8ffbd271000b0af2580a0001400bfafdd
:10170c00a7e8400f2528c000040040141400bf8f28
:10171c001000b08f0800e0031800bd27660f410fc2
:10172c0025204000019d063c44000426253840003d
:10173c00cca1c624bc0f410f00020524d306410fd7
:10174c00252000021400bf8f1000b08f010002246e
:08175c000800e0031800bd279e
:020000040000fa
:020000041d04d9
:10176400e0ffbd271800b1af1400b0af1c00bfaf3d
:101774002588a0005906410f2580c00005004010af
:101784001c00bf8f1800b18f1400b08f0800e00355
:101794002000bd27a112410f0000048e0000048e1a
:1017a400a112410f258040001c00bf8f680105264f
:1017b400252020021400b08f1800b18fe8004624c1
:0817c400460b410b2000bd277c
:020000040000fa
:020000041d04d9
:1017cc002b18a40005006010251080002120a60015
:1017dc002b1844000b006014000000000700c01020
:1017ec0021304600251840000000a780010063242a
:1017fc000100a524fcff6614ffff67a00800e003ae
:10180c0000000000fdffc01021184600ffff85807e
:10181c00ffff6324ffff8424fcff4314000065a03a
:08182c000800e00300000000c9
:020000040000fa
:020000041d04d9
:1018340025108000257000002a20c6010300805472
:10184400000044900800e0030000000009008050fc
:10185400252000000000a4a0010042240100ce25a0
:10186400f5ff00100100a5240000a0a001008424bd
:101874000100a524010047902a388700faffe014ec
:1018840021788e0002004224ebff00102570e00155
:08189400f8ff00102520000000
:020000040000fa
:020000041d04d9
:10189c00e8ffbd271000b0af0e00042484bf103c3d
:1018ac001400bfaf000200ae000400ae100200ae88
:1018bc00160f410f000000002a0f410f0e000424e8
:1018cc00288380af0002029601000324c418627cb6
:1018dc00000202a6000205961400bf8fc47b657c33
:1018ec00000205a61000b08f0e0004240c0f410b53
:0418fc001800bd27ec
:020000040000fa
:020000041d04d9
:1019000084bf053c2883828f1002a88c2883838f94
:10191000fcff43140100093c1300000120482a2564
:101920001100400001008a70125800001060000091
:1019300028838d8f1002a48c28838e8ffcffae1518
:101940002b78ac01faffe0150000000003008d15b4
:101950002bc08b00f6ff0017000000000800e0031a
:041960000000000083
:020000040000fa
:020000041d04d9
:10196400e8ffbd271000b0af1400bfaf8fe7400ff2
:101974002580a000040040141400bf8f1000b08f15
:101984000800e0031800bd27660f410f2520400022
:10199400019d063c4400042625384000cca1c62401
:1019a400bc0f410f00020524d306410f252000027d
:1019b4001400bf8f1000b08f010002240800e00360
:0419c4001800bd2723
:020000040000fa
:020000041d04d9
:1019c800251080002520a0000400838ce0ffbd279f
:1019d800ff004530000163301c00bfaf0a006010f3
:1019e8001000a5a31400838c01006624140086aca3
:1019f800000065a0ff0044301c00bf8f2510800048
:101a08000800e0032000bd27010006243711410f1c
:101a18001000a527f8ff4010ffff0424f6ff001070
:041a28001000a49373
:020000040000fa
:020000041d04d9
:101a2c00ffff8224feff432c130060100000000017
:101a3c00e8ffbd271000b0af25808000e400849043
:101a4c00090080101400bfaff400058e1800a68c9e
:101a5c0009f8c0001c00048e030007920200082441
:101a6c000410077d030007a21400bf8f1000b08f75
:101a7c000800e0031800bd270800e0030000000088
:020000040000fa
:020000041d04d9
:101a8c00e8ffbd2700400624004005241400bfaf2a
:101a9c00670e410f020004240020062400200524b8
:101aac00670e410f020004249b0d410f0500042416
:101abc002530000000200524670e410f020004248d
:101acc009b0d410f050004241400bf8f253000002e
:101adc000040052402000424670e410b1800bd27aa
:020000040000fa
:020000041d04d9
:101aec00e8ffbd2704000624040005241400bfaf42
:101afc00670e410f02000424080006240800052488
:101b0c00670e410f020004249b0d410f05000424b5
:101b1c002530000008000524670e410f0200042444
:101b2c009b0d410f050004241400bf8f25300000cd
:101b3c000400052402000424670e410b1800bd2785
:020000040000fa
:020000041d04d9
:101b4c00e0fbbd2744008224019d063c1804b0af85
:101b5c000400872425808000c0a1c624000405242d
:101b6c001000a2af1c04bfafbc0f410f1800a4277c
:101b7c00d50e410f1800a4270000038e4402068ed8
:101b8c000800678c1800a42709f8e00025284000fd
:101b9c001c04bf8f1804b08f0800e0032004bd277d
:020000040000fa
:020000041d04d9
:101bac00e0ffbd271800b1af1400b0af1c00bfaff1
:101bbc002588a0005906410f2580c0000500401063
:101bcc001c00bf8f1800b18f1400b08f0800e00309
:101bdc002000bd270000048e7ace400f252800007f
:101bec00550c410f252000021c00bf8f1400b08f34
:101bfc00252020021800b18fd306410b2000bd27f1
:020000040000fa
:020000041d04d9
:101c0c00e0ffbd271000b0af0280a6701800b2af85
:101c1c002590c0001400b1af0a9005002588a000e3
:101c2c0025300002252880001c00bfaf3711410f62
:101c3c002520e000040002121c00bf8f1b00510085
:101c4c00f401200212900000251040021400b18f04
:101c5c001800b28f1000b08f0800e0032000bd27e1
:020000040000fa
:020000041d04d9
:101c6c00e0ffbd271c00bfaf1800b2af1400b1af2e
:101c7c001000b0af2590a000d50e410f2588800034
:101c8c002530400025384002252020020100052483
:101c9c000307410f25804000261050001c00bf8f09
:101cac002b1002001800b28f1400b18f1000b08fef
:0c1cbc00231002000800e0032000bd27f8
:020000040000fa
:020000041d04d9
:101cc800ffff8224feff432c110060102510000046
:101cd800000082900e0040100f00a6300c00848c8b
:101ce800803806006c00888c2148e600c22905006f
:101cf800c050090014000b240a58050021600a018d
:101d080021688b010c00ae8d0800e0030100c23190
:081d18000800e00300000000d8
:020000040000fa
:020000041d04d9
:101d2000ffff8224feff432c1100601025100000ed
:101d3000000082900e0040100f00a6300c00848c32
:101d4000803806006c00888c2148e600c229050016
:101d5000c050090014000b240a58050021600a0134
:101d600021688b010c00ae8d0800e0034000c27dad
:081d70000800e0030000000080
:020000040000fa
:020000041d04d9
:101d7800f8ffbd270400bfaf00606641c000000047
:101d880081bf033c4229040000390500c0006824d3
:101d98000a10077d01000b240650820004608b00a6
:101da800214807010100c4300100423104002cad74
:101db800030080100400bf8f206063410400bf8fc0
:081dc8000800e0030800bd273c
:020000040000fa
:020000041d04d9
:101dd000e0ffbd271000a5271800b0af1c00bfaf63
:101de00071d1400f25808000070040141000a48f9f
:101df00002000324080083141c00bf8f0000058e1e
:101e00000100a624000006ae1c00bf8f1800b08f92
:101e10000800e0032000bd271800b08f0200022454
:081e20000800e0032000bd27cb
:020000040000fa
:020000041d04d9
:101e28008000073c00008d8c020000101300e8249d
:101e380000008dac0000a681f7ffc224ff004930e6
:101e48000628280118002a2d050040110100ab3092
:101e5800f7ff60150100ad250800e0030300022428
:101e68007d000c24fcffcc140100a325000083acea
:081e78000800e0032510000042
:020000040000fa
:020000041d04d9
:101e8000e0ffbd271000a5271800b0af1c00bfafb2
:101e900071d1400f25808000070040141000a48fee
:101ea00003000324080083141c00bf8f0000058e6c
:101eb0000100a624000006ae1c00bf8f1800b08fe2
:101ec0000800e0032000bd271800b08f02000224a4
:081ed0000800e0032000bd271b
:020000040000fa
:020000041d04d9
:101ed8008000073c00008d8c020000101300e824ed
:101ee80000008dac0000a681f7ffc224ff00493036
:101ef8000628280118002a2d050040110100ab30e2
:101f0800f7ff60150100ad250800e0030400022476
:101f18005d000c24fcffcc140100a325000083ac59
:081f28000800e0032510000091
:020000040000fa
:020000041d04d9
:101f30008000073c00008d8c020000101300e82494
:101f400000008dac0000a681f7ffc224ff004930dd
:101f50000628280118002a2d050040110100ab3089
:101f6000f7ff60150100ad250800e003050002241d
:101f70002c000c24fcffcc140100a325000083ac32
:081f80000800e0032510000039
:020000040000fa
:020000041d04d9
:101f88002400828ce0febd271c01bfaf1801b0af52
:101f98002801a6af0c0040102c01a7af25808000b7
:101fa8002801a7272530a0001000a4270001052438
:101fb80001e7400f1001a7af2400038e2800058e0b
:101fc80009f860001000a4271c01bf8f1801b08f0a
:081fd8000800e0032001bd2711
:020000040000fa
:020000041d04d9
:101fe000d8fdbd272002b1af1000a0af2588c000ea
:101ff000000207241800a6271c02b0af2402bfafbe
:102000005804410f2580a000070040142402bf8f10
:102010001400248e9fe6400f1800a527d306410f19
:10202000252000022402bf8f2002b18f1c02b08f36
:082030000800e0032802bd27af
:020000040000fa
:020000041d04d9
:10203800049d063c251000002046c62440180200d6
:1020480021186600000067800300e0540000858cba
:102058000800e00301006290010042240000a8800b
:1020680004000715ff0042300100a524010062901a
:10207800000085ac0b00432cf1ff601440180200ef
:082088000800e0030000000065
:020000040000fa
:020000041d04d9
:102090000400a28c25308000200042300300401450
:1020a0002518a0007206410b00000000ff008230de
:1020b0003400a480060082502528c0001400a48c9f
:1020c0002800a58c2b2885000300a0142528c0001b
:1020d00064f9400b2520600001008524140065ace4
:0820e0000800e003000086a0e7
:020000040000fa
:020000041d04d9
:1020e800ffff8224feff432c100060102510000023
:1020f800000085900d00a010000000000c00868ce8
:10210800010004245800c28c06004410000000009e
:1021180006004054251000005d00c7900300e01041
:10212800000000000800e0037000c28c0800e00313
:0421380000000000a3
:020000040000fa
:020000041d04d9
:10213c00e0ffbd271800b1af1400b0af1c00bfaf5b
:10214c002580a0005906410f2588c00005004010cd
:10215c001c00bf8f1800b18f1400b08f0800e00373
:10216c002000bd272068400f252020021c00bf8fb7
:10217c001800b18f252000021400b08fd306410b3c
:04218c002000bd274b
:020000040000fa
:020000041d04d9
:10219000e0ffbd271800b1af1400b0af1c00bfaf07
:1021a0002580a0005906410f2588c0000500401079
:1021b0001c00bf8f1800b18f1400b08f0800e0031f
:1021c0002000bd278912410f2000248e1c00bf8fe4
:1021d0001800b18f252000021400b08fd306410be8
:0421e0002000bd27f7
:020000040000fa
:020000041d04d9
:1021e4000000043ce8ffbd270000842403008010a5
:1021f4001400bfaf09f88000000000000000843024
:102204000000a530029d083ca485082509f80001ba
:10221400000000000000023c0000422403004010c3
:102224000000000009f8400000000000f9ff001061
:0422340000000000a6
:020000040000fa
:020000041d04d9
:10223800e0ffbd271800b0af1c00bfaf3ff9400f4b
:1022480025808000060040504400028effff0224d3
:102258001c00bf8f1800b08f0800e0032000bd27c6
:10226800010006241000a52709f8400025200002d7
:1022780001000324f5ff43141000a293f5ff00109a
:042288001c00bf8fe8
:020000040000fa
:020000041d04d9
:10228c00e0ffbd271400b0af258080001c00bfaf5d
:10229c001800b1af00607141c0000000d70f410fb2
:1022ac000000000025200002160f410f2580400081
:1022bc00340f410f010024321c00bf8f2510000287
:1022cc001800b18f1400b08f0800e0032000bd2768
:020000040000fa
:020000041d04d9
:1022dc00e8ffbd271000b0af1400bfaf630d410f76
:1022ec0039000424049d023c9c49508c09f80002de
:1022fc009c80848ffdff40140180033cbcb164249e
:10230c000800858c1400bf8f1000b08f0c0085acba
:10231c001800bd27888080af0800e0030000000093
:020000040000fa
:020000041d04d9
:10232c00e8ffbd271000b0af1400bfaf630d410f25
:10233c005c000424049d023c9049508c09f8000276
:10234c00b480848ffdff40140180033cccb1642425
:10235c000800858c1400bf8f1000b08f0c0085ac6a
:10236c001800bd27a08080af0800e003000000002b
:020000040000fa
:020000041d04d9
:10237c00e8ffbd271000b0af1400bfaf630d410fd5
:10238c001c000424049d023c9049508c09f8000266
:10239c00cc80848ffdff40140180033cdcb16424ad
:1023ac000800858c1400bf8f1000b08f0c0085ac1a
:1023bc001800bd27b88080af0800e00300000000c3
:020000040000fa
:020000041d04d9
:1023cc00e8ffbd271000b0af1400bfaf630d410f85
:1023dc001d000424049d023c9049508c09f8000215
:1023ec00e480848ffdff40140180033cecb1642435
:1023fc000800858c1400bf8f1000b08f0c0085acca
:10240c001800bd27d08080af0800e003000000005a
:020000040000fa
:020000041d04d9
:10241c00e8ffbd271000b0af1400bfaf630d410f34
:10242c0009000424049d023ca849508c09f80002c0
:10243c00fc80848ffdff40140180033cfcb16424bc
:10244c000800858c1400bf8f1000b08f0c0085ac79
:10245c001800bd27e88080af0800e00300000000f2
:020000040000fa
:020000041d04d9
:10246c00e8ffbd271000b0af1400bfaf630d410fe4
:10247c0070000424049d023ca849508c09f8000209
:10248c001481848ffdff40140180033c0cb2642442
:10249c000800858c1400bf8f1000b08f0c0085ac29
:1024ac001800bd27008180af0800e0030000000089
:020000040000fa
:020000041d04d9
:1024bc00e8ffbd271000b0af1400bfaf630d410f94
:1024cc0071000424049d023ca849508c09f80002b8
:1024dc002c81848ffdff40140180033c1cb26424ca
:1024ec000800858c1400bf8f1000b08f0c0085acd9
:1024fc001800bd27188180af0800e0030000000021
:020000040000fa
:020000041d04d9
:10250c00e8ffbd271000b0af1400bfaf630d410f43
:10251c0072000424049d023ca849508c09f8000266
:10252c004481848ffdff40140180033c2cb2642451
:10253c000800858c1400bf8f1000b08f0c0085ac88
:10254c001800bd27308180af0800e00300000000b8
:020000040000fa
:020000041d04d9
:10255c00e8ffbd271000b0af1400bfaf630d410ff3
:10256c0014000424049d023c8449508c09f8000298
:10257c005c81848ffdff40140180033c3cb26424d9
:10258c000800858c1400bf8f1000b08f0c0085ac38
:10259c001800bd27488180af0800e0030000000050
:020000040000fa
:020000041d04d9
:1025ac00e8ffbd271000b0af1400bfaf630d410fa3
:1025bc008b000424049d023c8449508c09f80002d1
:1025cc007481848ffdff40140180033c4cb2642461
:1025dc000800858c1400bf8f1000b08f0c0085ace8
:1025ec001800bd27608180af0800e00300000000e8
:020000040000fa
:020000041d04d9
:1025fc00e8ffbd271000b0af1400bfaf630d410f53
:10260c008d000424049d023c8449508c09f800027e
:10261c008c81848ffdff40140180033c5cb26424e8
:10262c000800858c1400bf8f1000b08f0c0085ac97
:10263c001800bd27788180af0800e003000000007f
:020000040000fa
:020000041d04d9
:10264c00e8ffbd271000b0af1400bfaf630d410f02
:10265c007c000424049d023c9c49508c09f8000227
:10266c00a481848ffdff40140180033c6cb2642470
:10267c000800858c1400bf8f1000b08f0c0085ac47
:10268c001800bd27908180af0800e0030000000017
:020000040000fa
:020000041d04d9
:10269c00e8ffbd271000b0af1400bfaf630d410fb2
:1026ac008e000424049d023c8449508c09f80002dd
:1026bc00bc81848ffdff40140180033c7cb26424f8
:1026cc000800858c1400bf8f1000b08f0c0085acf7
:1026dc001800bd27a88180af0800e00300000000af
:020000040000fa
:020000041d04d9
:1026ec00e8ffbd271000b0af1400bfaf630d410f62
:1026fc007e000424049d023c9c49508c09f8000285
:10270c00d481848ffdff40140180033c8cb264247f
:10271c000800858c1400bf8f1000b08f0c0085aca6
:10272c001800bd27c08180af0800e0030000000046
:020000040000fa
:020000041d04d9
:10273c00e8ffbd271000b0af1400bfaf630d410f11
:10274c007d000424049d023c9c49508c09f8000235
:10275c00ec81848ffdff40140180033c9cb2642407
:10276c000800858c1400bf8f1000b08f0c0085ac56
:10277c001800bd27d88180af0800e00300000000de
:020000040000fa
:020000041d04d9
:10278c00e8ffbd271000b0af1400bfaf630d410fc1
:10279c007b000424049d023cb449508c09f80002cf
:1027ac000482848ffdff40140180033cacb264248e
:1027bc000800858c1400bf8f1000b08f0c0085ac06
:1027cc001800bd27f08180af0800e0030000000076
:020000040000fa
:020000041d04d9
:1027dc00e8ffbd271000b0af1400bfaf630d410f71
:1027ec007a000424049d023cb449508c09f8000280
:1027fc001c82848ffdff40140180033cbcb2642416
:10280c000800858c1400bf8f1000b08f0c0085acb5
:10281c001800bd27088280af0800e003000000000c
:020000040000fa
:020000041d04d9
:10282c00e8ffbd271000b0af1400bfaf630d410f20
:10283c0079000424049d023cb449508c09f8000230
:10284c003482848ffdff40140180033cccb264249d
:10285c000800858c1400bf8f1000b08f0c0085ac65
:10286c001800bd27208280af0800e00300000000a4
:020000040000fa
:020000041d04d9
:10287c00e8ffbd271000b0af1400bfaf630d410fd0
:10288c0078000424049d023cb449508c09f80002e1
:10289c004c82848ffdff40140180033cdcb2642425
:1028ac000800858c1400bf8f1000b08f0c0085ac15
:1028bc001800bd27388280af0800e003000000003c
:020000040000fa
:020000041d04d9
:1028cc00e8ffbd271000b0af1400bfaf630d410f80
:1028dc0001000424049d023c9049508c09f800022c
:1028ec006482848ffdff40140180033cecb26424ad
:1028fc000800858c1400bf8f1000b08f0c0085acc5
:10290c001800bd27508280af0800e00300000000d3
:020000040000fa
:020000041d04d9
:10291c00e8ffbd2725300000002005241400bfafc0
:10292c00670e410f020004249b0d410f0500042487
:10293c000040062400400524670e410f02000424c9
:10294c009b0d410f050004241400bf8f00200624aa
:10295c000020052402000424670e410b1800bd273b
:020000040000fa
:020000041d04d9
:10296c00e8ffbd2725300000080005241400bfaf88
:10297c00670e410f020004249b0d410f0500042437
:10298c000400062404000524670e410f02000424f1
:10299c009b0d410f050004241400bf8f0800062472
:1029ac000800052402000424670e410b1800bd2703
:020000040000fa
:020000041d04d9
:1029bc00e8ffbd271400bfaf2a0f410f8600042487
:1029cc009c82848fffff0224070082109882998fcb
:1029dc000f0083300100052404286500ce10410f40
:1029ec00022104009882998f030020131400bf8fda
:1029fc00080020031800bd270800e0031800bd27bd
:020000040000fa
:020000041d04d9
:102a0c00e8ffbd271400bfaf2a0f410f8900042433
:102a1c00b882848fffff022407008210b482998f42
:102a2c000f0083300100052404286500c710410ff6
:102a3c0002210400b482998f030020131400bf8f6d
:102a4c00080020031800bd270800e0031800bd276c
:020000040000fa
:020000041d04d9
:102a5c00e8ffbd271400bfaf2a0f410f8b000424e1
:102a6c00c082848fffff022407008210bc82998fe2
:102a7c000f0083300100052404286500c710410fa6
:102a8c0002210400bc82998f030020131400bf8f15
:102a9c00080020031800bd270800e0031800bd271c
:020000040000fa
:020000041d04d9
:102aac00e8ffbd271400bfaf2a0f410f8d0004248f
:102abc00dc82848fffff022407008210d882998f5a
:102acc000f0083300100052404286500c710410f56
:102adc0002210400d882998f030020131400bf8fa9
:102aec00080020031800bd270800e0031800bd27cc
:020000040000fa
:020000041d04d9
:102afc00e0ffbd271800b1af1400b0af1c00bfaf92
:102b0c002580a0005906410f2588c0000500401003
:102b1c001c00bf8f1800b18f1400b08f0800e003a9
:102b2c002000bd2701000224050022a2252000025e
:102b3c001800b18f1400b08fd306410b2000bd27b5
:020000040000fa
:020000041d04d9
:102b4c002a18e50007006014010002240500a754b0
:102b5c00251000002b18c400030060142a40a700a5
:102b6c00251000002a40a7000600001501000324d0
:102b7c000300e5142b3086000300c05423104300df
:102b8c0025180000231043000800e0030100422434
:020000040000fa
:020000041d04d9
:102b9c008200a22806004010830003248000a52890
:102bac000600a0500000c28c0800e00325100000b5
:102bbc000900a314251000000000c28c0700422459
:102bcc000410027c080043240000c3ac000040d475
:102bdc0001000224000080f40800e0030000000063
:020000040000fa
:020000041d04d9
:102bec00ffff832425108000feff642c0d00801055
:102bfc0000000000e40047900a00e0100000000014
:102c0c00f400488c1c00448c0800198dec0046ac78
:102c1c00029d063ce80045ac5877c624080020030a
:0c2c2c00252840000800e0030000000024
:020000040000fa
:020000041d04d9
:102c3800e8ffbd271000b0af0080103c4803028eab
:102c48001400bfaf1b07410f0000458c060040046d
:102c5800010003244803028e0a000424e112410ff4
:102c68000000458cc21f02001400bf8f1000b08ff7
:0c2c7800231003000800e0031800bd2733
:020000040000fa
:020000041d04d9
:102c840002632c46039d023c803f40d4039d023cda
:102c9400b03e42d4039d023c2160404c02612c466c
:102ca400883f42d4039d023ca120024c903f40d473
:102cb400039d023c983f46d42960c04c02632446dd
:0c2cc40021004c4c0800e00320002046da
:020000040000fa
:020000041d04d9
:102cd000e0ffbd271400b0af258080001c00042455
:102ce0001800b1af1c00bfaf5e07410f2588a000e0
:102cf000010003243c0011ae1c00bf8f1800b18fef
:102d0000380003a21400b08f252840001c000424c2
:082d10005c0e410b2000bd2701
:020000040000fa
:020000041d04d9
:102d18000000828ce0ffbd270000478c1400a6af9e
:102d2800019d063c1800b0af1000a5af25808000bb
:102d380090a3c624440084241c00bfafbc0f410fdd
:102d4800000205241c00bf8f252000021800b08f48
:082d5800d306410b2000bd274a
:020000040000fa
:020000041d04d9
:102d60000f00c01025100000ffffc624251800002a
:102d700021108300000042902138a300070040107a
:102d80000000e7900600e050231047000400c35005
:102d900023104700f6ff471001006324231047006b
:082da0000800e0030000000040
:020000040000fa
:020000041d04d9
:102da800e8ffbd271000b0af258080000000848cac
:102db8001400bfafed12410f0000000025184000bd
:102dc80005006004ffff02240400028ec418027c80
:102dd800040002ae251000001400bf8f1000b08f51
:082de8000800e0031800bd27fc
:020000040000fa
:020000041d04d9
:102df00082602c46039d023cc03f44d4039d023cac
:102e0000c83f48d4039d023cd03f4ad4039d023cb6
:102e10002911044dd83f48d482612246021022462f
:102e2000a9100a4d020026462113864d2100844d2b
:082e30000800e0032000204629
:020000040000fa
:020000041d04d9
:102e3800ffff8224feff432c0c00601000000000fe
:102e4800000085900900a010000000000c00868c8e
:102e5800010007245800c48c040080148000c7a017
:102e68005d00c890010000515d00c7a00800e003a4
:042e78000000000056
:020000040000fa
:020000041d04d9
:102e7c00c899009dcc99009ddc99009dec99009d12
:102e8c00009a009d149a009d249a009d309a009df2
:102e9c00409a009d549a009d649a009d809a009dd2
:102eac00a09a009dc49a009df09a009d089b009ddd
:042ebc00189b009dc2
:020000040000fa
:020000041d04d9
:102ec000e0ffbd271000a6271800b0af1c00bfaf61
:102ed000a7a0400f2580a000070040141c00bf8f52
:102ee0001000a48f3bdb400f1400a58fd306410fc9
:102ef000252000021c00bf8f1800b08f0800e003df
:042f00002000bd27c9
:020000040000fa
:020000041d04d9
:102f040000606041c000000099aa033c80bf023cfd
:102f140055666324300040ac300043ac6655033c36
:102f2400aa996334300043ac80bf023c01000324ff
:102f3400581243ac80bf023c5012428cc30b410b6d
:042f44000000000089
:020000040000fa
:020000041d04d9
:102f4800e8ffbd271000b0af1400bfaf0a0d410f56
:102f580025808000080040141400bf8f0800038eed
:102f68000c00048e180003ae140003ae2118640090
:102f7800280003ae1400bf8f1000b08f0800e003d4
:042f88001800bd2749
:020000040000fa
:020000041d04d9
:102f8c0009024300020100c03209040000010202e0
:102f9c00010005240020010424020205240600017e
:102fac00052401000107058103100002090401003a
:102fbc00020a000000070502024000000705820219
:032fcc00400000c2
:020000040000fa
:020000041d04d9
:102fd00009024300020100c032090400000102029c
:102fe000010005240020010424020205240600013a
:102ff00005240100010705810310000209040100f6
:10300000020a000000070502020002000705820212
:03301000000200bb
:020000040000fa
:020000041d04d9
:10301400ffff8224feff482c2528c0001000a38f48
:10302400090000112530e000e40087900600e0105c
:1030340000000000f400898c1c00848c2000398d71
:1030440008002003ffff67300800e00384ff022428
:020000040000fa
:020000041d04d9
:1030540009008014020003240880023cc4a5422411
:103064000800448c0400831400000000e400459030
:103074000300a010010006240800e003ffff02245f
:1030840001000724e40046a00800e003e00047ac88
:020000040000fa
:020000041d04d9
:10309400e0ffbd271400b0af000c103c1c00bfaf14
:1030a400b111410f1800b1afff020426b511410f51
:1030b400258840001c00bf8fff0202362410220224
:1030c4001400b08f1800b18f0800e0032000bd2762
:020000040000fa
:020000041d04d9
:1030d4000180023cfcb246240c00c38c0800c48c62
:1030e4002b2883000500a0500400c78c0800cb8c5b
:1030f400ffff6c240800e00323108b010800c88c38
:1031040021486700ffff2a250800e0032310480137
:020000040000fa
:020000041d04d9
:103114000180023c3cb346240c00c38c0800c48ce0
:103124002b2883000500a0500400c78c0800cb8c1a
:10313400ffff6c240800e00323108b010800c88cf7
:1031440021486700ffff2a250800e00323104801f7
:020000040000fa
:020000041d04d9
:10315400e8ffbd271000b0af1400bfaf9710410fb8
:1031640025808000030a053c007aa4242130440011
:103174001400bf8f2b10c20021184300080006aeb4
:103184000c0003ae1000b08f0800e0031800bd2748
:020000040000fa
:020000041d04d9
:103194000c00801000000000e8ffbd271400bfaf42
:1031a400450c410f000000000200442c1400bf8fa6
:1031b400020003240b106400feff42240800e00315
:0c31c4001800bd27450c410b0000000066
:020000040000fa
:020000041d04d9
:1031d0000c00801000000000e8ffbd271400bfaf06
:1031e0009112410f000000000200442c1400bf8f18
:1031f000020003240b106400feff42240800e003d9
:0c3200001800bd279112410b00000000d7
:020000040000fa
:020000041d04d9
:10320c000000aa8c0400a98c0800a88c0c00a78cc8
:10321c001000a68c1400a38c1800a28c04008aac9d
:10322c00080089ac0c0088ac100087ac140086ac8c
:0c323c00180083ac0800e0031c0082ac0a
:020000040000fa
:020000041d04d9
:10324800e882838f060062280a0040108028030065
:103258002130a3000880093c80380600e8a92a2507
:103268000100682421104701e88288af0800e003c4
:0c327800000044ac0800e003251000003a
:020000040000fa
:020000041d04d9
:10328400f482838f040062280a004010802803001f
:103294002130a3000880093c80380600ccaa2a25e6
:1032a4000100682421104701f48288af0800e0037c
:0c32b400000044ac0800e00325100000fe
:020000040000fa
:020000041d04d9
:1032c0000083838f040062280a00401080280300d6
:1032d0002130a3000880093c803806001cab2a2559
:1032e0000100682421104701008388af0800e00333
:0c32f000000044ac0800e00325100000c2
:020000040000fa
:020000041d04d9
:1032fc000c83838f040062280a004010802803008e
:10330c002130a3000880093c803806006cab2a25cc
:10331c0001006824211047010c8388af0800e003ea
:0c332c00000044ac0800e0032510000085
:020000040000fa
:020000041d04d9
:103338001883838f040062280a0040108028030045
:103348002130a3000880093c80380600bcab2a2540
:103358000100682421104701188388af0800e003a2
:0c336800000044ac0800e0032510000049
:020000040000fa
:020000041d04d9
:103374002483838f040062280a00401080280300fd
:103384002130a3000880093c803806000cac2a25b3
:103394000100682421104701248388af0800e0035a
:0c33a400000044ac0800e003251000000d
:020000040000fa
:020000041d04d9
:1033b000e8ffbd27019d063c1000b0af2538a000f6
:1033c00025808000cca1c624440084241400bfaf13
:1033d000bc0f410f000205241400bf8f25200002fe
:0c33e0001000b08fd306410b1800bd2771
:020000040000fa
:020000041d04d9
:1033ec000080023ce0ffbd274803428c2400a5afbf
:1033fc002800a6af2c00a7af252880000000448c25
:10340c002400a6271c00bfaf190d410f1000a6af5a
:0c341c001c00bf8f0800e0032000bd274b
:020000040000fa
:020000041d04d9
:1034280048008280ffff432425104300480082a003
:103438000400828c0400433005006050400080acda
:1034480010004234040082ac0800e003ffff0224ad
:0c3458003c0080ac0800e00325100000e0
:020000040000fa
:020000041d04d9
:10346400e0ffbd271800b0af1000a6af2580800094
:103474001c00bfafef5f400f1000a6270400038eaf
:103484001c00bf8f10006330ffff04241800b08fae
:0c3494000b1083000800e0032000bd279f
:020000040000fa
:020000041d04d9
:1034a000e0ffbd271800b0af1000a6af2580800058
:1034b0001c00bfaf4850400f1000a6270400038e29
:1034c0001c00bf8f10006330ffff04241800b08f72
:0c34d0000b1083000800e0032000bd2763
:020000040000fa
:020000041d04d9
:1034dc000800c0102510800020000324231866006b
:1034ec000600601c0620c5000610c5002520000043
:1034fc00252880000800e0032518a0000610c20053
:10350c0004286500faff0010251045000800c010c3
:10351c002510800020000324231866000600601c80
:10352c000428c5000428c4002520000025108000b4
:10353c000800e0032518a000061062000420c40057
:08354c00faff00102528a2007f
:020000040000fa
:020000041d04d9
:10355400ffff8224feff432c0900601000000000de
:10356400000086900600c010000000000c00848c4f
:103574005400878c0000e8900430a87c0000e8a088
:083584000800e0030000000054
:020000040000fa
:020000041d04d9
:10358c0086bf023c02290400003a05000f0084307b
:10359c0084004624a400482401000324044883002a
:1035ac002150c70021580701000049ad000069ad4a
:0835bc000800e003000000001c
:020000040000fa
:020000041d04d9
:1035c400ffff8224feff432c09006010000000006e
:1035d400e40087900600e01000000000d40085acf1
:1035e400c80080accc0086ac0800e00325100000c5
:0835f4000800e0038bff022434
:020000040000fa
:020000041d04d9
:1035fc0009008014000000000900a0100000000069
:10360c000880023c5cac4324200065ac240066ac12
:10361c000800e003251000000800e00388ff0224e6
:08362c000800e00383ff022403
:020000040000fa
:020000041d04d9
:103634006c00a68c7000a98c7800a38c7c00a88cec
:103644004c00a7904000a590251080002a5003014b
:103654002a202601000045a0010047a0020044a042
:083664000800e00303004aa086
:020000040000fa
:020000041d04d9
:10366c0080180400211064008030020084bf053ce7
:10367c002138c4001002a48c804007001002a98cd1
:10368c00235024012b584801fcff6015000000005a
:08369c000800e003000000003b
:020000040000fa
:020000041d04d9
:1036a4000b00c01000000000000082900000a390f6
:1036b40003004310231043000800e003000000004f
:1036c400ffffc62401008424f5ff00100100a52497
:0836d4000800e00325100000ce
:020000040000fa
:020000041d04d9
:1036dc00251080000a00c010ff00a5300300001068
:1036ec00213086000600c21000000000000043904c
:1036fc00fcff6554010042240800e00300000000b8
:08370c000800e0032510000095
:020000040000fa
:020000041d04d9
:10371400000000000000000000aaaaaaaaaaaaaaff
:10372400aaeeeeeeeeeeeeeeeefeffffffffffff83
:10373400ffffffffff7fbfdfeff7fbfdfc7ebfdf77
:05374400eff7fbfd7e24
:020000040000fa
:020000041d04d9
:10374c00ffff8224feff432c0800601000000000e5
:10375c00e40086900500c01000000000f400878c87
:10376c002400f98c080020031c00848c0800e00362
:04377c0084ff0224a0
:020000040000fa
:020000041d04d9
:10378000ffff8224feff432c0800601000000000b1
:10379000e40087900500e01000000000f400888c31
:1037a0003800198d080020031c00848c0800e003f9
:0437b00083ff02246d
:020000040000fa
:020000041d04d9
:1037b400ffff8224feff432c08006010000000007d
:1037c400e40086900500c01000000000f400878c1f
:1037d4004000f98c080020031c00848c0800e003de
:0437e40083ff022439
:020000040000fa
:020000041d04d9
:1037e80000000000000000000000000000000000d1
:1037f8000000000000000000010000004c46049d8d
:10380800c839049d0100000000000000000000000d
:04381800e0aa0080a2
:020000040000fa
:020000041d04d9
:10381c00e8ffbd271000b0af258080001400bfafbb
:10382c005e07410f1c0004241400bf8f380000a257
:10383c001000b08f252840001c0004245c0e410ba6
:04384c001800bd277c
:020000040000fa
:020000041d04d9
:10385000ffff8224feff432c0700601000000000e1
:10386000000085900400a01000000000000080a06f
:10387000040080ac0c0080ac0800e00300000000f5
:020000040000fa
:020000041d04d9
:103880005800838c5400828c060040a4080040a499
:10389000040060100f0005240b0045a0dc6b400bfa
:1038a000400005240b0040a0dc6b400b40000524c9
:020000040000fa
:020000041d04d9
:1038b000e8ffbd272520a0002528c0001000b0afdc
:1038c0001400bfafcbd1400f2580c0001400bf8fc4
:1038d000251000021000b08f0800e0031800bd277b
:020000040000fa
:020000041d04d9
:1038e0000000000000308ebf0100000084000000d6
:1038f0008500000001000000010000000000000041
:1039000000000000000000000000000000000000b7
:020000040000fa
:020000041d04d9
:10391000e8ffbd271000b0af808090270000048e24
:103920001400bfaf7f85400f000000000400048e2c
:103930001400bf8f1000b08f3f80400b1800bd27d0
:020000040000fa
:020000041d04d9
:10394000c8ffbd272530a000252880003400bfaf68
:10395000119c400f1000a4272c00a28f3400bf8fb1
:10396000000043903800bd270800e00301006238e2
:020000040000fa
:020000041d04d9
:103970000800a0104219040081bf023c0029030086
:10398000c0004624010008242138c5000420880016
:0c3990000800e4ac0800e00300000000a8
:020000040000fa
:020000041d04d9
:10399c0086bf023c00220400300047240a18e47c55
:1039ac002140e400263066002428c5002648a300e8
:0c39bc00000009ad0800e003000000005e
:020000040000fa
:020000041d04d9
:1039c800b046049d01000000c44b049db046049d10
:1039d80001000000c84b049d03000000f400009d96
:0c39e800e849049de849049d000000002f
:020000040000fa
:020000041d04d9
:1039f400080080100000000001000324040085acce
:103a0400080086ac0c0087ac100083a076fe400b47
:0c3a1400000000000800e00300000000bb
:020000040000fa
:020000041d04d9
:103a2000080080100000000001000324040085aca1
:103a3000080086ac0c0087ac100083a097fe400bfa
:0c3a4000000000000800e003000000008f
:020000040000fa
:020000041d04d9
:103a4c00080080100000000001000324040085ac75
:103a5c00080086ac0c0087ac100083a0b8fe400bad
:0c3a6c00000000000800e0030000000063
:020000040000fa
:020000041d04d9
:103a7800080080100000000001000324040085ac49
:103a8800080086ac0c0087ac100083a0d9fe400b60
:0c3a9800000000000800e0030000000037
:020000040000fa
:020000041d04d9
:103aa400080080100000000001000324040085ac1d
:103ab400080086ac0c0087ac100083a0fafe400b13
:0c3ac400000000000800e003000000000b
:020000040000fa
:020000041d04d9
:103ad000080080100000000001000324040085acf1
:103ae000080086ac0c0087ac100083a01bff400bc5
:0c3af000000000000800e00300000000df
:020000040000fa
:020000041d04d9
:103afc00e8ffbd271400bfaf2a0f410f8700042435
:103b0c002c83998f030020131400bf8f080020030f
:0c3b1c001800bd270800e0031800bd27ba
:020000040000fa
:020000041d04d9
:103b28000800c0102510800021308600251880006c
:103b38000000a790010063240100a524fcffc31422
:0c3b4800ffff67a00800e0030000000081
:020000040000fa
:020000041d04d9
:103b54000000828007004010000000002510800053
:103b640001004380feff6014010042240800e003ca
:0c3b7400231044000800e00325100000ae
:020000040000fa
:020000041d04d9
:103b8000000082800000a38003004314ff00633024
:103b90000400405401008424ff0042300800e00388
:0c3ba00023104300f6ff00100100a524d4
:020000040000fa
:020000041d04d9
:103bac00e0ffbd27ffff0224ffff03241000a2af9c
:103bbc001400a3af1c00bfaf58ee400f0000000074
:0c3bcc001c00bf8f0800e0032000bd2794
:020000040000fa
:020000041d04d9
:103bd800e0ffbd27251000000080033c1000a2afc5
:103be8001400a3af1c00bfaf58ee400f0000000048
:0c3bf8001c00bf8f0800e0032000bd2768
:020000040000fa
:020000041d04d9
:103c04004000838c3c00868c500085ac23106600f9
:103c14000400a010540082ac2a10a20001004054f9
:0c3c24002118c5000800e0034c0083ac30
:020000040000fa
:020000041d04d9
:103c30004219040081bf023c00290300c000462451
:103c4000010008242138c500042088000800e4ace5
:083c50000800e0030000000081
:020000040000fa
:020000041d04d9
:103c58004219040081bf023c00290300c000462429
:103c6800010008242138c500042088000400e4acc1
:083c78000800e0030000000059
:020000040000fa
:020000041d04d9
:103c80004219040081bf023c002903004000462481
:103c9000010008242138c500042088000800e4ac95
:083ca0000800e0030000000031
:020000040000fa
:020000041d04d9
:103ca8004219040081bf023c002903004000462459
:103cb800010008242138c500042088000400e4ac71
:083cc8000800e0030000000009
:020000040000fa
:020000041d04d9
:103cd0000700801000000000f8ffbd270400bfaf00
:103ce000206062410400bf8f0800e0030800bd2788
:083cf0000800e00300000000e1
:020000040000fa
:020000041d04d9
:103cf8000600822c06004010019d063c049d033cf2
:103d080080200400784565240800e0030a10a47c9c
:083d18000800e003c499c22475
:020000040000fa
:020000041d04d9
:103d20001800a88c1c00a78c2000a68c2400a38c53
:103d300025108000000088ac040087ac080086ac29
:083d40000800e0030c0083ac55
:020000040000fa
:020000041d04d9
:103d48000300822c06004010019d063c049d033ca4
:103d5800802004001c4965240800e0030a10a47ca4
:083d68000800e003c499c22425
:020000040000fa
:020000041d04d9
:103d70000300822c06004010019d063c049d033c7c
:103d800080200400584965240800e0030a10a47c40
:083d90000800e003c499c224fd
:020000040000fa
:020000041d04d9
:103d98001100822c06004010019d063c049d033c46
:103da800802004007c2e65240800e0030a10a47c0f
:083db8000800e003c499c224d5
:020000040000fa
:020000041d04d9
:103dc0000700c01025108000202c057c21308600c3
:103dd0002518800001006324feffc314ffff65a0c7
:083de0000800e00300000000f0
:020000040000fa
:020000041d04d9
:103de800e0ffbd272800a6af2800a6271c00bfaf0c
:103df8002c00a7af6f05410f1000a6af1c00bf8fa6
:083e08000800e0032000bd27c3
:020000040000fa
:020000041d04d9
:103e10000070674400606344006002442520e000b5
:103e20000000824400f0657c04f0047c2518a400a6
:083e30000800e0030000e34478
:020000040000fa
:020000041d04d9
:103e3800e8ffbd271000b0af1400bfafb710410fa7
:103e4800258080001400bf8f251000021000b08f5d
:083e58000800e0031800bd277b
:020000040000fa
:020000041d04d9
:103e6000240378002d0069006f00200054006500d5
:103e7000630068006e006f006c006f0067006900ef
:043e80006500730066
:020000040000fa
:020000041d04d9
:103e8400e0ffbd271000a627252800001c00bfafb7
:103e9400036d400f1000a0af1c00bf8f0800e003ab
:043ea4002000bd2716
:020000040000fa
:020000041d04d9
:103ea800200083349fff63241a00632c03006014ee
:103eb80001000224d0ff84240a00822c0800e003b9
:043ec80000000000f6
:020000040000fa
:020000041d04d9
:103ecc00d0ff83240a00632c040060140100022438
:103edc00200084349fff84240600822c0800e00319
:043eec0000000000d2
:020000040000fa
:020000041d04d9
:103ef000e0ffbd272c00a7af2c00a7271c00bfaff9
:103f000001e7400f1000a7af1c00bf8f0800e003bf
:043f10002000bd27a9
:020000040000fa
:020000041d04d9
:103f1400010101010101010101010101010100008f
:103f2400000000000000000000000000000000008d
:033f34000000008a
:020000040000fa
:020000041d04d9
:103f3800010101010101010101010101010000006c
:103f48000000000000000000000000000000000069
:033f580000000066
:020000040000fa
:020000041d04d9
:103f5c004219040081bf023cc00046240029030022
:103f6c000a38c57c062087000800e0030100823077
:020000040000fa
:020000041d04d9
:103f7c004219040081bf023c400046240029030082
:103f8c000a38c57c062087000800e0030100823057
:020000040000fa
:020000041d04d9
:103f9c00f8ffbd270400bfaf00606241c000000005
:103fac000400bf8f010042300800e0030800bd2769
:020000040000fa
:020000041d04d9
:103fbc00888082c300000124888081e3fcff2010ec
:103fcc00000000000f0000000800e00300000000eb
:020000040000fa
:020000041d04d9
:103fdc00a08082c300000124a08081e3fcff20109c
:103fec00000000000f0000000800e00300000000cb
:020000040000fa
:020000041d04d9
:103ffc00b88082c300000124b88081e3fcff20104c
:10400c00000000000f0000000800e00300000000aa
:020000040000fa
:020000041d04d9
:10401c00d08082c300000124d08081e3fcff2010fb
:10402c00000000000f0000000800e003000000008a
:020000040000fa
:020000041d04d9
:10403c00e88082c300000124e88081e3fcff2010ab
:10404c00000000000f0000000800e003000000006a
:020000040000fa
:020000041d04d9
:10405c00008182c300000124008181e3fcff201059
:10406c00000000000f0000000800e003000000004a
:020000040000fa
:020000041d04d9
:10407c00188182c300000124188181e3fcff201009
:10408c00000000000f0000000800e003000000002a
:020000040000fa
:020000041d04d9
:10409c00308182c300000124308181e3fcff2010b9
:1040ac00000000000f0000000800e003000000000a
:020000040000fa
:020000041d04d9
:1040bc00488182c300000124488181e3fcff201069
:1040cc00000000000f0000000800e00300000000ea
:020000040000fa
:020000041d04d9
:1040dc00608182c300000124608181e3fcff201019
:1040ec00000000000f0000000800e00300000000ca
:020000040000fa
:020000041d04d9
:1040fc00788182c300000124788181e3fcff2010c9
:10410c00000000000f0000000800e00300000000a9
:020000040000fa
:020000041d04d9
:10411c00908182c300000124908181e3fcff201078
:10412c00000000000f0000000800e0030000000089
:020000040000fa
:020000041d04d9
:10413c00a88182c300000124a88181e3fcff201028
:10414c00000000000f0000000800e0030000000069
:020000040000fa
:020000041d04d9
:10415c00c08182c300000124c08181e3fcff2010d8
:10416c00000000000f0000000800e0030000000049
:020000040000fa
:020000041d04d9
:10417c00d88182c300000124d88181e3fcff201088
:10418c00000000000f0000000800e0030000000029
:020000040000fa
:020000041d04d9
:10419c00f08182c300000124f08181e3fcff201038
:1041ac00000000000f0000000800e0030000000009
:020000040000fa
:020000041d04d9
:1041bc00088282c300000124088281e3fcff2010e6
:1041cc00000000000f0000000800e00300000000e9
:020000040000fa
:020000041d04d9
:1041dc00208282c300000124208281e3fcff201096
:1041ec00000000000f0000000800e00300000000c9
:020000040000fa
:020000041d04d9
:1041fc00388282c300000124388281e3fcff201046
:10420c00000000000f0000000800e00300000000a8
:020000040000fa
:020000041d04d9
:10421c00508282c300000124508281e3fcff2010f5
:10422c00000000000f0000000800e0030000000088
:020000040000fa
:020000041d04d9
:10423c00ffff82241400432c0300601040008424f0
:10424c000800e003ff0082300800e0030a000224ab
:020000040000fa
:020000041d04d9
:10425c0084bf053c2883848f1002a28c2883838f13
:10426c00fcff6414000000000800e00300000000e4
:020000040000fa
:020000041d04d9
:10427c000400998c04002013d40105241000868cb2
:10428c0008002003140084240800e0030000000050
:020000040000fa
:020000041d04d9
:10429c000a00000064000000e80300001027000082
:1042ac00a086010040420f008096980000e1f505c1
:1042bc006937ac3168212233b40f14336821a2332f
:1042cc003863ed3eda0f493f5e987b3fda0fc93f0a
:020000040000fa
:020000041d04d9
:1042dc000000a380251080000100a5240100842487
:1042ec00fbff6014ffff83a00800e0030000000048
:020000040000fa
:020000041d04d9
:1042fc0000008c90ffffc624010084240000aca0b9
:10430c00fbffc0140100a5240800e0032510800069
:020000040000fa
:020000041d04d9
:10431c0086bf023c00220400380043242130640094
:0c432c000000c5ac0800e0030000000029
:020000040000fa
:020000041d04d9
:1043380086bf023c0022040034004324213064007c
:0c4348000000c5ac0800e003000000000d
:020000040000fa
:020000041d04d9
:10435400b4e6039d44e7039dd4e7039d6cd9039d14
:0c43640000c4039da4c4039d8c63039d52
:020000040000fa
:020000041d04d9
:1043700064e8039df4e8039d84e9039d0cda039d42
:0c43800048c5039decc5039db864039d77
:020000040000fa
:020000041d04d9
:10438c0014ea039da4ea039d34eb039dacda039d70
:0c439c0090c6039d34c7039de465039d9b
:020000040000fa
:020000041d04d9
:1043a800c4eb039d54ec039de4ec039d4cdb039d9f
:0c43b800d8c7039d7cc8039d1067039dbf
:020000040000fa
:020000041d04d9
:1043c40074ed039d04ee039d94ee039decdb039dcd
:0c43d40020c9039dc4c9039d3c68039de3
:020000040000fa
:020000041d04d9
:1043e0008c1a049d940e049d1c29049dccf4029dfe
:0c43f0006ced029d44ef029de8c0029db0
:020000040000fa
:020000041d04d9
:1043fc00ec1a049d0c0f049d6c29049da0f6029de3
:0c440c001cf1029df4f2029dd8c2029d3a
:020000040000fa
:020000041d04d9
:104418000400801000000000100082900800e003f3
:0c442800ff0042300800e00325100000f7
:020000040000fa
:020000041d04d9
:104434000400801000000000100082900800e003d7
:0c444400ff0042300800e00325100000db
:020000040000fa
:020000041d04d9
:104450000400801000000000100082900800e003bb
:0c446000ff0042300800e00325100000bf
:020000040000fa
:020000041d04d9
:10446c000400801000000000100082900800e0039f
:0c447c00ff0042300800e00325100000a3
:020000040000fa
:020000041d04d9
:104488000400801000000000100082900800e00383
:0c449800ff0042300800e0032510000087
:020000040000fa
:020000041d04d9
:1044a4000400801000000000100082900800e00367
:0c44b400ff0042300800e003251000006b
:020000040000fa
:020000041d04d9
:1044c000bfff83241a00632c0200601025108000b7
:0c44d000200082340800e003000000001f
:020000040000fa
:020000041d04d9
:1044dc002c00998c0300201300000000080020031e
:0c44ec00000000002c0e410b0000848c2e
:020000040000fa
:020000041d04d9
:1044f8009fff83241a00632c02006010251080009f
:0c4508005f0082300800e00300000000ab
:020000040000fa
:020000041d04d9
:104518000000200201020006000000000b08000055
:0845280001000000000000008a
:020000040000fa
:020000041d04d9
:1045300086bf023c00220400200043240a10647c51
:084540000800e0030000000088
:020000040000fa
:020000041d04d9
:104548007c80829302004014010103247c8083a7ad
:084558000800e0030000000070
:020000040000fa
:020000041d04d9
:10456000f8ffbd270400bfaf0068024000700240a2
:08457000ffff00100000000035
:020000040000fa
:020000041d04d9
:104578009097009d9897009da497009db097009de7
:08458800c497009dd897009d27
:020000040000fa
:020000041d04d9
:104590002883828f0e00042401004324288383afe4
:0845a0002a0f410b000000008e
:020000040000fa
:020000041d04d9
:1045a8001000c28c2538a0002530800004004594f6
:0845b800699e400b0000448cd9
:020000040000fa
:020000041d04d9
:1045c0001000c28c2538a0002530800004004594de
:0845d000dfe2400b0000448c07
:020000040000fa
:020000041d04d9
:1045d80000601a40bfff1b3cffff7b3724d05b0302
:0845e80000609a401800004237
:020000040000fa
:020000041d04d9
:1045f00000600444006065440000844400f0a37c33
:084600000800e0030000e344a0
:020000040000fa
:020000041d04d9
:10460800ffffc6240000a0a0fdffc0140100a524e0
:084618000800e00325108000fa
:020000040000fa
:020000041d04d9
:1046200068076c094c836a9074a07ac0008068881f
:0646300000846c82008191
:020000040000fa
:020000041d04d9
:104638008c58039d2c78039dccbe039d0000000080
:044648004845049d40
:020000040000fa
:020000041d04d9
:10464c000300000001000200000000000449049d6a
:04465c003846049d3b
:020000040000fa
:020000041d04d9
:1046600000c2010000000000000000000000000087
:044670000000000046
:020000040000fa
:020000041d04d9
:10467400251080001400c48c2530a00010fc400bd1
:0446840025284000a5
:020000040000fa
:020000041d04d9
:10468800251080001400c48c2530a00033fc400b9a
:044698002528400091
:020000040000fa
:020000041d04d9
:10469c000846049dfc42049d9c0d049d9c0d049dac
:0446ac003418049d1d
:020000040000fa
:020000041d04d9
:1046b0001201000202000040d8040a0000010102b9
:0246c0000001f7
:020000040000fa
:020000041d04d9
:1046c40080bf023c4012428c0800e003000000005e
:020000040000fa
:020000041d04d9
:1046d40080bf023c441244ac0800e0030000000028
:020000040000fa
:020000041d04d9
:1046e400e8ffbd271400bfaf5811410f00000000c0
:020000040000fa
:020000041d04d9
:1046f400e8ffbd271400bfaf5811410f00000000b0
:020000040000fa
:020000041d04d9
:10470400e8ffbd271400bfaf5811410f000000009f
:020000040000fa
:020000041d04d9
:1047140010035400770069006e007400690067009c
:020000040000fa
:020000041d04d9
:10472400d03c029ddc22049dac93029dbc3f049dc1
:020000040000fa
:020000041d04d9
:10473400443f029d2c23049dbc95029ddc3f049db7
:020000040000fa
:020000041d04d9
:10474400b841029d7c23049dcc97029dfc3f049daf
:020000040000fa
:020000041d04d9
:104754002c44029dcc23049ddc99029d1c40049da5
:020000040000fa
:020000041d04d9
:10476400a046029d1c24049dec9b029d3c40049d9c
:020000040000fa
:020000041d04d9
:104774001449029d6c24049dfc9d029d5c40049d93
:020000040000fa
:020000041d04d9
:10478400884b029dbc24049d0ca0029d7c40049d8a
:020000040000fa
:020000041d04d9
:10479400fc4d029d0c25049d1ca2029d9c40049d81
:020000040000fa
:020000041d04d9
:1047a4007050029d5c25049d2ca4029dbc40049d78
:020000040000fa
:020000041d04d9
:1047b400e452029dac25049d3ca6029ddc40049d70
:020000040000fa
:020000041d04d9
:1047c4005855029dfc25049d4ca8029dfc40049d67
:020000040000fa
:020000041d04d9
:1047d400cc57029d4c26049d5caa029d1c41049d5d
:020000040000fa
:020000041d04d9
:1047e400405a029d9c26049d6cac029d3c41049d54
:020000040000fa
:020000041d04d9
:1047f400b45c029dec26049d7cae029d5c41049d4c
:020000040000fa
:020000041d04d9
:10480400285f029d3c27049d8cb0029d7c41049d41
:020000040000fa
:020000041d04d9
:104814009c61029d8c27049d9cb2029d9c41049d39
:020000040000fa
:020000041d04d9
:104824001064029ddc27049dacb4029dbc41049d30
:020000040000fa
:020000041d04d9
:104834008466029d2c28049dbcb6029ddc41049d27
:020000040000fa
:020000041d04d9
:10484400f868029d7c28049dccb8029dfc41049d1f
:020000040000fa
:020000041d04d9
:104854006c6b029dcc28049ddcba029d1c42049d15
:020000040000fa
:020000041d04d9
:1048640040100400010043340800e003ff006230fc
:020000040000fa
:020000041d04d9
:1048740081bf023c6010438c0800e003c001627ced
:020000040000fa
:020000041d04d9
:10488400a082838fa882828f0800e0032b1062002d
:020000040000fa
:020000041d04d9
:1048940081bf023ca012438c0800e003c001627c8b
:020000040000fa
:020000041d04d9
:1048a40081bf023c2014438c0800e003c001627cf9
:020000040000fa
:020000041d04d9
:1048b400c482838fcc82828f0800e0032b106200b5
:020000040000fa
:020000041d04d9
:1048c40081bf023ca015438c0800e003c001627c58
:020000040000fa
:020000041d04d9
:1048d400251080001400a48ca6e2400b252840007b
:020000040000fa
:020000041d04d9
:1048e4000080023c4803428ce112410b0000458cdd
:020000040000fa
:020000041d04d9
:1048f4000060024400f0427c0800e00300008244af
:020000040000fa
:020000041d00dd
:0c00f4001445049d603e049d1447049dcb
:020000040000fa
:020000041d04d9
:0c490400010000000100000001000000a4
:020000040000fa
:020000041d04d9
:0c4910000000c842000040400000404091
:020000040000fa
:020000041d04d9
:0c491c009097009da497009de897009dd7
:020000040000fa
:020000041d04d9
:0c492800809fd50001000000000000008e
:020000040000fa
:020000041d04d9
:0c4934004c00828c0800e0034c0080acba
:020000040000fa
:020000041d04d9
:0c4940005000828c0800e003500080aca6
:020000040000fa
:020000041d04d9
:0c494c000880023c0800e00338ad4290f7
:020000040000fa
:020000041d04d9
:0c4958009097009d9897009dfc98009d92
:020000040000fa
:020000041d04d9
:0c496400401004000800e003fe00423098
:020000040000fa
:020000041d04d9
:0c497000d5dc3200010000000000000057
:020000040000fa
:020000041d04d9
:0c497c008432049d203a049d3444049dc4
:020000040000fa
:020000041d04d9
:0c498800c032049d4c3a049d5044049d34
:020000040000fa
:020000041d04d9
:0c499400fc32049d783a049d6c44049da4
:020000040000fa
:020000041d04d9
:0c49a0003833049da43a049d8844049d13
:020000040000fa
:020000041d04d9
:0c49ac007433049dd03a049da444049d83
:020000040000fa
:020000041d04d9
:0c49b800358382930800e003ff004230ca
:020000040000fa
:020000041d04d9
:0c49c400348382930800e003ff004230bf
:020000040000fa
:020000041d04d9
:0c49d00000000080db0f4940db0f49c0f5
:020000040000fa
:020000041d04d9
:0b49dc00000205050606070711141471
:020000040000fa
:020000041d04d9
:0a49e8000a06000202000040010070
:020000040000fa
:020000041d04d9
:0849f40031e7400b8080848f45
:020000040000fa
:020000041d04d9
:0849fc000800e00300000000c8
:020000040000fa
:020000041d04d9
:084a04000800e003251000008a
:020000040000fa
:020000041d04d9
:084a0c000800e00300000000b7
:020000040000fa
:020000041d04d9
:084a1400e70f410b0000000058
:020000040000fa
:020000041d04d9
:084a1c00340f410b0000000003
:020000040000fa
:020000041d04d9
:084a24009eff400bc00084243a
:020000040000fa
:020000041d04d9
:084a2c00f3dc400bc000842400
:020000040000fa
:020000041d04d9
:084a34000800e0031080828fee
:020000040000fa
:020000041d04d9
:084a3c0073d6400b00000000de
:020000040000fa
:020000041d04d9
:084a4400350c410b00000000dd
:020000040000fa
:020000041d04d9
:084a4c005cd0400b00000000eb
:020000040000fa
:020000041d04d9
:084a54000c14049d7448049d3c
:020000040000fa
:020000041d04d9
:084a5c00f8ff039d8448049d4e
:020000040000fa
:020000041d04d9
:084a64007800049d9448049db4
:020000040000fa
:020000041d04d9
:084a6c00f800049da448049d1c
:020000040000fa
:020000041d04d9
:084a74007801049db448049d83
:020000040000fa
:020000041d04d9
:084a7c00f801049dc448049deb
:020000040000fa
:020000041d04d9
:084a84000800e0031400822485
:020000040000fa
:020000041d04d9
:084a8c000800e0030500829020
:020000040000fa
:020000041d04d9
:084a940039dd400b00000000b9
:020000040000fa
:020000041d04d9
:084a9c008f12410b0000000025
:020000040000fa
:020000041d04d9
:084aa400a843049d000c000072
:020000040000fa
:020000041d04d9
:084aac00a843049d000800006e
:020000040000fa
:020000041d04d9
:084ab400a843049d000400006a
:020000040000fa
:020000041d04d9
:084abc00a843049d0000000066
:020000040000fa
:020000041d04d9
:084ac4005443049d000c0000a6
:020000040000fa
:020000041d04d9
:084acc005443049d00080000a2
:020000040000fa
:020000041d04d9
:084ad4005443049d000400009e
:020000040000fa
:020000041d04d9
:084adc005443049d000000009a
:020000040000fa
:020000041d04d9
:084ae400c443049d000c000016
:020000040000fa
:020000041d04d9
:084aec00c443049d0008000012
:020000040000fa
:020000041d04d9
:084af400c443049d000400000e
:020000040000fa
:020000041d04d9
:084afc00c443049d000000000a
:020000040000fa
:020000041d04d9
:084b04007043049d000c000049
:020000040000fa
:020000041d04d9
:084b0c007043049d0008000045
:020000040000fa
:020000041d04d9
:084b14007043049d0004000041
:020000040000fa
:020000041d04d9
:084b1c007043049d000000003d
:020000040000fa
:020000041d04d9
:084b24008c43049d000c00000d
:020000040000fa
:020000041d04d9
:084b2c008c43049d0008000009
:020000040000fa
:020000041d04d9
:084b34008c43049d0004000005
:020000040000fa
:020000041d04d9
:084b3c008c43049d0000000001
:020000040000fa
:020000041d04d9
:084b4400e043049d00000000a5
:020000040000fa
:020000041d04d9
:084b4c00550c410b2520c000af
:020000040000fa
:020000041d04d9
:084b54000800e003000000006e
:020000040000fa
:020000041d04d9
:084b5c000800e0030000000066
:020000040000fa
:020000041d04d9
:084b64000800e0032510000029
:020000040000fa
:020000041d04d9
:084b6c000800e0032510000021
:020000040000fa
:020000041d04d9
:084b74001af9400b02000624af
:020000040000fa
:020000041d04d9
:084b7c00cff8400b000000001f
:020000040000fa
:020000041d04d9
:084b84002408410b00000000b1
:020000040000fa
:020000041d04d9
:084b8c002c0e410b0000848c8b
:020000040000fa
:020000041d04d9
:084b9400840f410b000000003a
:020000040000fa
:020000041d04d9
:084b9c007c11410b0000000038
:020000040000fa
:020000041d04d9
:084ba400968e400b000000009a
:020000040000fa
:020000041d04d9
:084bac0005fd400b00000000b4
:020000040000fa
:020000041d04d9
:084bb4000800e00325100000d9
:020000040000fa
:020000041d04d9
:084bbc000800e00325100000d1
:020000040000fa
:020000041d03da
:043e7c000204010833
:020000040000fa
:020000041d04d9
:04451400040309048f
:020000040000fa
:020000041d04d9
:044bc4008c2f049d91
:020000040000fa
:020000041d04d9
:044bc800d02f049d49
:020000040000fa
:020000041d04d9
:044bcc00ffffff00e8
:020000040000fa
:020000041d04d9
:044bd0000000ff00e2
:020000040000fa
:020000041d04d9
:044bd4003b000000a2
:020000040000fa
:020000041d04d9
:044bd800004700a0f2
:020000040000fa
:020000041d04d9
:044bdc005300000082
:020000040000fa
:020000041d04d9
:044be0005c4500a090
:020000040000fa
:020000041d04d9
:044be400530000007a
:020000040000fa
:020000041d04d9
:044be800b04500a034
:020000040000fa
:020000041d04d9
:044bec005300000072
:020000040000fa
:020000041d04d9
:044bf000044600a0d7
:020000040000fa
:020000041d04d9
:044bf400530000006a
:020000040000fa
:020000041d04d9
:044bf800584600a07b
:020000040000fa
:020000041d04d9
:044bfc005300000062
:020000040000fa
:020000041d04d9
:044c0000ac4600a01e
:00000001FF
